ProductID,ProductName,CPU,GPU,RAM,Storage,ScreenSize,BatteryLife,Weight,UseCase,PurchaseURL,DataSource,LastUpdated,ProductCategory,ProductBrand,ProductPriceUSD
10000001,A715-71G-59DH (i5-7300HQ/8GB/1TB/GeForce,Intel Core i5 7300HQ 2.5 GHz,Nvidia GeForce GTX 1050,8GB,1TB HDD,15.6 inch · Full HD 1920x1080,Not specified,2.4 kg,study office portable Gaming Linux,https://www.kaggle.com/datasets/ironwolf437/laptop-price-dataset,Kaggle laptop-price-dataset (Apache-2.0),2026-08-05T06:07:04.985220+00:00,Laptops,Acer,765.72
10000002,Aspire 1,Intel Celeron Quad Core N3450 1.1 GHz,Intel HD Graphics 500,4GB,32GB Flash Storage,14.0 inch · Full HD 1920x1080,Not specified,1.6 kg,study office portable Notebook Windows 10,https://www.kaggle.com/datasets/ironwolf437/laptop-price-dataset,Kaggle laptop-price-dataset (Apache-2.0),2026-08-05T06:07:04.985220+00:00,Laptops,Acer,355.32
10000003,Aspire 3,Intel Celeron Dual Core N3350 2.0 GHz,Intel HD Graphics 500,4GB,1TB HDD,15.6 inch · 1366x768,Not specified,2.1 kg,study office portable Notebook Linux,https://www.kaggle.com/datasets/ironwolf437/laptop-price-dataset,Kaggle laptop-price-dataset (Apache-2.0),2026-08-05T06:07:04.985220+00:00,Laptops,Acer,293.76
10000004,Aspire 3,Intel Celeron Dual Core N3350 2.0 GHz,Intel HD Graphics 500,4GB,500GB HDD,15.6 inch · 1366x768,Not specified,2.1 kg,study office portable Notebook Windows 10,https://www.kaggle.com/datasets/ironwolf437/laptop-price-dataset,Kaggle laptop-price-dataset (Apache-2.0),2026-08-05T06:07:04.985220+00:00,Laptops,Acer,359.64
10000005,Aspire 3,Intel Pentium Quad Core N4200 1.1 GHz,Intel HD Graphics 505,4GB,1TB HDD,15.6 inch · 1366x768,Not specified,2.1 kg,study office portable Notebook Windows 10,https://www.kaggle.com/datasets/ironwolf437/laptop-price-dataset,Kaggle laptop-price-dataset (Apache-2.0),2026-08-05T06:07:04.985220+00:00,Laptops,Acer,392.59
10000006,Aspire 3,Intel Core i3 7130U 2.7 GHz,Intel HD Graphics 620,4GB,1TB HDD,15.6 inch · 1366x768,Not specified,2.1 kg,study office portable Notebook Linux,https://www.kaggle.com/datasets/ironwolf437/laptop-price-dataset,Kaggle laptop-price-dataset (Apache-2.0),2026-08-05T06:07:04.985220+00:00,Laptops,Acer,396.36
10000007,Aspire 3,Intel Core i3 7100U 2.4 GHz,Intel HD Graphics 620,4GB,1TB HDD,15.6 inch · 1366x768,Not specified,2.4 kg,study office portable Notebook Windows 10,https://www.kaggle.com/datasets/ironwolf437/laptop-price-dataset,Kaggle laptop-price-dataset (Apache-2.0),2026-08-05T06:07:04.985220+00:00,Laptops,Acer,414.72
10000008,Aspire 3,AMD A9-Series 9420 3.0 GHz,AMD Radeon R5,4GB,1TB HDD,15.6 inch · 1366x768,Not specified,2.1 kg,study office portable Notebook Windows 10,https://www.kaggle.com/datasets/ironwolf437/laptop-price-dataset,Kaggle laptop-price-dataset (Apache-2.0),2026-08-05T06:07:04.985220+00:00,Laptops,Acer,426.6
10000009,Aspire 3,AMD A9-Series 9420 3.0 GHz,AMD Radeon R5,4GB,500GB HDD,15.6 inch · 1366x768,Not specified,2.1 kg,study office portable Notebook Windows 10,https://www.kaggle.com/datasets/ironwolf437/laptop-price-dataset,Kaggle laptop-price-dataset (Apache-2.0),2026-08-05T06:07:04.985220+00:00,Laptops,Acer,432.0
10000010,Aspire 3,AMD A9-Series 9420 3.0 GHz,AMD Radeon R5,6GB,1TB HDD,15.6 inch · 1366x768,Not specified,2.1 kg,study office portable Notebook Windows 10,https://www.kaggle.com/datasets/ironwolf437/laptop-price-dataset,Kaggle laptop-price-dataset (Apache-2.0),2026-08-05T06:07:04.985220+00:00,Laptops,Acer,441.72
10000011,Aspire 3,Intel Core i3 6006U 2.0 GHz,Intel HD Graphics 520,4GB,128GB SSD,15.6 inch · 1366x768,Not specified,2.1 kg,study office portable Notebook Linux,https://www.kaggle.com/datasets/ironwolf437/laptop-price-dataset,Kaggle laptop-price-dataset (Apache-2.0),2026-08-05T06:07:04.985220+00:00,Laptops,Acer,444.96
10000012,Aspire 3,AMD A9-Series 9420 3.0 GHz,AMD Radeon R5,4GB,128GB SSD,15.6 inch · 1366x768,Not specified,2.1 kg,study office portable Notebook Windows 10,https://www.kaggle.com/datasets/ironwolf437/laptop-price-dataset,Kaggle laptop-price-dataset (Apache-2.0),2026-08-05T06:07:04.985220+00:00,Laptops,Acer,460.08
10000013,Aspire 3,AMD A9-Series 9420 3.0 GHz,AMD Radeon R5,4GB,256GB SSD,15.6 inch · 1366x768,Not specified,2.1 kg,study office portable Notebook Windows 10,https://www.kaggle.com/datasets/ironwolf437/laptop-price-dataset,Kaggle laptop-price-dataset (Apache-2.0),2026-08-05T06:07:04.985220+00:00,Laptops,Acer,487.08
10000014,Aspire 3,Intel Core i5 7200U 2.5 GHz,Intel HD Graphics 620,4GB,256GB SSD,15.6 inch · 1366x768,Not specified,2.1 kg,study office portable Notebook Windows 10,https://www.kaggle.com/datasets/ironwolf437/laptop-price-dataset,Kaggle laptop-price-dataset (Apache-2.0),2026-08-05T06:07:04.985220+00:00,Laptops,Acer,646.92
10000015,Aspire 5,Intel Core i3 6006U 2.0 GHz,Nvidia GeForce GTX 940MX,4GB,500GB HDD,15.6 inch · 1366x768,Not specified,2.2 kg,study office portable Notebook Windows 10,https://www.kaggle.com/datasets/ironwolf437/laptop-price-dataset,Kaggle laptop-price-dataset (Apache-2.0),2026-08-05T06:07:04.985220+00:00,Laptops,Acer,506.52
10000016,Aspire 5,AMD A10-Series 9620P 2.5 GHz,AMD Radeon RX 540,8GB,1TB HDD,15.6 inch · 1366x768,Not specified,2.2 kg,study office portable Notebook Windows 10,https://www.kaggle.com/datasets/ironwolf437/laptop-price-dataset,Kaggle laptop-price-dataset (Apache-2.0),2026-08-05T06:07:04.985220+00:00,Laptops,Acer,625.32
10000017,Aspire 5,Intel Core i3 7130U 2.7 GHz,Nvidia GeForce MX130,4GB,1TB HDD,17.3 inch · IPS Panel Full HD 1920x1080,Not specified,3.0 kg,study office portable Notebook Windows 10,https://www.kaggle.com/datasets/ironwolf437/laptop-price-dataset,Kaggle laptop-price-dataset (Apache-2.0),2026-08-05T06:07:04.985220+00:00,Laptops,Acer,707.4
10000018,Aspire 5,AMD A12-Series 9720P 2.7 GHz,AMD Radeon RX 540,8GB,256GB SSD,15.6 inch · 1366x768,Not specified,2.2 kg,study office portable Notebook Windows 10,https://www.kaggle.com/datasets/ironwolf437/laptop-price-dataset,Kaggle laptop-price-dataset (Apache-2.0),2026-08-05T06:07:04.985220+00:00,Laptops,Acer,711.72
10000019,Aspire 5,Intel Core i7 8550U 1.8 GHz,Nvidia GeForce MX150,8GB,1TB HDD,15.6 inch · Full HD 1920x1080,Not specified,2.2 kg,study office portable Notebook Windows 10,https://www.kaggle.com/datasets/ironwolf437/laptop-price-dataset,Kaggle laptop-price-dataset (Apache-2.0),2026-08-05T06:07:04.985220+00:00,Laptops,Acer,744.12
10000020,Aspire 5,Intel Core i5 8250U 1.6 GHz,Nvidia GeForce MX130,12GB,1TB HDD,15.6 inch · IPS Panel 1366x768,Not specified,2.2 kg,study office portable Notebook Windows 10,https://www.kaggle.com/datasets/ironwolf437/laptop-price-dataset,Kaggle laptop-price-dataset (Apache-2.0),2026-08-05T06:07:04.985220+00:00,Laptops,Acer,749.51
10000021,Aspire 5,Intel Core i3 7130U 2.7 GHz,Nvidia GeForce MX130,4GB,256GB SSD,17.3 inch · IPS Panel Full HD 1920x1080,Not specified,3.0 kg,study office portable Notebook Windows 10,https://www.kaggle.com/datasets/ironwolf437/laptop-price-dataset,Kaggle laptop-price-dataset (Apache-2.0),2026-08-05T06:07:04.985220+00:00,Laptops,Acer,758.16
10000022,Aspire 7,Intel Core i7 7700HQ 2.8 GHz,Nvidia GeForce GTX 1050,8GB,1TB HDD,15.6 inch · Full HD 1920x1080,Not specified,2.4 kg,study office portable Notebook Linux,https://www.kaggle.com/datasets/ironwolf437/laptop-price-dataset,Kaggle laptop-price-dataset (Apache-2.0),2026-08-05T06:07:04.985220+00:00,Laptops,Acer,841.32
10000023,Aspire 7,Intel Core i5 7300HQ 2.5 GHz,Nvidia GeForce GTX 1050,8GB,1TB HDD,15.6 inch · Full HD 1920x1080,Not specified,2.4 kg,study office portable Gaming Linux,https://www.kaggle.com/datasets/ironwolf437/laptop-price-dataset,Kaggle laptop-price-dataset (Apache-2.0),2026-08-05T06:07:04.985220+00:00,Laptops,Acer,861.84
10000024,Aspire 7,Intel Core i7 7700HQ 2.8 GHz,Nvidia GeForce GTX 1050,8GB,1TB HDD,15.6 inch · Full HD 1920x1080,Not specified,2.4 kg,study office portable Notebook Linux,https://www.kaggle.com/datasets/ironwolf437/laptop-price-dataset,Kaggle laptop-price-dataset (Apache-2.0),2026-08-05T06:07:04.985220+00:00,Laptops,Acer,913.68
10000025,Aspire 7,Intel Core i7 7700HQ 2.8 GHz,Nvidia GeForce GTX 1050,8GB,256GB SSD,15.6 inch · Full HD 1920x1080,Not specified,2.5 kg,study office portable Notebook Linux,https://www.kaggle.com/datasets/ironwolf437/laptop-price-dataset,Kaggle laptop-price-dataset (Apache-2.0),2026-08-05T06:07:04.985220+00:00,Laptops,Acer,949.32
10000026,Aspire A315-31,Intel Pentium Quad Core N4200 1.1 GHz,Intel HD Graphics 505,4GB,1TB HDD,15.6 inch · 1366x768,Not specified,2.1 kg,study office portable Notebook Linux,https://www.kaggle.com/datasets/ironwolf437/laptop-price-dataset,Kaggle laptop-price-dataset (Apache-2.0),2026-08-05T06:07:04.985220+00:00,Laptops,Acer,321.84
10000027,Aspire A315-31,Intel Celeron Dual Core N3350 1.1 GHz,Intel HD Graphics 500,4GB,1TB HDD,15.6 inch · 1366x768,Not specified,2.1 kg,study office portable Notebook Windows 10,https://www.kaggle.com/datasets/ironwolf437/laptop-price-dataset,Kaggle laptop-price-dataset (Apache-2.0),2026-08-05T06:07:04.985220+00:00,Laptops,Acer,375.84
10000028,Aspire A315-51,Intel Core i3 6006U 2.0 GHz,Intel HD Graphics 520,4GB,1TB HDD,15.6 inch · 1366x768,Not specified,2.1 kg,study office portable Notebook Linux,https://www.kaggle.com/datasets/ironwolf437/laptop-price-dataset,Kaggle laptop-price-dataset (Apache-2.0),2026-08-05T06:07:04.985220+00:00,Laptops,Acer,421.2
10000029,Aspire A315-51,Intel Core i3 6006U 2.0 GHz,Intel HD Graphics 520,4GB,1TB HDD,15.6 inch · 1366x768,Not specified,2.1 kg,study office portable Notebook Windows 10,https://www.kaggle.com/datasets/ironwolf437/laptop-price-dataset,Kaggle laptop-price-dataset (Apache-2.0),2026-08-05T06:07:04.985220+00:00,Laptops,Acer,482.76
10000030,Aspire A315-51,Intel Core i3 6006U 2.0 GHz,Intel HD Graphics 520,4GB,128GB SSD,15.6 inch · 1366x768,Not specified,2.1 kg,study office portable Notebook Windows 10,https://www.kaggle.com/datasets/ironwolf437/laptop-price-dataset,Kaggle laptop-price-dataset (Apache-2.0),2026-08-05T06:07:04.985220+00:00,Laptops,Acer,484.92
10000031,Aspire A515-51G,Intel Core i7 7500U 2.7 GHz,Nvidia GeForce 940MX,4GB,500GB HDD,15.6 inch · Full HD 1920x1080,Not specified,2.2 kg,study office portable Notebook Windows 10,https://www.kaggle.com/datasets/ironwolf437/laptop-price-dataset,Kaggle laptop-price-dataset (Apache-2.0),2026-08-05T06:07:04.985220+00:00,Laptops,Acer,690.12
10000032,Aspire A515-51G,Intel Core i5 8250U 1.6 GHz,Intel UHD Graphics 620,4GB,256GB SSD,15.6 inch · IPS Panel Full HD 1920x1080,Not specified,2.2 kg,study office portable Notebook Windows 10,https://www.kaggle.com/datasets/ironwolf437/laptop-price-dataset,Kaggle laptop-price-dataset (Apache-2.0),2026-08-05T06:07:04.985220+00:00,Laptops,Acer,736.56
10000033,Aspire A515-51G,Intel Core i7 8550U 1.8 GHz,Nvidia GeForce MX130,8GB,1TB HDD,15.6 inch · IPS Panel Full HD 1920x1080,Not specified,2.2 kg,study office portable Notebook Windows 10,https://www.kaggle.com/datasets/ironwolf437/laptop-price-dataset,Kaggle laptop-price-dataset (Apache-2.0),2026-08-05T06:07:04.985220+00:00,Laptops,Acer,804.6
10000034,Aspire A515-51G,Intel Core i7 8550U 1.8 GHz,Nvidia GeForce MX150,8GB,256GB SSD,15.6 inch · IPS Panel Full HD 1920x1080,Not specified,2.2 kg,study office portable Notebook Windows 10,https://www.kaggle.com/datasets/ironwolf437/laptop-price-dataset,Kaggle laptop-price-dataset (Apache-2.0),2026-08-05T06:07:04.985220+00:00,Laptops,Acer,908.28
10000035,Aspire A515-51G-32MX,Intel Core i3 7130U 2.7 GHz,Nvidia GeForce MX130,4GB,1TB HDD,15.6 inch · Full HD 1920x1080,Not specified,2.2 kg,study office portable Notebook Windows 10,https://www.kaggle.com/datasets/ironwolf437/laptop-price-dataset,Kaggle laptop-price-dataset (Apache-2.0),2026-08-05T06:07:04.985220+00:00,Laptops,Acer,572.4
10000036,Aspire A515-51G-37JS,Intel Core i3 7130U 2.7 GHz,Nvidia GeForce MX130,4GB,256GB SSD,15.6 inch · Full HD 1920x1080,Not specified,2.2 kg,study office portable Notebook Windows 10,https://www.kaggle.com/datasets/ironwolf437/laptop-price-dataset,Kaggle laptop-price-dataset (Apache-2.0),2026-08-05T06:07:04.985220+00:00,Laptops,Acer,617.76
10000037,Aspire A515-51G-59QF,Intel Core i5 8250U 1.6 GHz,Nvidia GeForce MX150,4GB,1TB HDD,15.6 inch · IPS Panel Full HD 1920x1080,Not specified,2.2 kg,study office portable Notebook Windows 10,https://www.kaggle.com/datasets/ironwolf437/laptop-price-dataset,Kaggle laptop-price-dataset (Apache-2.0),2026-08-05T06:07:04.985220+00:00,Laptops,Acer,662.04
10000038,Aspire A517-51G,Intel Core i5 8250U 1.6 GHz,Nvidia GeForce MX150,4GB,256GB SSD,17.3 inch · IPS Panel Full HD 1920x1080,Not specified,3.0 kg,study office portable Notebook Windows 10,https://www.kaggle.com/datasets/ironwolf437/laptop-price-dataset,Kaggle laptop-price-dataset (Apache-2.0),2026-08-05T06:07:04.985220+00:00,Laptops,Acer,869.4
10000039,Aspire A517-51G,Intel Core i5 8250U 1.6 GHz,Nvidia GeForce MX150,8GB,256GB SSD,17.3 inch · IPS Panel Full HD 1920x1080,Not specified,3.0 kg,study office portable Notebook Windows 10,https://www.kaggle.com/datasets/ironwolf437/laptop-price-dataset,Kaggle laptop-price-dataset (Apache-2.0),2026-08-05T06:07:04.985220+00:00,Laptops,Acer,922.32
10000040,Aspire A517-51G,Intel Core i7 8550U 1.8 GHz,Nvidia GeForce MX150,8GB,256GB SSD,15.6 inch · IPS Panel Full HD 1920x1080,Not specified,3.0 kg,study office portable Notebook Windows 10,https://www.kaggle.com/datasets/ironwolf437/laptop-price-dataset,Kaggle laptop-price-dataset (Apache-2.0),2026-08-05T06:07:04.985220+00:00,Laptops,Acer,1027.08
10000041,Aspire A715-71G,Intel Core i7 7700HQ 2.8 GHz,Nvidia GeForce GTX 1050 Ti,8GB,256GB SSD,15.6 inch · Full HD 1920x1080,Not specified,2.5 kg,study office portable Notebook Linux,https://www.kaggle.com/datasets/ironwolf437/laptop-price-dataset,Kaggle laptop-price-dataset (Apache-2.0),2026-08-05T06:07:04.985220+00:00,Laptops,Acer,1057.32
10000042,Aspire E5-475,Intel Core i3 6006U 2.0 GHz,Intel HD Graphics 520,8GB,1TB HDD,14.0 inch · 1366x768,Not specified,2.1 kg,study office portable Notebook Windows 10,https://www.kaggle.com/datasets/ironwolf437/laptop-price-dataset,Kaggle laptop-price-dataset (Apache-2.0),2026-08-05T06:07:04.985220+00:00,Laptops,Acer,420.12
10000043,Aspire E5-575,Intel Core i3 7100U 2.4 GHz,Intel HD Graphics 620,4GB,1TB HDD,15.6 inch · Full HD 1920x1080,Not specified,2.4 kg,study office portable Notebook Windows 10,https://www.kaggle.com/datasets/ironwolf437/laptop-price-dataset,Kaggle laptop-price-dataset (Apache-2.0),2026-08-05T06:07:04.985220+00:00,Laptops,Acer,538.92
10000044,Aspire E5-575,Intel Core i5 7200U 2.5 GHz,Intel HD Graphics 620,6GB,1TB HDD,15.6 inch · 1366x768,Not specified,2.23 kg,study office portable Notebook Windows 10,https://www.kaggle.com/datasets/ironwolf437/laptop-price-dataset,Kaggle laptop-price-dataset (Apache-2.0),2026-08-05T06:07:04.985220+00:00,Laptops,Acer,592.92
10000045,Aspire E5-576G,Intel Core i3 6006U 2.0 GHz,Nvidia GeForce 940MX,4GB,1TB HDD,15.6 inch · Full HD 1920x1080,Not specified,2.23 kg,study office portable Notebook Windows 10,https://www.kaggle.com/datasets/ironwolf437/laptop-price-dataset,Kaggle laptop-price-dataset (Apache-2.0),2026-08-05T06:07:04.985220+00:00,Laptops,Acer,587.52
10000046,Aspire E5-576G,Intel Core i5 7200U 2.5 GHz,Nvidia GeForce 940MX,4GB,1TB HDD,15.6 inch · Full HD 1920x1080,Not specified,2.23 kg,study office portable Notebook Windows 10,https://www.kaggle.com/datasets/ironwolf437/laptop-price-dataset,Kaggle laptop-price-dataset (Apache-2.0),2026-08-05T06:07:04.985220+00:00,Laptops,Acer,665.28
10000047,Aspire E5-576G,Intel Core i5 7200U 2.5 GHz,Nvidia GeForce 940MX,4GB,256GB SSD,15.6 inch · Full HD 1920x1080,Not specified,2.23 kg,study office portable Notebook Windows 10,https://www.kaggle.com/datasets/ironwolf437/laptop-price-dataset,Kaggle laptop-price-dataset (Apache-2.0),2026-08-05T06:07:04.985220+00:00,Laptops,Acer,746.28
10000048,Aspire E5-576G,Intel Core i7 7500U 2.7 GHz,Nvidia GeForce 940MX,8GB,1TB HDD,15.6 inch · Full HD 1920x1080,Not specified,2.23 kg,study office portable Notebook Windows 10,https://www.kaggle.com/datasets/ironwolf437/laptop-price-dataset,Kaggle laptop-price-dataset (Apache-2.0),2026-08-05T06:07:04.985220+00:00,Laptops,Acer,801.36
10000049,Aspire E5-576G,Intel Core i7 7500U 2.7 GHz,Nvidia GeForce 940MX,8GB,256GB SSD,15.6 inch · Full HD 1920x1080,Not specified,2.2 kg,study office portable Notebook Windows 10,https://www.kaggle.com/datasets/ironwolf437/laptop-price-dataset,Kaggle laptop-price-dataset (Apache-2.0),2026-08-05T06:07:04.985220+00:00,Laptops,Acer,898.56
10000050,Aspire E5-774G,Intel Core i3 6006U 2.0 GHz,Nvidia GeForce 940MX,8GB,1TB HDD,17.3 inch · 1600x900,Not specified,3.3 kg,study office portable Notebook Windows 10,https://www.kaggle.com/datasets/ironwolf437/laptop-price-dataset,Kaggle laptop-price-dataset (Apache-2.0),2026-08-05T06:07:04.985220+00:00,Laptops,Acer,679.32
10000051,Aspire ES1-523,AMD A8-Series 7410 2.2 GHz,AMD Radeon R5,4GB,500GB HDD,15.6 inch · 1366x768,Not specified,2.4 kg,study office portable Notebook Windows 10,https://www.kaggle.com/datasets/ironwolf437/laptop-price-dataset,Kaggle laptop-price-dataset (Apache-2.0),2026-08-05T06:07:04.985220+00:00,Laptops,Acer,417.96
10000052,Aspire ES1-523,AMD A8-Series 7410 2.2 GHz,AMD Radeon R5,8GB,1TB HDD,15.6 inch · 1366x768,Not specified,2.4 kg,study office portable Notebook Windows 10,https://www.kaggle.com/datasets/ironwolf437/laptop-price-dataset,Kaggle laptop-price-dataset (Apache-2.0),2026-08-05T06:07:04.985220+00:00,Laptops,Acer,484.92
10000053,Aspire ES1-531,Intel Celeron Dual Core N3060 1.6 GHz,Intel HD Graphics 400,4GB,500GB HDD,15.6 inch · 1366x768,Not specified,2.4 kg,study office portable Notebook Linux,https://www.kaggle.com/datasets/ironwolf437/laptop-price-dataset,Kaggle laptop-price-dataset (Apache-2.0),2026-08-05T06:07:04.985220+00:00,Laptops,Acer,312.12
10000054,Aspire ES1-533,Intel Pentium Quad Core N4200 1.1 GHz,Intel HD Graphics 505,4GB,500GB HDD,15.6 inch · 1366x768,Not specified,2.4 kg,study office portable Notebook Windows 10,https://www.kaggle.com/datasets/ironwolf437/laptop-price-dataset,Kaggle laptop-price-dataset (Apache-2.0),2026-08-05T06:07:04.985220+00:00,Laptops,Acer,410.4
10000055,Aspire ES1-572,Intel Core i3 6006U 2.0 GHz,Intel HD Graphics 520,4GB,500GB HDD,15.6 inch · 1366x768,Not specified,2.4 kg,study office portable Notebook Linux,https://www.kaggle.com/datasets/ironwolf437/laptop-price-dataset,Kaggle laptop-price-dataset (Apache-2.0),2026-08-05T06:07:04.985220+00:00,Laptops,Acer,390.74
10000056,Aspire ES1-572,Intel Core i3 6006U 2.0 GHz,Intel HD Graphics 520,4GB,500GB HDD,15.6 inch · 1366x768,Not specified,2.4 kg,study office portable Notebook Windows 10,https://www.kaggle.com/datasets/ironwolf437/laptop-price-dataset,Kaggle laptop-price-dataset (Apache-2.0),2026-08-05T06:07:04.985220+00:00,Laptops,Acer,443.66
10000057,Aspire ES1-572,Intel Core i5 7200U 2.5 GHz,Intel HD Graphics 620,4GB,500GB HDD,15.6 inch · 1366x768,Not specified,2.4 kg,study office portable Notebook Linux,https://www.kaggle.com/datasets/ironwolf437/laptop-price-dataset,Kaggle laptop-price-dataset (Apache-2.0),2026-08-05T06:07:04.985220+00:00,Laptops,Acer,477.14
10000058,Aspire F5-573G,Intel Core i5 7200U 2.5 GHz,Nvidia GeForce GTX 950M,8GB,256GB SSD + 1TB HDD,15.6 inch · Full HD 1920x1080,Not specified,2.4 kg,study office portable Notebook Windows 10,https://www.kaggle.com/datasets/ironwolf437/laptop-price-dataset,Kaggle laptop-price-dataset (Apache-2.0),2026-08-05T06:07:04.985220+00:00,Laptops,Acer,862.92
10000059,Aspire F5-573G-510L,Intel Core i5 7200U 2.5 GHz,Nvidia GeForce GTX 950M,12GB,128GB SSD + 1TB HDD,15.6 inch · Full HD 1920x1080,Not specified,2.4 kg,study office portable Notebook Windows 10,https://www.kaggle.com/datasets/ironwolf437/laptop-price-dataset,Kaggle laptop-price-dataset (Apache-2.0),2026-08-05T06:07:04.985220+00:00,Laptops,Acer,1089.72
10000060,Aspire R7,Intel Core i5 6200U 2.3 GHz,Intel HD Graphics 520,8GB,256GB SSD,13.3 inch · IPS Panel Full HD / Touchscreen 1920x1080,Not specified,1.6 kg,study office portable 2 in 1 Convertible Windows 10,https://www.kaggle.com/datasets/ironwolf437/laptop-price-dataset,Kaggle laptop-price-dataset (Apache-2.0),2026-08-05T06:07:04.985220+00:00,Laptops,Acer,744.12
10000061,Aspire R7,Intel Core i7 6500U 2.5 GHz,Intel HD Graphics 520,8GB,256GB SSD,13.3 inch · IPS Panel Full HD / Touchscreen 1920x1080,Not specified,1.6 kg,study office portable 2 in 1 Convertible Windows 10,https://www.kaggle.com/datasets/ironwolf437/laptop-price-dataset,Kaggle laptop-price-dataset (Apache-2.0),2026-08-05T06:07:04.985220+00:00,Laptops,Acer,852.13
10000062,Aspire VX5-591G,Intel Core i5 7300HQ 2.5 GHz,Nvidia GeForce GTX 1050 Ti,16GB,256GB SSD,15.6 inch · Full HD 1920x1080,Not specified,2.5 kg,study office portable Gaming Windows 10,https://www.kaggle.com/datasets/ironwolf437/laptop-price-dataset,Kaggle laptop-price-dataset (Apache-2.0),2026-08-05T06:07:04.985220+00:00,Laptops,Acer,1402.92
10000063,C740-C9QX (3205U/2GB/32GB/Chrome,Intel Celeron Dual Core 3205U 1.5 GHz,Intel HD Graphics,2GB,32GB SSD,11.6 inch · 1366x768,Not specified,1.3 kg,study office portable Netbook Chrome OS,https://www.kaggle.com/datasets/ironwolf437/laptop-price-dataset,Kaggle laptop-price-dataset (Apache-2.0),2026-08-05T06:07:04.985220+00:00,Laptops,Acer,187.92
10000064,CB5-132T-C9KK (N3160/4GB/32GB/Chrome,Intel Celeron Quad Core N3160 1.6 GHz,Intel HD Graphics 400,4GB,32GB Flash Storage,11.6 inch · IPS Panel Touchscreen 1366x768,Not specified,1.25 kg,study office portable 2 in 1 Convertible Chrome OS,https://www.kaggle.com/datasets/ironwolf437/laptop-price-dataset,Kaggle laptop-price-dataset (Apache-2.0),2026-08-05T06:07:04.985220+00:00,Laptops,Acer,409.32
10000065,Chromebook 11,Intel Celeron Dual Core N3060 1.6 GHz,Intel HD Graphics 400,4GB,32GB Flash Storage,11.6 inch · IPS Panel 1366x768,Not specified,1.35 kg,study office portable Netbook Chrome OS,https://www.kaggle.com/datasets/ironwolf437/laptop-price-dataset,Kaggle laptop-price-dataset (Apache-2.0),2026-08-05T06:07:04.985220+00:00,Laptops,Acer,383.4
10000066,Chromebook 14,Intel Celeron Dual Core N3060 1.6 GHz,Intel HD Graphics 400,2GB,32GB Flash Storage,14.0 inch · 1366x768,Not specified,1.68 kg,study office portable Notebook Chrome OS,https://www.kaggle.com/datasets/ironwolf437/laptop-price-dataset,Kaggle laptop-price-dataset (Apache-2.0),2026-08-05T06:07:04.985220+00:00,Laptops,Acer,356.4
10000067,Chromebook 14,Intel Celeron Dual Core N3060 1.6 GHz,Intel HD Graphics 400,4GB,32GB Flash Storage,14.0 inch · 1366x768,Not specified,1.68 kg,study office portable Notebook Chrome OS,https://www.kaggle.com/datasets/ironwolf437/laptop-price-dataset,Kaggle laptop-price-dataset (Apache-2.0),2026-08-05T06:07:04.985220+00:00,Laptops,Acer,376.92
10000068,Chromebook 14,Intel Celeron Dual Core 3855U 1.6 GHz,Intel HD Graphics 510,4GB,32GB Flash Storage,14.0 inch · 1366x768,Not specified,1.45 kg,study office portable Notebook Chrome OS,https://www.kaggle.com/datasets/ironwolf437/laptop-price-dataset,Kaggle laptop-price-dataset (Apache-2.0),2026-08-05T06:07:04.985220+00:00,Laptops,Acer,405.0
10000069,Chromebook 15,Intel Celeron Dual Core 3205U 1.5 GHz,Intel HD Graphics,4GB,16GB SSD,15.6 inch · 1366x768,Not specified,2.2 kg,study office portable Notebook Chrome OS,https://www.kaggle.com/datasets/ironwolf437/laptop-price-dataset,Kaggle laptop-price-dataset (Apache-2.0),2026-08-05T06:07:04.985220+00:00,Laptops,Acer,225.72
10000070,Chromebook C731-C78G,Intel Celeron Dual Core N3060 1.6 GHz,Intel HD Graphics 400,4GB,32GB Flash Storage,11.6 inch · IPS Panel 1366x768,Not specified,1.25 kg,study office portable Netbook Chrome OS,https://www.kaggle.com/datasets/ironwolf437/laptop-price-dataset,Kaggle laptop-price-dataset (Apache-2.0),2026-08-05T06:07:04.985220+00:00,Laptops,Acer,320.76
10000071,Chromebook C738T-C2EJ,Intel Celeron Dual Core N3060 1.6 GHz,Intel HD Graphics 400,4GB,32GB Flash Storage,11.6 inch · IPS Panel Touchscreen 1366x768,Not specified,1.25 kg,study office portable 2 in 1 Convertible Chrome OS,https://www.kaggle.com/datasets/ironwolf437/laptop-price-dataset,Kaggle laptop-price-dataset (Apache-2.0),2026-08-05T06:07:04.985220+00:00,Laptops,Acer,420.12
10000072,Chromebook C910-C2ST,Intel Celeron Dual Core 3205U 1.5 GHz,Intel HD Graphics,2GB,16GB SSD,15.6 inch · 1366x768,Not specified,2.19 kg,study office portable Notebook Chrome OS,https://www.kaggle.com/datasets/ironwolf437/laptop-price-dataset,Kaggle laptop-price-dataset (Apache-2.0),2026-08-05T06:07:04.985220+00:00,Laptops,Acer,214.92
10000073,Chromebook CB5-571-C1DZ,Intel Celeron Dual Core 3205U 1.5 GHz,Intel HD Graphics,4GB,16GB Flash Storage,15.6 inch · IPS Panel Full HD 1920x1080,Not specified,2.2 kg,study office portable Notebook Chrome OS,https://www.kaggle.com/datasets/ironwolf437/laptop-price-dataset,Kaggle laptop-price-dataset (Apache-2.0),2026-08-05T06:07:04.985220+00:00,Laptops,Acer,387.72
10000074,E5 774G,Intel Core i3 6006U 2.0 GHz,Nvidia GeForce 940MX,4GB,1TB HDD,17.3 inch · 1600x900,Not specified,3.3 kg,study office portable Notebook Windows 10,https://www.kaggle.com/datasets/ironwolf437/laptop-price-dataset,Kaggle laptop-price-dataset (Apache-2.0),2026-08-05T06:07:04.985220+00:00,Laptops,Acer,645.84
10000075,ES1-523-84K7 (A8-7410/8GB/256GB/FHD/W10),AMD A8-Series 7410 2.2 GHz,AMD Radeon R5,8GB,256GB SSD,15.6 inch · Full HD 1920x1080,Not specified,2.23 kg,study office portable Notebook Windows 10,https://www.kaggle.com/datasets/ironwolf437/laptop-price-dataset,Kaggle laptop-price-dataset (Apache-2.0),2026-08-05T06:07:04.985220+00:00,Laptops,Acer,506.52
10000076,Extensa EX2540,Intel Core i3 6006U 2.0 GHz,Intel HD Graphics 520,4GB,500GB HDD,15.6 inch · 1366x768,Not specified,2.4 kg,study office portable Notebook Windows 10,https://www.kaggle.com/datasets/ironwolf437/laptop-price-dataset,Kaggle laptop-price-dataset (Apache-2.0),2026-08-05T06:07:04.985220+00:00,Laptops,Acer,486.0
10000077,Extensa EX2540-58KR,Intel Core i5 7200U 2.5 GHz,Intel HD Graphics 620,4GB,500GB HDD,15.6 inch · 1366x768,Not specified,2.4 kg,study office portable Notebook Windows 10,https://www.kaggle.com/datasets/ironwolf437/laptop-price-dataset,Kaggle laptop-price-dataset (Apache-2.0),2026-08-05T06:07:04.985220+00:00,Laptops,Acer,603.72
10000078,Nitro 5,Intel Core i7 7700HQ 2.8 GHz,Nvidia GeForce GTX 1050,8GB,128GB SSD + 1TB HDD,15.6 inch · IPS Panel Full HD 1920x1080,Not specified,2.7 kg,study office portable Gaming Windows 10,https://www.kaggle.com/datasets/ironwolf437/laptop-price-dataset,Kaggle laptop-price-dataset (Apache-2.0),2026-08-05T06:07:04.985220+00:00,Laptops,Acer,1360.8
10000079,Nitro AN515-51,Intel Core i5 7300HQ 2.5 GHz,Nvidia GeForce GTX 1050,8GB,256GB SSD,15.6 inch · IPS Panel Full HD 1920x1080,Not specified,2.5 kg,study office portable Gaming Windows 10,https://www.kaggle.com/datasets/ironwolf437/laptop-price-dataset,Kaggle laptop-price-dataset (Apache-2.0),2026-08-05T06:07:04.985220+00:00,Laptops,Acer,913.68
10000080,Predator 17,Intel Core i7 6700HQ 2.6 GHz,Nvidia GeForce GTX 1060,16GB,128GB SSD + 1TB HDD,17.3 inch · IPS Panel Full HD 1920x1080,Not specified,4.2 kg,study office portable Gaming Windows 10,https://www.kaggle.com/datasets/ironwolf437/laptop-price-dataset,Kaggle laptop-price-dataset (Apache-2.0),2026-08-05T06:07:04.985220+00:00,Laptops,Acer,2089.8
10000081,Predator G9-793,Intel Core i7 7700HQ 2.8 GHz,Nvidia GeForce GTX 1060,16GB,256GB SSD + 1TB HDD,17.3 inch · IPS Panel Full HD 1920x1080,Not specified,4.2 kg,study office portable Gaming Windows 10,https://www.kaggle.com/datasets/ironwolf437/laptop-price-dataset,Kaggle laptop-price-dataset (Apache-2.0),2026-08-05T06:07:04.985220+00:00,Laptops,Acer,2482.92
10000082,Predator G9-793,Intel Core i7 7700HQ 2.8 GHz,Nvidia GeForce GTX 1070,16GB,256GB SSD + 1TB HDD,17.3 inch · IPS Panel Full HD 1920x1080,Not specified,4.2 kg,study office portable Gaming Windows 10,https://www.kaggle.com/datasets/ironwolf437/laptop-price-dataset,Kaggle laptop-price-dataset (Apache-2.0),2026-08-05T06:07:04.985220+00:00,Laptops,Acer,2806.92
10000083,SP315-51 (i7-7500U/12GB/1TB/FHD/W10),Intel Core i7 7500U 2.7 GHz,Intel HD Graphics 620,12GB,1TB HDD,15.6 inch · IPS Panel Full HD / Touchscreen 1920x1080,Not specified,2.15 kg,study office portable Notebook Windows 10,https://www.kaggle.com/datasets/ironwolf437/laptop-price-dataset,Kaggle laptop-price-dataset (Apache-2.0),2026-08-05T06:07:04.985220+00:00,Laptops,Acer,711.72
10000084,SP714-51 (i7-7Y75/8GB/256GB/FHD/W10),Intel Core i7 7Y75 1.3 GHz,Intel HD Graphics 615,8GB,256GB SSD,14.0 inch · IPS Panel Full HD / Touchscreen 1920x1080,Not specified,1.2 kg,study office portable 2 in 1 Convertible Windows 10,https://www.kaggle.com/datasets/ironwolf437/laptop-price-dataset,Kaggle laptop-price-dataset (Apache-2.0),2026-08-05T06:07:04.985220+00:00,Laptops,Acer,1240.92
10000085,Spin 3,Intel Core i3 7100U 2.4 GHz,Intel HD Graphics 620,6GB,1TB HDD,15.6 inch · IPS Panel Full HD / Touchscreen 1920x1080,Not specified,2.1 kg,study office portable Notebook Windows 10,https://www.kaggle.com/datasets/ironwolf437/laptop-price-dataset,Kaggle laptop-price-dataset (Apache-2.0),2026-08-05T06:07:04.985220+00:00,Laptops,Acer,517.32
10000086,Spin 5,Intel Core i5 8250U 1.6 GHz,Intel UHD Graphics 620,8GB,256GB SSD,13.3 inch · IPS Panel Full HD / Touchscreen 1920x1080,Not specified,1.5 kg,study office portable 2 in 1 Convertible Windows 10,https://www.kaggle.com/datasets/ironwolf437/laptop-price-dataset,Kaggle laptop-price-dataset (Apache-2.0),2026-08-05T06:07:04.985220+00:00,Laptops,Acer,914.76
10000087,Spin 5,Intel Core i5 8250U 1.6 GHz,Intel UHD Graphics 620,8GB,256GB SSD,13.3 inch · IPS Panel Full HD / Touchscreen 1920x1080,Not specified,1.6 kg,study office portable 2 in 1 Convertible Windows 10,https://www.kaggle.com/datasets/ironwolf437/laptop-price-dataset,Kaggle laptop-price-dataset (Apache-2.0),2026-08-05T06:07:04.985220+00:00,Laptops,Acer,1078.92
10000088,Spin SP111-31,Intel Celeron Dual Core N3350 2.0 GHz,Intel HD Graphics 500,4GB,32GB Flash Storage,11.6 inch · IPS Panel Full HD / Touchscreen 1920x1080,Not specified,1.25 kg,study office portable 2 in 1 Convertible Windows 10,https://www.kaggle.com/datasets/ironwolf437/laptop-price-dataset,Kaggle laptop-price-dataset (Apache-2.0),2026-08-05T06:07:04.985220+00:00,Laptops,Acer,376.92
10000089,Swift 3,Intel Core i3 7100U 2.4 GHz,Intel HD Graphics 620,8GB,128GB SSD,14.0 inch · IPS Panel Full HD 1920x1080,Not specified,1.5 kg,study office portable Notebook Windows 10,https://www.kaggle.com/datasets/ironwolf437/laptop-price-dataset,Kaggle laptop-price-dataset (Apache-2.0),2026-08-05T06:07:04.985220+00:00,Laptops,Acer,668.52
10000090,Swift 3,Intel Core i3 7100U 2.4 GHz,Intel HD Graphics 620,4GB,128GB SSD,14.0 inch · IPS Panel Full HD 1920x1080,Not specified,1.8 kg,study office portable Notebook Windows 10,https://www.kaggle.com/datasets/ironwolf437/laptop-price-dataset,Kaggle laptop-price-dataset (Apache-2.0),2026-08-05T06:07:04.985220+00:00,Laptops,Acer,686.88
10000091,Swift 3,Intel Core i5 8250U 1.6 GHz,Intel UHD Graphics 620,8GB,256GB SSD,14.0 inch · IPS Panel Full HD 1920x1080,Not specified,1.6 kg,study office portable Ultrabook Windows 10,https://www.kaggle.com/datasets/ironwolf437/laptop-price-dataset,Kaggle laptop-price-dataset (Apache-2.0),2026-08-05T06:07:04.985220+00:00,Laptops,Acer,831.6
10000092,Swift 3,Intel Core i7 8550U 1.8 GHz,Intel UHD Graphics 620,8GB,256GB SSD,14.0 inch · IPS Panel Full HD 1920x1080,Not specified,1.6 kg,study office portable Ultrabook Windows 10,https://www.kaggle.com/datasets/ironwolf437/laptop-price-dataset,Kaggle laptop-price-dataset (Apache-2.0),2026-08-05T06:07:04.985220+00:00,Laptops,Acer,954.72
10000093,Swift 3,Intel Core i5 7200U 2.5 GHz,Intel Graphics 620,8GB,256GB SSD,14.0 inch · IPS Panel Full HD 1920x1080,Not specified,1.8 kg,study office portable Ultrabook Windows 10,https://www.kaggle.com/datasets/ironwolf437/laptop-price-dataset,Kaggle laptop-price-dataset (Apache-2.0),2026-08-05T06:07:04.985220+00:00,Laptops,Acer,992.52
10000094,Swift 7,Intel Core i5 7Y54 1.2 GHz,Intel HD Graphics 615,8GB,256GB SSD,13.3 inch · IPS Panel Full HD 1920x1080,Not specified,1.12 kg,study office portable Ultrabook Windows 10,https://www.kaggle.com/datasets/ironwolf437/laptop-price-dataset,Kaggle laptop-price-dataset (Apache-2.0),2026-08-05T06:07:04.985220+00:00,Laptops,Acer,1068.12
10000095,Swift SF114-31-P5HY,Intel Pentium Quad Core N3710 1.6 GHz,Intel HD Graphics 405,4GB,128GB Flash Storage,14.0 inch · 1366x768,Not specified,1.6 kg,study office portable Notebook Windows 10,https://www.kaggle.com/datasets/ironwolf437/laptop-price-dataset,Kaggle laptop-price-dataset (Apache-2.0),2026-08-05T06:07:04.985220+00:00,Laptops,Acer,376.92
10000096,TMX349-G2-M-50FS (i5-7200U/8GB/256GB/FHD/W10),Intel Core i5 7200U 2.5 GHz,Intel HD Graphics 620,8GB,256GB SSD,14.0 inch · IPS Panel Full HD 1920x1080,Not specified,1.56 kg,study office portable Notebook Windows 10,https://www.kaggle.com/datasets/ironwolf437/laptop-price-dataset,Kaggle laptop-price-dataset (Apache-2.0),2026-08-05T06:07:04.985220+00:00,Laptops,Acer,974.16
10000097,TravelMate B,Intel Celeron Dual Core N3060 1.6 GHz,Intel HD Graphics 400,4GB,128GB SSD,11.6 inch · 1366x768,Not specified,1.4 kg,study office portable Netbook Windows 10,https://www.kaggle.com/datasets/ironwolf437/laptop-price-dataset,Kaggle laptop-price-dataset (Apache-2.0),2026-08-05T06:07:04.985220+00:00,Laptops,Acer,469.8
10000098,TravelMate B,Intel Pentium Quad Core N3710 1.6 GHz,Intel HD Graphics 405,4GB,128GB Flash Storage,11.6 inch · 1366x768,Not specified,1.4 kg,study office portable Notebook Windows 10,https://www.kaggle.com/datasets/ironwolf437/laptop-price-dataset,Kaggle laptop-price-dataset (Apache-2.0),2026-08-05T06:07:04.985220+00:00,Laptops,Acer,523.8
10000099,TravelMate B117-M,Intel Celeron Dual Core N3050 1.6 GHz,Intel HD Graphics,4GB,32GB Flash Storage,11.6 inch · 1366x768,Not specified,1.4 kg,study office portable Netbook Windows 10,https://www.kaggle.com/datasets/ironwolf437/laptop-price-dataset,Kaggle laptop-price-dataset (Apache-2.0),2026-08-05T06:07:04.985220+00:00,Laptops,Acer,290.52
10000100,TravelMate P238-M,Intel Core i5 6200U 2.3 GHz,Intel HD Graphics 520,4GB,128GB SSD,13.3 inch · 1366x768,Not specified,1.6 kg,study office portable Notebook Windows 10,https://www.kaggle.com/datasets/ironwolf437/laptop-price-dataset,Kaggle laptop-price-dataset (Apache-2.0),2026-08-05T06:07:04.985220+00:00,Laptops,Acer,707.4
10000101,TravelMate P259-G2,Intel Core i5 7200U 2.5 GHz,Intel HD Graphics 620,4GB,500GB HDD,15.6 inch · 1366x768,Not specified,2.23 kg,study office portable Notebook Windows 10,https://www.kaggle.com/datasets/ironwolf437/laptop-price-dataset,Kaggle laptop-price-dataset (Apache-2.0),2026-08-05T06:07:04.985220+00:00,Laptops,Acer,668.52
10000102,"MacBook 12""",Intel Core M 1.1 GHz,Intel HD Graphics 5300,8GB,256GB Flash Storage,12.0 inch · IPS Panel Retina Display 2304x1440,Not specified,0.92 kg,study office portable Ultrabook Mac OS X,https://www.kaggle.com/datasets/ironwolf437/laptop-price-dataset,Kaggle laptop-price-dataset (Apache-2.0),2026-08-05T06:07:04.985220+00:00,Laptops,Apple,1256.04
10000103,"MacBook 12""",Intel Core M 1.2 GHz,Intel HD Graphics 5300,8GB,512GB Flash Storage,12.0 inch · IPS Panel Retina Display 2304x1440,Not specified,0.92 kg,study office portable Ultrabook Mac OS X,https://www.kaggle.com/datasets/ironwolf437/laptop-price-dataset,Kaggle laptop-price-dataset (Apache-2.0),2026-08-05T06:07:04.985220+00:00,Laptops,Apple,1258.2
10000104,"MacBook 12""",Intel Core M m3 1.2 GHz,Intel HD Graphics 615,8GB,256GB SSD,12.0 inch · IPS Panel Retina Display 2304x1440,Not specified,0.92 kg,study office portable Ultrabook macOS,https://www.kaggle.com/datasets/ironwolf437/laptop-price-dataset,Kaggle laptop-price-dataset (Apache-2.0),2026-08-05T06:07:04.985220+00:00,Laptops,Apple,1363.39
10000105,"MacBook 12""",Intel Core M 1.2 GHz,Intel HD Graphics 515,8GB,512GB Flash Storage,12.0 inch · IPS Panel Retina Display 2304x1440,Not specified,0.92 kg,study office portable Ultrabook Mac OS X,https://www.kaggle.com/datasets/ironwolf437/laptop-price-dataset,Kaggle laptop-price-dataset (Apache-2.0),2026-08-05T06:07:04.985220+00:00,Laptops,Apple,1381.32
10000106,"MacBook 12""",Intel Core M 1.1 GHz,Intel HD Graphics 515,8GB,256GB Flash Storage,12.0 inch · IPS Panel Retina Display 2304x1440,Not specified,0.92 kg,study office portable Ultrabook Mac OS X,https://www.kaggle.com/datasets/ironwolf437/laptop-price-dataset,Kaggle laptop-price-dataset (Apache-2.0),2026-08-05T06:07:04.985220+00:00,Laptops,Apple,1404.0
10000107,"MacBook 12""",Intel Core i5 1.3 GHz,Intel HD Graphics 615,8GB,512GB SSD,12.0 inch · IPS Panel Retina Display 2304x1440,Not specified,0.92 kg,study office portable Ultrabook macOS,https://www.kaggle.com/datasets/ironwolf437/laptop-price-dataset,Kaggle laptop-price-dataset (Apache-2.0),2026-08-05T06:07:04.985220+00:00,Laptops,Apple,1630.8
10000108,Macbook Air,Intel Core i5 1.8 GHz,Intel HD Graphics 6000,8GB,128GB Flash Storage,13.3 inch · 1440x900,Not specified,1.34 kg,study office portable Ultrabook macOS,https://www.kaggle.com/datasets/ironwolf437/laptop-price-dataset,Kaggle laptop-price-dataset (Apache-2.0),2026-08-05T06:07:04.985220+00:00,Laptops,Apple,970.86
10000109,MacBook Air,Intel Core i5 1.6 GHz,Intel HD Graphics 6000,4GB,256GB Flash Storage,11.6 inch · 1366x768,Not specified,1.08 kg,study office portable Ultrabook Mac OS X,https://www.kaggle.com/datasets/ironwolf437/laptop-price-dataset,Kaggle laptop-price-dataset (Apache-2.0),2026-08-05T06:07:04.985220+00:00,Laptops,Apple,1035.72
10000110,MacBook Air,Intel Core i5 1.6 GHz,Intel HD Graphics 6000,8GB,256GB Flash Storage,13.3 inch · 1440x900,Not specified,1.35 kg,study office portable Ultrabook Mac OS X,https://www.kaggle.com/datasets/ironwolf437/laptop-price-dataset,Kaggle laptop-price-dataset (Apache-2.0),2026-08-05T06:07:04.985220+00:00,Laptops,Apple,1077.84
10000111,MacBook Air,Intel Core i5 1.6 GHz,Intel HD Graphics 6000,8GB,128GB Flash Storage,13.3 inch · 1440x900,Not specified,1.35 kg,study office portable Ultrabook Mac OS X,https://www.kaggle.com/datasets/ironwolf437/laptop-price-dataset,Kaggle laptop-price-dataset (Apache-2.0),2026-08-05T06:07:04.985220+00:00,Laptops,Apple,1186.92
10000112,Macbook Air,Intel Core i5 1.8 GHz,Intel HD Graphics 6000,8GB,256GB Flash Storage,13.3 inch · 1440x900,Not specified,1.34 kg,study office portable Ultrabook macOS,https://www.kaggle.com/datasets/ironwolf437/laptop-price-dataset,Kaggle laptop-price-dataset (Apache-2.0),2026-08-05T06:07:04.985220+00:00,Laptops,Apple,1251.4
10000113,MacBook Pro,Intel Core i5 2.3 GHz,Intel Iris Plus Graphics 640,8GB,128GB SSD,13.3 inch · IPS Panel Retina Display 2560x1600,Not specified,1.37 kg,study office portable Ultrabook macOS,https://www.kaggle.com/datasets/ironwolf437/laptop-price-dataset,Kaggle laptop-price-dataset (Apache-2.0),2026-08-05T06:07:04.985220+00:00,Laptops,Apple,1446.87
10000114,MacBook Pro,Intel Core i5 2.0 GHz,Intel Iris Graphics 540,8GB,256GB SSD,13.3 inch · IPS Panel Retina Display 2560x1600,Not specified,1.37 kg,study office portable Ultrabook macOS,https://www.kaggle.com/datasets/ironwolf437/laptop-price-dataset,Kaggle laptop-price-dataset (Apache-2.0),2026-08-05T06:07:04.985220+00:00,Laptops,Apple,1532.52
10000115,MacBook Pro,Intel Core i5 2.3 GHz,Intel Iris Plus Graphics 640,8GB,256GB SSD,13.3 inch · IPS Panel Retina Display 2560x1600,Not specified,1.37 kg,study office portable Ultrabook macOS,https://www.kaggle.com/datasets/ironwolf437/laptop-price-dataset,Kaggle laptop-price-dataset (Apache-2.0),2026-08-05T06:07:04.985220+00:00,Laptops,Apple,1640.03
10000116,MacBook Pro,Intel Core i5 3.1 GHz,Intel Iris Plus Graphics 650,8GB,256GB SSD,13.3 inch · IPS Panel Retina Display 2560x1600,Not specified,1.37 kg,study office portable Ultrabook macOS,https://www.kaggle.com/datasets/ironwolf437/laptop-price-dataset,Kaggle laptop-price-dataset (Apache-2.0),2026-08-05T06:07:04.985220+00:00,Laptops,Apple,1947.89
10000117,MacBook Pro,Intel Core i5 2.9 GHz,Intel Iris Graphics 550,8GB,512GB SSD,13.3 inch · IPS Panel Retina Display 2560x1600,Not specified,1.37 kg,study office portable Ultrabook macOS,https://www.kaggle.com/datasets/ironwolf437/laptop-price-dataset,Kaggle laptop-price-dataset (Apache-2.0),2026-08-05T06:07:04.985220+00:00,Laptops,Apple,2115.61
10000118,MacBook Pro,Intel Core i5 3.1 GHz,Intel Iris Plus Graphics 650,8GB,512GB SSD,13.3 inch · IPS Panel Retina Display 2560x1600,Not specified,1.37 kg,study office portable Ultrabook macOS,https://www.kaggle.com/datasets/ironwolf437/laptop-price-dataset,Kaggle laptop-price-dataset (Apache-2.0),2026-08-05T06:07:04.985220+00:00,Laptops,Apple,2203.2
10000119,MacBook Pro,Intel Core i7 2.2 GHz,Intel Iris Pro Graphics,16GB,256GB Flash Storage,15.4 inch · IPS Panel Retina Display 2880x1800,Not specified,2.04 kg,study office portable Ultrabook Mac OS X,https://www.kaggle.com/datasets/ironwolf437/laptop-price-dataset,Kaggle laptop-price-dataset (Apache-2.0),2026-08-05T06:07:04.985220+00:00,Laptops,Apple,2311.17
10000120,MacBook Pro,Intel Core i7 2.8 GHz,AMD Radeon Pro 555,16GB,256GB SSD,15.4 inch · IPS Panel Retina Display 2880x1800,Not specified,1.83 kg,study office portable Ultrabook macOS,https://www.kaggle.com/datasets/ironwolf437/laptop-price-dataset,Kaggle laptop-price-dataset (Apache-2.0),2026-08-05T06:07:04.985220+00:00,Laptops,Apple,2635.17
10000121,MacBook Pro,Intel Core i7 2.7 GHz,AMD Radeon Pro 455,16GB,512GB SSD,15.4 inch · IPS Panel Retina Display 2880x1800,Not specified,1.83 kg,study office portable Ultrabook macOS,https://www.kaggle.com/datasets/ironwolf437/laptop-price-dataset,Kaggle laptop-price-dataset (Apache-2.0),2026-08-05T06:07:04.985220+00:00,Laptops,Apple,2740.45
10000122,MacBook Pro,Intel Core i7 2.9 GHz,AMD Radeon Pro 560,16GB,512GB SSD,15.4 inch · IPS Panel Retina Display 2880x1800,Not specified,1.83 kg,study office portable Ultrabook macOS,https://www.kaggle.com/datasets/ironwolf437/laptop-price-dataset,Kaggle laptop-price-dataset (Apache-2.0),2026-08-05T06:07:04.985220+00:00,Laptops,Apple,3086.64
10000123,A541NA-GO342 (N3350/4GB/500GB/Linux),Intel Celeron Dual Core N3350 1.1 GHz,Intel HD Graphics 500,4GB,500GB HDD,15.6 inch · 1366x768,Not specified,2.0 kg,study office portable Notebook Linux,https://www.kaggle.com/datasets/ironwolf437/laptop-price-dataset,Kaggle laptop-price-dataset (Apache-2.0),2026-08-05T06:07:04.985220+00:00,Laptops,Asus,241.92
10000124,Chromebook C202SA,Intel Celeron Dual Core N3060 1.6 GHz,Intel HD Graphics 400,4GB,16GB Flash Storage,11.6 inch · 1366x768,Not specified,1.2 kg,study office portable Netbook Chrome OS,https://www.kaggle.com/datasets/ironwolf437/laptop-price-dataset,Kaggle laptop-price-dataset (Apache-2.0),2026-08-05T06:07:04.985220+00:00,Laptops,Asus,310.93
10000125,Chromebook Flip,Intel Core M M3-6Y30 0.9 GHz,Intel HD Graphics 515,4GB,64GB Flash Storage,12.5 inch · Full HD / Touchscreen 1920x1080,Not specified,1.2 kg,study office portable 2 in 1 Convertible Chrome OS,https://www.kaggle.com/datasets/ironwolf437/laptop-price-dataset,Kaggle laptop-price-dataset (Apache-2.0),2026-08-05T06:07:04.985220+00:00,Laptops,Asus,722.52
10000126,Chromebook Flip,Intel Core M M7-6Y75 1.2 GHz,Intel HD Graphics 515,8GB,64GB Flash Storage,12.5 inch · Full HD 1920x1080,Not specified,1.2 kg,study office portable 2 in 1 Convertible Chrome OS,https://www.kaggle.com/datasets/ironwolf437/laptop-price-dataset,Kaggle laptop-price-dataset (Apache-2.0),2026-08-05T06:07:04.985220+00:00,Laptops,Asus,1251.72
10000127,E402WA-GA007T (E2-6110/4GB/64GB/W10,AMD E-Series 6110 1.5 GHz,AMD Radeon R2,4GB,64GB SSD,14.0 inch · 1366x768,Not specified,1.65 kg,study office portable Notebook Windows 10 S,https://www.kaggle.com/datasets/ironwolf437/laptop-price-dataset,Kaggle laptop-price-dataset (Apache-2.0),2026-08-05T06:07:04.985220+00:00,Laptops,Asus,300.23
10000128,E402WA-GA010T (E2-6110/2GB/32GB/W10),AMD E-Series E2-6110 1.5 GHz,AMD Radeon R2,2GB,32GB Flash Storage,14.0 inch · 1366x768,Not specified,1.65 kg,study office portable Notebook Windows 10,https://www.kaggle.com/datasets/ironwolf437/laptop-price-dataset,Kaggle laptop-price-dataset (Apache-2.0),2026-08-05T06:07:04.985220+00:00,Laptops,Asus,214.92
10000129,F756UX-T4201D (i7-7500U/8GB/128GB,Intel Core i7 7500U 2.7 GHz,Nvidia GeForce GTX 950M,8GB,128GB SSD + 1TB HDD,17.3 inch · Full HD 1920x1080,Not specified,2.69 kg,study office portable Notebook No OS,https://www.kaggle.com/datasets/ironwolf437/laptop-price-dataset,Kaggle laptop-price-dataset (Apache-2.0),2026-08-05T06:07:04.985220+00:00,Laptops,Asus,960.12
10000130,FX502VM-AS73 (i7-7700HQ/16GB/1TB,Intel Core i7 7700HQ 2.8 GHz,Nvidia GeForce GTX 1060,16GB,128GB SSD + 1TB HDD,15.6 inch · Full HD 1920x1080,Not specified,2.2 kg,study office portable Notebook Windows 10,https://www.kaggle.com/datasets/ironwolf437/laptop-price-dataset,Kaggle laptop-price-dataset (Apache-2.0),2026-08-05T06:07:04.985220+00:00,Laptops,Asus,1888.92
10000131,FX502VM-DM105T (i7-6700HQ/8GB/1TB/GeForce,Intel Core i7 6700HQ 2.6 GHz,Nvidia GeForce GTX 1060,8GB,1TB HDD,15.6 inch · Full HD 1920x1080,Not specified,2.2 kg,study office portable Gaming Windows 10,https://www.kaggle.com/datasets/ironwolf437/laptop-price-dataset,Kaggle laptop-price-dataset (Apache-2.0),2026-08-05T06:07:04.985220+00:00,Laptops,Asus,1262.52
10000132,FX502VM-DM560T (i7-7700HQ/8GB/1TB,Intel Core i7 7700HQ 2.8 GHz,Nvidia GeForce GTX1060,8GB,128GB SSD + 1TB HDD,15.6 inch · Full HD 1920x1080,Not specified,2.24 kg,study office portable Gaming Windows 10,https://www.kaggle.com/datasets/ironwolf437/laptop-price-dataset,Kaggle laptop-price-dataset (Apache-2.0),2026-08-05T06:07:04.985220+00:00,Laptops,Asus,1446.12
10000133,FX503VD-E4022T (i7-7700HQ/8GB/1TB/GeForce,Intel Core i7 7700HQ 2.8 GHz,Nvidia GeForce GTX 1050,8GB,1TB HDD,15.6 inch · Full HD 1920x1080,Not specified,2.2 kg,study office portable Gaming Windows 10,https://www.kaggle.com/datasets/ironwolf437/laptop-price-dataset,Kaggle laptop-price-dataset (Apache-2.0),2026-08-05T06:07:04.985220+00:00,Laptops,Asus,1024.92
10000134,FX503VM-E4007T (i7-7700HQ/16GB/1TB,Intel Core i7 7700HQ 2.8 GHz,Nvidia GeForce GTX 1060,16GB,128GB SSD + 1TB HDD,15.6 inch · IPS Panel Full HD 1920x1080,Not specified,2.2 kg,study office portable Gaming Windows 10,https://www.kaggle.com/datasets/ironwolf437/laptop-price-dataset,Kaggle laptop-price-dataset (Apache-2.0),2026-08-05T06:07:04.985220+00:00,Laptops,Asus,1564.92
10000135,FX550IK-DM018T (FX-9830P/8GB/1TB/Radeon,AMD FX 9830P 3.0 GHz,AMD Radeon RX 560,8GB,1TB HDD,15.6 inch · Full HD 1920x1080,Not specified,2.45 kg,study office portable Gaming Windows 10,https://www.kaggle.com/datasets/ironwolf437/laptop-price-dataset,Kaggle laptop-price-dataset (Apache-2.0),2026-08-05T06:07:04.985220+00:00,Laptops,Asus,754.92
10000136,FX553VD-DM627T (i5-7300HQ/8GB/1TB,Intel Core i5 7300HQ 2.5 GHz,Nvidia GeForce GTX 1050,8GB,128GB SSD + 1TB HDD,15.6 inch · Full HD 1920x1080,Not specified,2.5 kg,study office portable Notebook Windows 10,https://www.kaggle.com/datasets/ironwolf437/laptop-price-dataset,Kaggle laptop-price-dataset (Apache-2.0),2026-08-05T06:07:04.985220+00:00,Laptops,Asus,906.12
10000137,FX553VD-FY647T (i7-7700HQ/8GB/256GB/GeForce,Intel Core i7 7700HQ 2.8 GHz,Nvidia GeForce GTX 1050,8GB,256GB SSD,15.6 inch · Full HD 1920x1080,Not specified,2.5 kg,study office portable Gaming Windows 10,https://www.kaggle.com/datasets/ironwolf437/laptop-price-dataset,Kaggle laptop-price-dataset (Apache-2.0),2026-08-05T06:07:04.985220+00:00,Laptops,Asus,1078.92
10000138,FX753VD-GC007T (i7-7700HQ/8GB/1TB,Intel Core i7 7700HQ 2.8 GHz,Nvidia GeForce GTX 1050,8GB,128GB SSD + 1TB HDD,17.3 inch · Full HD 1920x1080,Not specified,3.0 kg,study office portable Gaming Windows 10,https://www.kaggle.com/datasets/ironwolf437/laptop-price-dataset,Kaggle laptop-price-dataset (Apache-2.0),2026-08-05T06:07:04.985220+00:00,Laptops,Asus,1261.44
10000139,FX753VD-GC071T (i7-7700HQ/8GB/1TB/GeForce,Intel Core i7 7700HQ 2.8 GHz,Nvidia GeForce GTX 1050,8GB,1TB HDD,17.3 inch · Full HD 1920x1080,Not specified,3.0 kg,study office portable Gaming Windows 10,https://www.kaggle.com/datasets/ironwolf437/laptop-price-dataset,Kaggle laptop-price-dataset (Apache-2.0),2026-08-05T06:07:04.985220+00:00,Laptops,Asus,1281.96
10000140,FX753VD-GC086T (i5-7300HQ/8GB/1TB,Intel Core i5 7300HQ 2.5 GHz,Nvidia GeForce GTX 1050,8GB,128GB SSD + 1TB HDD,17.3 inch · Full HD 1920x1080,Not specified,3.0 kg,study office portable Gaming Windows 10,https://www.kaggle.com/datasets/ironwolf437/laptop-price-dataset,Kaggle laptop-price-dataset (Apache-2.0),2026-08-05T06:07:04.985220+00:00,Laptops,Asus,1013.04
10000141,FX753VD-GC461T (i7-7700HQ/16GB/1TB,Intel Core i7 7700HQ 2.8 GHz,Nvidia GeForce GTX 1050,16GB,256GB SSD + 1TB HDD,17.3 inch · Full HD 1920x1080,Not specified,2.9 kg,study office portable Gaming Windows 10,https://www.kaggle.com/datasets/ironwolf437/laptop-price-dataset,Kaggle laptop-price-dataset (Apache-2.0),2026-08-05T06:07:04.985220+00:00,Laptops,Asus,1651.32
10000142,FX753VE-GC093 (i7-7700HQ/12GB/1TB/GeForce,Intel Core i7 7700HQ 2.8 GHz,Nvidia GeForce GTX 1050 Ti,12GB,1TB HDD,17.3 inch · Full HD 1920x1080,Not specified,3.0 kg,study office portable Gaming Linux,https://www.kaggle.com/datasets/ironwolf437/laptop-price-dataset,Kaggle laptop-price-dataset (Apache-2.0),2026-08-05T06:07:04.985220+00:00,Laptops,Asus,1024.92
10000143,FX753VE-GC155T (i7-7700HQ/16GB/1TB,Intel Core i7 7700HQ 2.8 GHz,Nvidia GeForce GTX1050 Ti,16GB,256GB SSD + 1TB HDD,17.3 inch · Full HD 1920x1080,Not specified,3.0 kg,study office portable Gaming Windows 10,https://www.kaggle.com/datasets/ironwolf437/laptop-price-dataset,Kaggle laptop-price-dataset (Apache-2.0),2026-08-05T06:07:04.985220+00:00,Laptops,Asus,1624.32
10000144,G701VO-IH74K (i7-6820HK/32GB/2x,Intel Core i7 6820HK 2.7 GHz,Nvidia GeForce GTX 980M,32GB,256GB SSD + 256GB SSD,17.3 inch · IPS Panel Full HD 1920x1080,Not specified,3.58 kg,study office portable Gaming Windows 10,https://www.kaggle.com/datasets/ironwolf437/laptop-price-dataset,Kaggle laptop-price-dataset (Apache-2.0),2026-08-05T06:07:04.985220+00:00,Laptops,Asus,1381.32
10000145,G752VY-GC162T (i7-6700HQ/16GB/1TB,Intel Core i7 6700HQ 2.6 GHz,Nvidia GeForce GTX 980M,16GB,128GB SSD + 1TB HDD,17.3 inch · IPS Panel Full HD 1920x1080,Not specified,4.3 kg,study office portable Gaming Windows 10,https://www.kaggle.com/datasets/ironwolf437/laptop-price-dataset,Kaggle laptop-price-dataset (Apache-2.0),2026-08-05T06:07:04.985220+00:00,Laptops,Asus,2482.92
10000146,GL553VE-FY082T (i7-7700HQ/8GB/1TB,Intel Core i7 7700HQ 2.8 GHz,Nvidia GeForce GTX 1050 Ti,8GB,128GB SSD + 1TB HDD,15.6 inch · Full HD 1920x1080,Not specified,2.5 kg,study office portable Gaming Windows 10,https://www.kaggle.com/datasets/ironwolf437/laptop-price-dataset,Kaggle laptop-price-dataset (Apache-2.0),2026-08-05T06:07:04.985220+00:00,Laptops,Asus,1366.2
10000147,K556UR-DM621T (i7-7500U/8GB/256GB/GeForce,Intel Core i7 7500U 2.7 GHz,Nvidia GeForce GTX 930MX,8GB,256GB SSD,15.6 inch · IPS Panel Full HD 1920x1080,Not specified,2.3 kg,study office portable Notebook Windows 10,https://www.kaggle.com/datasets/ironwolf437/laptop-price-dataset,Kaggle laptop-price-dataset (Apache-2.0),2026-08-05T06:07:04.985220+00:00,Laptops,Asus,849.96
10000148,K756UX-T4340T (i5-7200U/8GB/500GB,Intel Core i5 7200U 2.5 GHz,Nvidia GeForce GTX 950M,8GB,256GB SSD + 500GB HDD,17.3 inch · Full HD 1920x1080,Not specified,2.69 kg,study office portable Notebook Windows 10,https://www.kaggle.com/datasets/ironwolf437/laptop-price-dataset,Kaggle laptop-price-dataset (Apache-2.0),2026-08-05T06:07:04.985220+00:00,Laptops,Asus,962.28
10000149,L403NA-GA013TS (N3350/4GB/32GB/W10),Intel Celeron Dual Core N3350 1.1 GHz,Intel HD Graphics 500,4GB,32GB Flash Storage,14.0 inch · 1366x768,Not specified,1.5 kg,study office portable Notebook Windows 10,https://www.kaggle.com/datasets/ironwolf437/laptop-price-dataset,Kaggle laptop-price-dataset (Apache-2.0),2026-08-05T06:07:04.985220+00:00,Laptops,Asus,300.24
10000150,L502NA-GO052T (N3350/4GB/128GB/W10),Intel Celeron Dual Core N3350 1.1 GHz,Intel HD Graphics 500,4GB,128GB SSD,15.6 inch · 1366x768,Not specified,1.86 kg,study office portable Notebook Windows 10,https://www.kaggle.com/datasets/ironwolf437/laptop-price-dataset,Kaggle laptop-price-dataset (Apache-2.0),2026-08-05T06:07:04.985220+00:00,Laptops,Asus,452.52
10000151,Pro P2540UA-AB51,Intel Core i5 7200U 2.5 GHz,Intel HD Graphics 620,8GB,1TB HDD,15.6 inch · Full HD 1920x1080,Not specified,2.37 kg,study office portable Notebook Windows 10,https://www.kaggle.com/datasets/ironwolf437/laptop-price-dataset,Kaggle laptop-price-dataset (Apache-2.0),2026-08-05T06:07:04.985220+00:00,Laptops,Asus,808.92
10000152,Pro P2540UA-XO0192R,Intel Core i7 7500U 2.7 GHz,Intel HD Graphics 620,4GB,256GB SSD,15.6 inch · 1366x768,Not specified,2.37 kg,study office portable Notebook Windows 10,https://www.kaggle.com/datasets/ironwolf437/laptop-price-dataset,Kaggle laptop-price-dataset (Apache-2.0),2026-08-05T06:07:04.985220+00:00,Laptops,Asus,917.89
10000153,Pro P2540UA-XO0198T,Intel Core i3 7100U 2.4 GHz,Intel HD Graphics 620,4GB,1TB HDD,15.6 inch · 1366x768,Not specified,2.37 kg,study office portable Notebook Windows 10,https://www.kaggle.com/datasets/ironwolf437/laptop-price-dataset,Kaggle laptop-price-dataset (Apache-2.0),2026-08-05T06:07:04.985220+00:00,Laptops,Asus,430.91
10000154,Pro P2540UA-XS51,Intel Core i5 7200U 2.5 GHz,Intel HD Graphics 620,8GB,256GB SSD,15.6 inch · Full HD 1920x1080,Not specified,2.37 kg,study office portable Notebook Windows 10,https://www.kaggle.com/datasets/ironwolf437/laptop-price-dataset,Kaggle laptop-price-dataset (Apache-2.0),2026-08-05T06:07:04.985220+00:00,Laptops,Asus,1186.92
10000155,Q304UA-BHI5T11 (i5-7200U/6GB/1TB/FHD/W10),Intel Core i5 7200U 2.5 GHz,Intel HD Graphics 620,6GB,1TB HDD,13.3 inch · Full HD / Touchscreen 1920x1080,Not specified,1.5 kg,study office portable 2 in 1 Convertible Windows 10,https://www.kaggle.com/datasets/ironwolf437/laptop-price-dataset,Kaggle laptop-price-dataset (Apache-2.0),2026-08-05T06:07:04.985220+00:00,Laptops,Asus,690.13
10000156,Q524UQ-BHI7T15 (i7-7500U/12GB/2TB/GeForce,Intel Core i7 7500U 2.7 GHz,Nvidia GeForce 940MX,12GB,2TB HDD,15.6 inch · Full HD / Touchscreen 1920x1080,Not specified,2.3 kg,study office portable 2 in 1 Convertible Windows 10,https://www.kaggle.com/datasets/ironwolf437/laptop-price-dataset,Kaggle laptop-price-dataset (Apache-2.0),2026-08-05T06:07:04.985220+00:00,Laptops,Asus,906.12
10000157,Q534UX-BHI7T19 (i7-7500U/16GB/2TB,Intel Core i7 7500U 2.7 GHz,Nvidia GeForce GTX 950M,16GB,512GB SSD + 2TB HDD,15.6 inch · 4K Ultra HD / Touchscreen 3840x2160,Not specified,2.3 kg,study office portable 2 in 1 Convertible Windows 10,https://www.kaggle.com/datasets/ironwolf437/laptop-price-dataset,Kaggle laptop-price-dataset (Apache-2.0),2026-08-05T06:07:04.985220+00:00,Laptops,Asus,1942.92
10000158,R417NA-RS01 (N3350/4GB/32GB/W10),Intel Celeron Dual Core N3350 1.1 GHz,Intel HD Graphics 500,4GB,32GB Flash Storage,14.0 inch · 1366x768,Not specified,1.63 kg,study office portable Notebook Windows 10,https://www.kaggle.com/datasets/ironwolf437/laptop-price-dataset,Kaggle laptop-price-dataset (Apache-2.0),2026-08-05T06:07:04.985220+00:00,Laptops,Asus,322.92
10000159,R558UA-DM966T (i5-7200U/8GB/128GB/FHD/W10),Intel Core i5 7200U 2.5 GHz,Intel HD Graphics 620,8GB,128GB HDD,15.6 inch · Full HD 1920x1080,Not specified,2.3 kg,study office portable Notebook Windows 10,https://www.kaggle.com/datasets/ironwolf437/laptop-price-dataset,Kaggle laptop-price-dataset (Apache-2.0),2026-08-05T06:07:04.985220+00:00,Laptops,Asus,637.2
10000160,ROG G701VI,Intel Core i7 6820HK 2.7 GHz,Nvidia GeForce GTX 1080,32GB,512GB SSD,17.3 inch · IPS Panel Full HD 1920x1080,Not specified,3.8 kg,study office portable Gaming Windows 10,https://www.kaggle.com/datasets/ironwolf437/laptop-price-dataset,Kaggle laptop-price-dataset (Apache-2.0),2026-08-05T06:07:04.985220+00:00,Laptops,Asus,3022.92
10000161,Rog G701VIK-BA060T,Intel Core i7 7820HK 2.9 GHz,Nvidia GeForce GTX 1080,16GB,256GB SSD,17.3 inch · Full HD 1920x1080,Not specified,3.6 kg,study office portable Gaming Windows 10,https://www.kaggle.com/datasets/ironwolf437/laptop-price-dataset,Kaggle laptop-price-dataset (Apache-2.0),2026-08-05T06:07:04.985220+00:00,Laptops,Asus,3238.92
10000162,ROG G701VO,Intel Core i7 6820HK 2.7 GHz,Nvidia GeForce GTX 980,64GB,1TB SSD,17.3 inch · IPS Panel Full HD 1920x1080,Not specified,3.58 kg,study office portable Gaming Windows 10,https://www.kaggle.com/datasets/ironwolf437/laptop-price-dataset,Kaggle laptop-price-dataset (Apache-2.0),2026-08-05T06:07:04.985220+00:00,Laptops,Asus,4293.0
10000163,ROG G703VI-E5062T,Intel Core i7 7820HK 2.9 GHz,Nvidia GeForce GTX 1080,32GB,512GB SSD + 1TB HDD,17.3 inch · Full HD 1920x1080,Not specified,4.7 kg,study office portable Gaming Windows 10,https://www.kaggle.com/datasets/ironwolf437/laptop-price-dataset,Kaggle laptop-price-dataset (Apache-2.0),2026-08-05T06:07:04.985220+00:00,Laptops,Asus,4201.2
10000164,Rog G752VL-GC088D,Intel Core i7 6700HQ 2.6 GHz,Nvidia GeForce GTX 965M,16GB,1TB HDD,17.3 inch · IPS Panel Full HD 1920x1080,Not specified,4.0 kg,study office portable Gaming No OS,https://www.kaggle.com/datasets/ironwolf437/laptop-price-dataset,Kaggle laptop-price-dataset (Apache-2.0),2026-08-05T06:07:04.985220+00:00,Laptops,Asus,1077.84
10000165,Rog G752VL-UH71T,Intel Core i7 6700HQ 2.6 GHz,Nvidia GeForce GTX 965M,24GB,256GB SSD + 1TB HDD,17.3 inch · IPS Panel Full HD / Touchscreen 1920x1080,Not specified,4.33 kg,study office portable Gaming Windows 10,https://www.kaggle.com/datasets/ironwolf437/laptop-price-dataset,Kaggle laptop-price-dataset (Apache-2.0),2026-08-05T06:07:04.985220+00:00,Laptops,Asus,1370.52
10000166,Rog G752VS-BA171T,Intel Core i7 6700HQ 2.6 GHz,Nvidia GeForce GTX 1070,16GB,256GB SSD + 1TB HDD,17.3 inch · IPS Panel Full HD 1920x1080,Not specified,4.3 kg,study office portable Gaming Windows 10,https://www.kaggle.com/datasets/ironwolf437/laptop-price-dataset,Kaggle laptop-price-dataset (Apache-2.0),2026-08-05T06:07:04.985220+00:00,Laptops,Asus,2538.0
10000167,ROG G752VSK-GC493T,Intel Core i7 7700HQ 2.8 GHz,Nvidia GeForce GTX 980M,16GB,256GB SSD + 1TB HDD,17.3 inch · Full HD 1920x1080,Not specified,4.3 kg,study office portable Gaming Windows 10,https://www.kaggle.com/datasets/ironwolf437/laptop-price-dataset,Kaggle laptop-price-dataset (Apache-2.0),2026-08-05T06:07:04.985220+00:00,Laptops,Asus,1942.92
10000168,Rog G752VT-GC073T,Intel Core i7 6700HQ 2.6 GHz,Nvidia GeForce GTX 970M,16GB,128GB SSD + 1TB HDD,17.3 inch · IPS Panel Full HD 1920x1080,Not specified,4.0 kg,study office portable Gaming Windows 10,https://www.kaggle.com/datasets/ironwolf437/laptop-price-dataset,Kaggle laptop-price-dataset (Apache-2.0),2026-08-05T06:07:04.985220+00:00,Laptops,Asus,2052.0
10000169,Rog G752VY-GC229T,Intel Core i7 6700HQ 2.6 GHz,Nvidia GeForce GTX 980M,16GB,512GB SSD + 1TB HDD,17.3 inch · IPS Panel Full HD 1920x1080,Not specified,4.3 kg,study office portable Gaming Windows 10,https://www.kaggle.com/datasets/ironwolf437/laptop-price-dataset,Kaggle laptop-price-dataset (Apache-2.0),2026-08-05T06:07:04.985220+00:00,Laptops,Asus,2322.0
10000170,Rog GL502VM-DS74,Intel Core i7 7700HQ 2.8 GHz,Nvidia GeForce GTX 1060,16GB,128GB SSD + 1TB HDD,15.6 inch · Full HD 1920x1080,Not specified,2.1 kg,study office portable Gaming Windows 10,https://www.kaggle.com/datasets/ironwolf437/laptop-price-dataset,Kaggle laptop-price-dataset (Apache-2.0),2026-08-05T06:07:04.985220+00:00,Laptops,Asus,2050.92
10000171,Rog GL502VS,Intel Core i7 6700HQ 2.6 GHz,Nvidia GeForce GTX 1070,16GB,256GB SSD + 1TB HDD,15.6 inch · IPS Panel Full HD 1920x1080,Not specified,2.34 kg,study office portable Gaming Windows 10,https://www.kaggle.com/datasets/ironwolf437/laptop-price-dataset,Kaggle laptop-price-dataset (Apache-2.0),2026-08-05T06:07:04.985220+00:00,Laptops,Asus,2511.0
10000172,Rog GL552VW-CN470T,Intel Core i7 6700HQ 2.6 GHz,Nvidia GeForce GTX 960M,16GB,128GB SSD + 1TB HDD,15.6 inch · IPS Panel Full HD 1920x1080,Not specified,2.59 kg,study office portable Gaming Windows 10,https://www.kaggle.com/datasets/ironwolf437/laptop-price-dataset,Kaggle laptop-price-dataset (Apache-2.0),2026-08-05T06:07:04.985220+00:00,Laptops,Asus,1446.12
10000173,Rog GL552VW-DM201T,Intel Core i7 6700HQ 2.6 GHz,Nvidia GeForce GTX 960M,8GB,256GB SSD + 1TB HDD,15.6 inch · IPS Panel Full HD 1920x1080,Not specified,2.591 kg,study office portable Gaming Windows 10,https://www.kaggle.com/datasets/ironwolf437/laptop-price-dataset,Kaggle laptop-price-dataset (Apache-2.0),2026-08-05T06:07:04.985220+00:00,Laptops,Asus,981.72
10000174,Rog GL553VE-DS74,Intel Core i7 7700HQ 2.8 GHz,Nvidia GeForce GTX 1050 Ti,16GB,256GB SSD + 1TB HDD,15.6 inch · Full HD 1920x1080,Not specified,2.5 kg,study office portable Gaming Windows 10,https://www.kaggle.com/datasets/ironwolf437/laptop-price-dataset,Kaggle laptop-price-dataset (Apache-2.0),2026-08-05T06:07:04.985220+00:00,Laptops,Asus,1942.92
10000175,ROG GL553VE-FY022,Intel Core i7 7700HQ 2.8 GHz,Nvidia GeForce GTX 1050 Ti,8GB,1TB HDD,15.6 inch · IPS Panel Full HD 1920x1080,Not specified,2.5 kg,study office portable Gaming No OS,https://www.kaggle.com/datasets/ironwolf437/laptop-price-dataset,Kaggle laptop-price-dataset (Apache-2.0),2026-08-05T06:07:04.985220+00:00,Laptops,Asus,1262.52
10000176,Rog GL553VE-FY052T,Intel Core i7 7700HQ 2.8 GHz,Nvidia GeForce GTX 1050 Ti,16GB,256GB SSD + 1TB HDD,15.6 inch · IPS Panel Full HD 1920x1080,Not specified,2.5 kg,study office portable Gaming Windows 10,https://www.kaggle.com/datasets/ironwolf437/laptop-price-dataset,Kaggle laptop-price-dataset (Apache-2.0),2026-08-05T06:07:04.985220+00:00,Laptops,Asus,1728.0
10000177,Rog GL702VM-GC017T,Intel Core i7 6700HQ 2.6 GHz,Nvidia GeForce GTX 1060,16GB,512GB SSD + 1TB HDD,17.3 inch · Full HD 1920x1080,Not specified,2.73 kg,study office portable Gaming Windows 10,https://www.kaggle.com/datasets/ironwolf437/laptop-price-dataset,Kaggle laptop-price-dataset (Apache-2.0),2026-08-05T06:07:04.985220+00:00,Laptops,Asus,1942.92
10000178,Rog GL702VM-GC354T,Intel Core i7 7700HQ 2.8 GHz,Nvidia GeForce GTX 1060,8GB,256GB SSD + 1TB HDD,17.3 inch · IPS Panel Full HD 1920x1080,Not specified,2.7 kg,study office portable Gaming Windows 10,https://www.kaggle.com/datasets/ironwolf437/laptop-price-dataset,Kaggle laptop-price-dataset (Apache-2.0),2026-08-05T06:07:04.985220+00:00,Laptops,Asus,1726.92
10000179,Rog GL702VS-BA023T,Intel Core i7 7700HQ 2.8 GHz,Nvidia GeForce GTX 1070,16GB,256GB SSD + 1TB HDD,17.3 inch · Full HD 1920x1080,Not specified,2.9 kg,study office portable Gaming Windows 10,https://www.kaggle.com/datasets/ironwolf437/laptop-price-dataset,Kaggle laptop-price-dataset (Apache-2.0),2026-08-05T06:07:04.985220+00:00,Laptops,Asus,2612.52
10000180,Rog GL702VS-GC095T,Intel Core i7 7700HQ 2.8 GHz,Nvidia GeForce GTX 1070,16GB,256GB SSD + 1TB HDD,17.3 inch · Full HD 1920x1080,Not specified,2.9 kg,study office portable Gaming Windows 10,https://www.kaggle.com/datasets/ironwolf437/laptop-price-dataset,Kaggle laptop-price-dataset (Apache-2.0),2026-08-05T06:07:04.985220+00:00,Laptops,Asus,2291.76
10000181,ROG GL703VD-GC028T,Intel Core i7 7700HQ 2.8 GHz,Nvidia GeForce GTX 1050,16GB,256GB SSD + 1TB HDD,17.3 inch · Full HD 1920x1080,Not specified,2.9 kg,study office portable Gaming Windows 10,https://www.kaggle.com/datasets/ironwolf437/laptop-price-dataset,Kaggle laptop-price-dataset (Apache-2.0),2026-08-05T06:07:04.985220+00:00,Laptops,Asus,1519.56
10000182,Rog GL752VW-T4308T,Intel Core i7 6700HQ 2.6 GHz,Nvidia GeForce GTX 960M,8GB,128GB SSD + 1TB HDD,17.3 inch · Full HD 1920x1080,Not specified,3.52 kg,study office portable Gaming Windows 10,https://www.kaggle.com/datasets/ironwolf437/laptop-price-dataset,Kaggle laptop-price-dataset (Apache-2.0),2026-08-05T06:07:04.985220+00:00,Laptops,Asus,1417.49
10000183,Rog GL753VD-GC042T,Intel Core i7 7700HQ 2.8 GHz,Nvidia GeForce GTX 1050,8GB,1TB HDD,17.3 inch · Full HD 1920x1080,Not specified,3.0 kg,study office portable Gaming Windows 10,https://www.kaggle.com/datasets/ironwolf437/laptop-price-dataset,Kaggle laptop-price-dataset (Apache-2.0),2026-08-05T06:07:04.985220+00:00,Laptops,Asus,1122.12
10000184,Rog GL753VD-GC082T,Intel Core i5 7300HQ 2.5 GHz,Nvidia GeForce GTX 1050,12GB,128GB SSD + 1TB HDD,17.3 inch · Full HD 1920x1080,Not specified,2.2 kg,study office portable Gaming Windows 10,https://www.kaggle.com/datasets/ironwolf437/laptop-price-dataset,Kaggle laptop-price-dataset (Apache-2.0),2026-08-05T06:07:04.985220+00:00,Laptops,Asus,1479.49
10000185,Rog GL753VE-DS74,Intel Core i7 7700HQ 2.8 GHz,Nvidia GeForce GTX 1050 Ti,16GB,256GB SSD + 1TB HDD,17.3 inch · Full HD 1920x1080,Not specified,2.99 kg,study office portable Gaming Windows 10,https://www.kaggle.com/datasets/ironwolf437/laptop-price-dataset,Kaggle laptop-price-dataset (Apache-2.0),2026-08-05T06:07:04.985220+00:00,Laptops,Asus,1888.92
10000186,Rog GL753VE-GC070T,Intel Core i7 7700HQ 2.8 GHz,Nvidia GeForce GTX 1050 Ti,16GB,256GB SSD + 1TB HDD,17.3 inch · Full HD 1920x1080,Not specified,3.0 kg,study office portable Gaming Windows 10,https://www.kaggle.com/datasets/ironwolf437/laptop-price-dataset,Kaggle laptop-price-dataset (Apache-2.0),2026-08-05T06:07:04.985220+00:00,Laptops,Asus,1718.28
10000187,Rog Strix,AMD Ryzen 1700 3.0 GHz,AMD Radeon RX 580,8GB,256GB SSD + 1TB HDD,17.3 inch · Full HD 1920x1080,Not specified,3.2 kg,study office portable Gaming Windows 10,https://www.kaggle.com/datasets/ironwolf437/laptop-price-dataset,Kaggle laptop-price-dataset (Apache-2.0),2026-08-05T06:07:04.985220+00:00,Laptops,Asus,1402.92
10000188,Rog Strix,AMD Ryzen 1700 3.0 GHz,AMD Radeon RX 580,16GB,256GB SSD + 1TB HDD,17.3 inch · Full HD 1920x1080,Not specified,3.2 kg,study office portable Gaming Windows 10,https://www.kaggle.com/datasets/ironwolf437/laptop-price-dataset,Kaggle laptop-price-dataset (Apache-2.0),2026-08-05T06:07:04.985220+00:00,Laptops,Asus,1672.92
10000189,ROG Strix,Intel Core i5 7300HQ 2.5 GHz,Nvidia GeForce GTX 1060,8GB,128GB SSD + 1TB HDD,15.6 inch · IPS Panel Full HD 1920x1080,Not specified,2.3 kg,study office portable Gaming Windows 10,https://www.kaggle.com/datasets/ironwolf437/laptop-price-dataset,Kaggle laptop-price-dataset (Apache-2.0),2026-08-05T06:07:04.985220+00:00,Laptops,Asus,1780.92
10000190,ROG Strix,Intel Core i7 7700HQ 2.8 GHz,Nvidia GeForce GTX 1060,8GB,128GB SSD + 1TB HDD,15.6 inch · IPS Panel Full HD 1920x1080,Not specified,2.3 kg,study office portable Gaming Windows 10,https://www.kaggle.com/datasets/ironwolf437/laptop-price-dataset,Kaggle laptop-price-dataset (Apache-2.0),2026-08-05T06:07:04.985220+00:00,Laptops,Asus,1787.4
10000191,Rog Strix,AMD Ryzen 1600 3.2 GHz,AMD Radeon RX 580,8GB,256GB SSD + 1TB HDD,17.3 inch · Full HD 1920x1080,Not specified,3.2 kg,study office portable Gaming Windows 10,https://www.kaggle.com/datasets/ironwolf437/laptop-price-dataset,Kaggle laptop-price-dataset (Apache-2.0),2026-08-05T06:07:04.985220+00:00,Laptops,Asus,1830.6
10000192,ROG Strix,Intel Core i5 7300HQ 2.5 GHz,Nvidia GeForce GTX 1060,8GB,128GB SSD + 1TB HDD,17.3 inch · IPS Panel Full HD 1920x1080,Not specified,2.73 kg,study office portable Gaming Windows 10,https://www.kaggle.com/datasets/ironwolf437/laptop-price-dataset,Kaggle laptop-price-dataset (Apache-2.0),2026-08-05T06:07:04.985220+00:00,Laptops,Asus,1911.6
10000193,ROG Strix,Intel Core i7 7700HQ 2.8 GHz,Nvidia GeForce GTX 1060,16GB,256GB SSD + 1TB HDD,17.3 inch · Full HD 1920x1080,Not specified,2.9 kg,study office portable Gaming Windows 10,https://www.kaggle.com/datasets/ironwolf437/laptop-price-dataset,Kaggle laptop-price-dataset (Apache-2.0),2026-08-05T06:07:04.985220+00:00,Laptops,Asus,2104.92
10000194,Rog Strix,Intel Core i7 7700HQ 2.8 GHz,Nvidia GeForce GTX 1060,16GB,256GB SSD + 1TB HDD,17.3 inch · Full HD 1920x1080,Not specified,2.73 kg,study office portable Gaming Windows 10,https://www.kaggle.com/datasets/ironwolf437/laptop-price-dataset,Kaggle laptop-price-dataset (Apache-2.0),2026-08-05T06:07:04.985220+00:00,Laptops,Asus,2213.89
10000195,Rog Strix,AMD Ryzen 1700 3.0 GHz,AMD Radeon RX 580,16GB,256GB SSD + 1TB HDD,17.3 inch · IPS Panel Full HD 1920x1080,Not specified,3.25 kg,study office portable Gaming Windows 10,https://www.kaggle.com/datasets/ironwolf437/laptop-price-dataset,Kaggle laptop-price-dataset (Apache-2.0),2026-08-05T06:07:04.985220+00:00,Laptops,Asus,2374.92
10000196,Rog Strix,Intel Core i7 7700HQ 2.8 GHz,Nvidia GeForce GTX 1070,16GB,256GB SSD + 1TB HDD,15.6 inch · Full HD 1920x1080,Not specified,2.2 kg,study office portable Gaming Windows 10,https://www.kaggle.com/datasets/ironwolf437/laptop-price-dataset,Kaggle laptop-price-dataset (Apache-2.0),2026-08-05T06:07:04.985220+00:00,Laptops,Asus,2644.92
10000197,ROG Zephyrus,Intel Core i7 7700HQ 2.8 GHz,Nvidia GeForce GTX1080,24GB,512GB SSD,15.6 inch · Full HD 1920x1080,Not specified,2.24 kg,study office portable Gaming Windows 10,https://www.kaggle.com/datasets/ironwolf437/laptop-price-dataset,Kaggle laptop-price-dataset (Apache-2.0),2026-08-05T06:07:04.985220+00:00,Laptops,Asus,3205.44
10000198,TP501UA-CJ131T (i5-7200U/8GB/1TB/W10),Intel Core i5 7200U 2.5 GHz,Intel HD Graphics 520,8GB,1TB HDD,15.6 inch · Touchscreen 1366x768,Not specified,2.2 kg,study office portable 2 in 1 Convertible Windows 10,https://www.kaggle.com/datasets/ironwolf437/laptop-price-dataset,Kaggle laptop-price-dataset (Apache-2.0),2026-08-05T06:07:04.985220+00:00,Laptops,Asus,798.12
10000199,UX410UA-GV097T (i3-7100U/4GB/256GB/FHD/W10),Intel Core i3 7100U 2.4 GHz,Intel HD Graphics 620,4GB,256GB SSD,14.0 inch · Full HD 1920x1080,Not specified,2.0 kg,study office portable Notebook Windows 10,https://www.kaggle.com/datasets/ironwolf437/laptop-price-dataset,Kaggle laptop-price-dataset (Apache-2.0),2026-08-05T06:07:04.985220+00:00,Laptops,Asus,830.52
10000200,UX410UA-GV350T (i5-8250U/8GB/256GB/FHD/W10),Intel Core i5 8250U 1.6 GHz,Intel UHD Graphics 620,8GB,256GB SSD,14.0 inch · Full HD 1920x1080,Not specified,1.4 kg,study office portable Notebook Windows 10,https://www.kaggle.com/datasets/ironwolf437/laptop-price-dataset,Kaggle laptop-price-dataset (Apache-2.0),2026-08-05T06:07:04.985220+00:00,Laptops,Asus,1016.28
10000201,UX430UQ-GV209R (i7-7500U/8GB/256GB/GeForce,Intel Core i7 7500U 2.7 GHz,Nvidia GeForce 940MX,8GB,256GB SSD,14.0 inch · IPS Panel Full HD 1920x1080,Not specified,1.3 kg,study office portable Ultrabook Windows 10,https://www.kaggle.com/datasets/ironwolf437/laptop-price-dataset,Kaggle laptop-price-dataset (Apache-2.0),2026-08-05T06:07:04.985220+00:00,Laptops,Asus,1288.44
10000202,UX510UX-CN269T (i7-7500U/8GB/256GB,Intel Core i7 7500U 2.7 GHz,Intel HD Graphics 620,8GB,256GB SSD + 1TB HDD,14.0 inch · Full HD 1920x1080,Not specified,2.0 kg,study office portable Notebook Windows 10,https://www.kaggle.com/datasets/ironwolf437/laptop-price-dataset,Kaggle laptop-price-dataset (Apache-2.0),2026-08-05T06:07:04.985220+00:00,Laptops,Asus,1440.72
10000203,VivoBook E12,Intel Celeron Dual Core N3350 1.1 GHz,Intel HD Graphics 500,2GB,32GB Flash Storage,11.6 inch · 1366x768,Not specified,1.1 kg,study office portable Netbook Windows 10,https://www.kaggle.com/datasets/ironwolf437/laptop-price-dataset,Kaggle laptop-price-dataset (Apache-2.0),2026-08-05T06:07:04.985220+00:00,Laptops,Asus,264.6
10000204,Vivobook E200HA,Intel Atom x5-Z8350 1.44 GHz,Intel HD Graphics 400,2GB,32GB Flash Storage,11.6 inch · 1366x768,Not specified,0.98 kg,study office portable Netbook Windows 10,https://www.kaggle.com/datasets/ironwolf437/laptop-price-dataset,Kaggle laptop-price-dataset (Apache-2.0),2026-08-05T06:07:04.985220+00:00,Laptops,Asus,207.25
10000205,VivoBook E201NA,Intel Celeron Dual Core N3350 1.1 GHz,Intel HD Graphics 500,4GB,64GB Flash Storage,11.6 inch · 1366x768,Not specified,1.2 kg,study office portable Netbook Windows 10 S,https://www.kaggle.com/datasets/ironwolf437/laptop-price-dataset,Kaggle laptop-price-dataset (Apache-2.0),2026-08-05T06:07:04.985220+00:00,Laptops,Asus,367.2
10000206,VivoBook E403NA,Intel Celeron Dual Core N3350 1.1 GHz,Intel HD Graphics 500,4GB,32GB Flash Storage,14.0 inch · 1366x768,Not specified,1.5 kg,study office portable Notebook Windows 10,https://www.kaggle.com/datasets/ironwolf437/laptop-price-dataset,Kaggle laptop-price-dataset (Apache-2.0),2026-08-05T06:07:04.985220+00:00,Laptops,Asus,308.88
10000207,VivoBook E403NA,Intel Celeron Dual Core N3350 1.1 GHz,Intel HD Graphics 500,4GB,32GB Flash Storage,14.0 inch · Full HD 1920x1080,Not specified,1.5 kg,study office portable Notebook Windows 10,https://www.kaggle.com/datasets/ironwolf437/laptop-price-dataset,Kaggle laptop-price-dataset (Apache-2.0),2026-08-05T06:07:04.985220+00:00,Laptops,Asus,321.84
10000208,VivoBook Flip,Intel Celeron Dual Core N3350 1.1 GHz,Intel HD Graphics 500,2GB,32GB Flash Storage,11.6 inch · Touchscreen 1366x768,Not specified,1.1 kg,study office portable 2 in 1 Convertible Windows 10,https://www.kaggle.com/datasets/ironwolf437/laptop-price-dataset,Kaggle laptop-price-dataset (Apache-2.0),2026-08-05T06:07:04.985220+00:00,Laptops,Asus,297.0
10000209,VivoBook Flip,Intel Celeron Dual Core N3350 1.1 GHz,Intel HD Graphics 500,4GB,32GB Flash Storage,11.6 inch · Touchscreen 1366x768,Not specified,1.5 kg,study office portable 2 in 1 Convertible Windows 10,https://www.kaggle.com/datasets/ironwolf437/laptop-price-dataset,Kaggle laptop-price-dataset (Apache-2.0),2026-08-05T06:07:04.985220+00:00,Laptops,Asus,405.0
10000210,VivoBook L402NA,Intel Celeron Dual Core N3350 1.1 GHz,Intel HD Graphics 500,4GB,32GB Flash Storage,14.1 inch · 1366x768,Not specified,1.65 kg,study office portable Notebook Windows 10,https://www.kaggle.com/datasets/ironwolf437/laptop-price-dataset,Kaggle laptop-price-dataset (Apache-2.0),2026-08-05T06:07:04.985220+00:00,Laptops,Asus,375.84
10000211,VivoBook Max,Intel Core i3 7100U 2.4 GHz,Intel HD Graphics 620,4GB,1TB HDD,15.6 inch · 1366x768,Not specified,2.0 kg,study office portable Notebook Windows 10,https://www.kaggle.com/datasets/ironwolf437/laptop-price-dataset,Kaggle laptop-price-dataset (Apache-2.0),2026-08-05T06:07:04.985220+00:00,Laptops,Asus,469.8
10000212,VivoBook Max,Intel Core i5 7200U 2.5 GHz,Nvidia GeForce 920,4GB,1TB HDD,15.6 inch · Full HD 1920x1080,Not specified,2.1 kg,study office portable Notebook Linux,https://www.kaggle.com/datasets/ironwolf437/laptop-price-dataset,Kaggle laptop-price-dataset (Apache-2.0),2026-08-05T06:07:04.985220+00:00,Laptops,Asus,560.52
10000213,VivoBook Max,Intel Core i5 7200U 2.5 GHz,Intel HD Graphics 620,4GB,256GB SSD,15.6 inch · Full HD 1920x1080,Not specified,2.0 kg,study office portable Notebook Linux,https://www.kaggle.com/datasets/ironwolf437/laptop-price-dataset,Kaggle laptop-price-dataset (Apache-2.0),2026-08-05T06:07:04.985220+00:00,Laptops,Asus,603.72
10000214,Vivobook Max,Intel Pentium Dual Core N4200 1.1 GHz,Intel HD Graphics 505,8GB,128GB SSD,15.6 inch · 1920x1080,Not specified,2.0 kg,study office portable Notebook Windows 10,https://www.kaggle.com/datasets/ironwolf437/laptop-price-dataset,Kaggle laptop-price-dataset (Apache-2.0),2026-08-05T06:07:04.985220+00:00,Laptops,Asus,628.45
10000215,VivoBook Max,Intel Core i5 7200U 2.5 GHz,Intel HD Graphics 620,4GB,256GB SSD,15.6 inch · 1366x768,Not specified,2.0 kg,study office portable Notebook Windows 10,https://www.kaggle.com/datasets/ironwolf437/laptop-price-dataset,Kaggle laptop-price-dataset (Apache-2.0),2026-08-05T06:07:04.985220+00:00,Laptops,Asus,633.09
10000216,VivoBook Pro,Intel Core i5 7300HQ 2.5 GHz,Nvidia GeForce GTX 1050,8GB,1TB HDD,15.6 inch · Full HD 1920x1080,Not specified,1.99 kg,study office portable Notebook Windows 10,https://www.kaggle.com/datasets/ironwolf437/laptop-price-dataset,Kaggle laptop-price-dataset (Apache-2.0),2026-08-05T06:07:04.985220+00:00,Laptops,Asus,979.15
10000217,VivoBook Pro,Intel Core i7 8550U 1.8 GHz,Nvidia GeForce 150MX,8GB,128GB SSD + 1TB HDD,17.3 inch · Full HD 1920x1080,Not specified,2.1 kg,study office portable Notebook Windows 10,https://www.kaggle.com/datasets/ironwolf437/laptop-price-dataset,Kaggle laptop-price-dataset (Apache-2.0),2026-08-05T06:07:04.985220+00:00,Laptops,Asus,1236.6
10000218,VivoBook Pro,Intel Core i7 7700HQ 2.8 GHz,Nvidia GeForce GTX 1050,8GB,128GB SSD + 1TB HDD,15.6 inch · Full HD 1920x1080,Not specified,1.99 kg,study office portable Gaming Windows 10,https://www.kaggle.com/datasets/ironwolf437/laptop-price-dataset,Kaggle laptop-price-dataset (Apache-2.0),2026-08-05T06:07:04.985220+00:00,Laptops,Asus,1458.0
10000219,VivoBook S14,Intel Core i3 7100U 2.4 GHz,Intel HD Graphics 620,4GB,128GB SSD,14.0 inch · 1366x768,Not specified,1.3 kg,study office portable Notebook Windows 10,https://www.kaggle.com/datasets/ironwolf437/laptop-price-dataset,Kaggle laptop-price-dataset (Apache-2.0),2026-08-05T06:07:04.985220+00:00,Laptops,Asus,549.72
10000220,VivoBook S15,Intel Core i5 7200U 2.5 GHz,Nvidia GeForce 940MX,8GB,256GB SSD,15.6 inch · Full HD 1920x1080,Not specified,1.7 kg,study office portable Ultrabook Windows 10,https://www.kaggle.com/datasets/ironwolf437/laptop-price-dataset,Kaggle laptop-price-dataset (Apache-2.0),2026-08-05T06:07:04.985220+00:00,Laptops,Asus,1055.16
10000221,VivoBook S15,Intel Core i7 7500U 2.7 GHz,Nvidia GeForce 940MX,8GB,256GB SSD,15.6 inch · Full HD 1920x1080,Not specified,1.7 kg,study office portable Ultrabook Windows 10,https://www.kaggle.com/datasets/ironwolf437/laptop-price-dataset,Kaggle laptop-price-dataset (Apache-2.0),2026-08-05T06:07:04.985220+00:00,Laptops,Asus,1133.89
10000222,VivoBook S15,Intel Core i7 8550U 1.8 GHz,Nvidia GeForce 940MX,8GB,256GB SSD,15.6 inch · Full HD 1920x1080,Not specified,1.7 kg,study office portable Notebook Windows 10,https://www.kaggle.com/datasets/ironwolf437/laptop-price-dataset,Kaggle laptop-price-dataset (Apache-2.0),2026-08-05T06:07:04.985220+00:00,Laptops,Asus,1207.44
10000223,VivoBook S15,Intel Core i7 8550U 1.8 GHz,Nvidia GeForce MX150,16GB,256GB SSD + 1TB HDD,15.6 inch · Full HD 1920x1080,Not specified,1.5 kg,study office portable Ultrabook Windows 10,https://www.kaggle.com/datasets/ironwolf437/laptop-price-dataset,Kaggle laptop-price-dataset (Apache-2.0),2026-08-05T06:07:04.985220+00:00,Laptops,Asus,1362.96
10000224,VivoBook X540YA-XX519T,AMD E-Series 7110 1.8 GHz,AMD Radeon R2 Graphics,4GB,500GB HDD,15.6 inch · 1366x768,Not specified,2.0 kg,study office portable Notebook Windows 10,https://www.kaggle.com/datasets/ironwolf437/laptop-price-dataset,Kaggle laptop-price-dataset (Apache-2.0),2026-08-05T06:07:04.985220+00:00,Laptops,Asus,376.92
10000225,Vivobook X541UV-DM1217T,Intel Core i5 7200U 2.5 GHz,Nvidia GeForce 920MX,8GB,256GB SSD,15.6 inch · Full HD 1920x1080,Not specified,2.0 kg,study office portable Notebook Windows 10,https://www.kaggle.com/datasets/ironwolf437/laptop-price-dataset,Kaggle laptop-price-dataset (Apache-2.0),2026-08-05T06:07:04.985220+00:00,Laptops,Asus,830.52
10000226,X505BP-BR019T (A9-9420/4GB/1TB/Radeon,AMD A9-Series 9420 3.0 GHz,AMD Radeon R5 M420,4GB,1TB HDD,15.6 inch · 1366x768,Not specified,1.68 kg,study office portable Notebook Windows 10,https://www.kaggle.com/datasets/ironwolf437/laptop-price-dataset,Kaggle laptop-price-dataset (Apache-2.0),2026-08-05T06:07:04.985220+00:00,Laptops,Asus,506.52
10000227,X540SA-RBPDN09 (N3710/4GB/1TB/W10),Intel Pentium Quad Core N3710 1.6 GHz,Intel HD Graphics 405,4GB,1TB HDD,15.6 inch · 1366x768,Not specified,2.65 kg,study office portable Notebook Windows 10,https://www.kaggle.com/datasets/ironwolf437/laptop-price-dataset,Kaggle laptop-price-dataset (Apache-2.0),2026-08-05T06:07:04.985220+00:00,Laptops,Asus,333.72
10000228,X540UA-DM186 (i3-6006U/4GB/1TB/FHD/Linux),Intel Core i3 6006U 2.0 GHz,Intel HD Graphics 620,4GB,1TB HDD,15.6 inch · Full HD 1920x1080,Not specified,2.0 kg,study office portable Notebook Linux,https://www.kaggle.com/datasets/ironwolf437/laptop-price-dataset,Kaggle laptop-price-dataset (Apache-2.0),2026-08-05T06:07:04.985220+00:00,Laptops,Asus,420.12
10000229,X541NA (N3350/4GB/1TB/FHD/W10),Intel Celeron Dual Core N3350 1.1 GHz,Intel HD Graphics 500,4GB,1TB HDD,15.6 inch · Full HD 1920x1080,Not specified,2.0 kg,study office portable Notebook Windows 10,https://www.kaggle.com/datasets/ironwolf437/laptop-price-dataset,Kaggle laptop-price-dataset (Apache-2.0),2026-08-05T06:07:04.985220+00:00,Laptops,Asus,371.52
10000230,X541NA (N3350/4GB/1TB/Linux),Intel Celeron Dual Core N3350 1.1 GHz,Intel HD Graphics 500,4GB,1TB HDD,15.6 inch · 1366x768,Not specified,2.0 kg,study office portable Notebook Linux,https://www.kaggle.com/datasets/ironwolf437/laptop-price-dataset,Kaggle laptop-price-dataset (Apache-2.0),2026-08-05T06:07:04.985220+00:00,Laptops,Asus,296.99
10000231,X541NA (N4200/4GB/1TB/W10),Intel Pentium Quad Core N4200 1.1 GHz,Intel HD Graphics 505,4GB,1TB HDD,15.6 inch · 1366x768,Not specified,2.0 kg,study office portable Notebook Windows 10,https://www.kaggle.com/datasets/ironwolf437/laptop-price-dataset,Kaggle laptop-price-dataset (Apache-2.0),2026-08-05T06:07:04.985220+00:00,Laptops,Asus,484.92
10000232,X541NA-GO020T (N3350/4GB/1TB/W10),Intel Celeron Dual Core N3350 1.1 GHz,Intel HD Graphics 500,4GB,1TB HDD,15.6 inch · 1366x768,Not specified,2.0 kg,study office portable Notebook Windows 10,https://www.kaggle.com/datasets/ironwolf437/laptop-price-dataset,Kaggle laptop-price-dataset (Apache-2.0),2026-08-05T06:07:04.985220+00:00,Laptops,Asus,366.12
10000233,X541NA-GO121 (N4200/4GB/1TB/Linux),Intel Pentium Quad Core N4200 1.1 GHz,Intel HD Graphics 505,4GB,1TB HDD,15.6 inch · 1366x768,Not specified,2.0 kg,study office portable Notebook Linux,https://www.kaggle.com/datasets/ironwolf437/laptop-price-dataset,Kaggle laptop-price-dataset (Apache-2.0),2026-08-05T06:07:04.985220+00:00,Laptops,Asus,430.91
10000234,X541NA-GO414T (N3350/8GB/1TB/W10),Intel Celeron Dual Core N3350 1.1 GHz,Intel HD Graphics 500,8GB,1TB HDD,15.6 inch · 1366x768,Not specified,2.0 kg,study office portable Notebook Windows 10,https://www.kaggle.com/datasets/ironwolf437/laptop-price-dataset,Kaggle laptop-price-dataset (Apache-2.0),2026-08-05T06:07:04.985220+00:00,Laptops,Asus,430.92
10000235,X541NA-PD1003Y (N4200/4GB/500GB/W10),Intel Pentium Quad Core N4200 1.1 GHz,Intel HD Graphics 500,4GB,500GB HDD,15.6 inch · 1366x768,Not specified,2.0 kg,study office portable Notebook Windows 10,https://www.kaggle.com/datasets/ironwolf437/laptop-price-dataset,Kaggle laptop-price-dataset (Apache-2.0),2026-08-05T06:07:04.985220+00:00,Laptops,Asus,328.32
10000236,X541UA-DM1897 (i3-6006U/4GB/256GB/FHD/Linux),Intel Core i3 6006U 2.0 GHz,Intel HD Graphics 520,4GB,256GB SSD,15.6 inch · Full HD 1920x1080,Not specified,2.0 kg,study office portable Notebook Linux,https://www.kaggle.com/datasets/ironwolf437/laptop-price-dataset,Kaggle laptop-price-dataset (Apache-2.0),2026-08-05T06:07:04.985220+00:00,Laptops,Asus,448.2
10000237,X541UV-DM1439T (i3-7100U/6GB/256GB/GeForce,Intel Core i3 7100U 2.4 GHz,Nvidia GeForce 920M,6GB,256GB SSD,15.6 inch · Full HD 1920x1080,Not specified,2.0 kg,study office portable Notebook Windows 10,https://www.kaggle.com/datasets/ironwolf437/laptop-price-dataset,Kaggle laptop-price-dataset (Apache-2.0),2026-08-05T06:07:04.985220+00:00,Laptops,Asus,623.16
10000238,X542UQ-DM117 (i3-7100U/8GB/1TB/GeForce,Intel Core i3 7100U 2.4 GHz,Nvidia GeForce 940MX,8GB,1TB HDD,15.6 inch · Full HD 1920x1080,Not specified,2.3 kg,study office portable Notebook Linux,https://www.kaggle.com/datasets/ironwolf437/laptop-price-dataset,Kaggle laptop-price-dataset (Apache-2.0),2026-08-05T06:07:04.985220+00:00,Laptops,Asus,644.76
10000239,X542UQ-GO005 (i5-7200U/8GB/1TB/GeForce,Intel Core i5 7200U 2.5 GHz,Nvidia GeForce 940MX,8GB,1TB HDD,15.6 inch · 1366x768,Not specified,2.3 kg,study office portable Notebook Linux,https://www.kaggle.com/datasets/ironwolf437/laptop-price-dataset,Kaggle laptop-price-dataset (Apache-2.0),2026-08-05T06:07:04.985220+00:00,Laptops,Asus,564.83
10000240,X550VX-XX015D (i5-6300HQ/4GB/1TB/GeForce,Intel Core i5 6300HQ 2.3 GHz,Nvidia GeForce GTX 950M,4GB,1TB HDD,15.6 inch · 1366x768,Not specified,2.45 kg,study office portable Notebook No OS,https://www.kaggle.com/datasets/ironwolf437/laptop-price-dataset,Kaggle laptop-price-dataset (Apache-2.0),2026-08-05T06:07:04.985220+00:00,Laptops,Asus,625.32
10000241,X553SA-XX021T (N3050/4GB/500GB/W10),Intel Celeron Dual Core N3050 1.6 GHz,Intel HD Graphics,4GB,500GB HDD,15.6 inch · 1366x768,Not specified,2.2 kg,study office portable Notebook Windows 10,https://www.kaggle.com/datasets/ironwolf437/laptop-price-dataset,Kaggle laptop-price-dataset (Apache-2.0),2026-08-05T06:07:04.985220+00:00,Laptops,Asus,398.52
10000242,X553SA-XX031T (N3050/4GB/500GB/W10),Intel Celeron Dual Core N3050 1.6 GHz,Intel HD Graphics,4GB,500GB HDD,15.6 inch · 1366x768,Not specified,2.2 kg,study office portable Notebook Windows 10,https://www.kaggle.com/datasets/ironwolf437/laptop-price-dataset,Kaggle laptop-price-dataset (Apache-2.0),2026-08-05T06:07:04.985220+00:00,Laptops,Asus,398.52
10000243,X555BP-XX180T (A9-9420/4GB/1TB/Radeon,AMD A9-Series 9420 3.0 GHz,AMD Radeon R5 M420,4GB,1TB HDD,15.6 inch · 1366x768,Not specified,2.03 kg,study office portable Notebook Windows 10,https://www.kaggle.com/datasets/ironwolf437/laptop-price-dataset,Kaggle laptop-price-dataset (Apache-2.0),2026-08-05T06:07:04.985220+00:00,Laptops,Asus,435.24
10000244,X555QG-DM242T (A10-9620P/4GB/1TB,AMD A10-Series A10-9620P 2.5 GHz,AMD Radeon R5 M430,4GB,128GB SSD + 1TB HDD,15.6 inch · Full HD 1920x1080,Not specified,2.2 kg,study office portable Notebook Windows 10,https://www.kaggle.com/datasets/ironwolf437/laptop-price-dataset,Kaggle laptop-price-dataset (Apache-2.0),2026-08-05T06:07:04.985220+00:00,Laptops,Asus,621.0
10000245,X556UJ-XO044T (i7-6500U/4GB/500GB/GeForce,Intel Core i7 6500U 2.5 GHz,Nvidia GeForce 920M,4GB,500GB HDD,15.6 inch · 1366x768,Not specified,2.2 kg,study office portable Notebook Windows 10,https://www.kaggle.com/datasets/ironwolf437/laptop-price-dataset,Kaggle laptop-price-dataset (Apache-2.0),2026-08-05T06:07:04.985220+00:00,Laptops,Asus,777.95
10000246,X705UV-BX074T (i3-6006U/4GB/1TB/GeForce,Intel Core i3 6006U 2.0 GHz,Nvidia GeForce 920MX,4GB,1TB HDD,17.3 inch · Full HD 1920x1080,Not specified,2.0 kg,study office portable Notebook Windows 10,https://www.kaggle.com/datasets/ironwolf437/laptop-price-dataset,Kaggle laptop-price-dataset (Apache-2.0),2026-08-05T06:07:04.985220+00:00,Laptops,Asus,609.12
10000247,X751NV-TY001 (N4200/4GB/1TB/GeForce,Intel Pentium Quad Core N4200 1.1 GHz,Nvidia GeForce 920MX,4GB,1TB HDD,17.3 inch · 1366x768,Not specified,2.8 kg,study office portable Notebook Windows 10,https://www.kaggle.com/datasets/ironwolf437/laptop-price-dataset,Kaggle laptop-price-dataset (Apache-2.0),2026-08-05T06:07:04.985220+00:00,Laptops,Asus,507.97
10000248,X751NV-TY001T (N4200/4GB/1TB/GeForce,Intel Pentium Quad Core N4200 1.1 GHz,Nvidia GeForce 920MX,4GB,1TB HDD,17.3 inch · 1366x768,Not specified,2.8 kg,study office portable Notebook Windows 10,https://www.kaggle.com/datasets/ironwolf437/laptop-price-dataset,Kaggle laptop-price-dataset (Apache-2.0),2026-08-05T06:07:04.985220+00:00,Laptops,Asus,503.28
10000249,X751SV-TY001T (N3710/4GB/1TB/GeForce,Intel Pentium Quad Core N3710 1.6 GHz,Nvidia GeForce 920MX,4GB,1TB HDD,17.3 inch · 1600x900,Not specified,2.8 kg,study office portable Notebook Windows 10,https://www.kaggle.com/datasets/ironwolf437/laptop-price-dataset,Kaggle laptop-price-dataset (Apache-2.0),2026-08-05T06:07:04.985220+00:00,Laptops,Asus,572.4
10000250,Zenbook 3,Intel Core i5 7200U 2.5 GHz,Intel HD Graphics 620,8GB,256GB SSD,14.0 inch · Full HD 1920x1080,Not specified,1.1 kg,study office portable Ultrabook Windows 10,https://www.kaggle.com/datasets/ironwolf437/laptop-price-dataset,Kaggle laptop-price-dataset (Apache-2.0),2026-08-05T06:07:04.985220+00:00,Laptops,Asus,1225.8
10000251,Zenbook 3,Intel Core i7 7500U 2.7 GHz,Intel HD Graphics 620,8GB,512GB SSD,14.0 inch · Full HD 1920x1080,Not specified,1.1 kg,study office portable Ultrabook Windows 10,https://www.kaggle.com/datasets/ironwolf437/laptop-price-dataset,Kaggle laptop-price-dataset (Apache-2.0),2026-08-05T06:07:04.985220+00:00,Laptops,Asus,2022.84
10000252,ZenBook 3,Intel Core i7 7500U 2.7 GHz,Intel HD Graphics 620,16GB,512GB SSD,14.0 inch · Full HD 1920x1080,Not specified,1.1 kg,study office portable Ultrabook Windows 10,https://www.kaggle.com/datasets/ironwolf437/laptop-price-dataset,Kaggle laptop-price-dataset (Apache-2.0),2026-08-05T06:07:04.985220+00:00,Laptops,Asus,2052.0
10000253,ZenBook Flip,Intel Core i5 7200U 2.5 GHz,Intel HD Graphics 620,8GB,256GB SSD,13.3 inch · IPS Panel Full HD / Touchscreen 1920x1080,Not specified,1.27 kg,study office portable 2 in 1 Convertible Windows 10,https://www.kaggle.com/datasets/ironwolf437/laptop-price-dataset,Kaggle laptop-price-dataset (Apache-2.0),2026-08-05T06:07:04.985220+00:00,Laptops,Asus,1002.24
10000254,ZenBook Flip,Intel Core i7 7500U 2.7 GHz,Nvidia GeForce GT 940MX,12GB,512GB SSD + 2TB HDD,15.6 inch · Full HD / Touchscreen 1920x1080,Not specified,2.26 kg,study office portable 2 in 1 Convertible Windows 10,https://www.kaggle.com/datasets/ironwolf437/laptop-price-dataset,Kaggle laptop-price-dataset (Apache-2.0),2026-08-05T06:07:04.985220+00:00,Laptops,Asus,1186.92
10000255,ZenBook Flip,Intel Core i5 8250U 1.6 GHz,Intel HD Graphics 620,8GB,256GB SSD,13.3 inch · Full HD / Touchscreen 1920x1080,Not specified,1.1 kg,study office portable 2 in 1 Convertible Windows 10,https://www.kaggle.com/datasets/ironwolf437/laptop-price-dataset,Kaggle laptop-price-dataset (Apache-2.0),2026-08-05T06:07:04.985220+00:00,Laptops,Asus,1420.2
10000256,ZenBook Flip,Intel Core i5 7200U 2.5 GHz,Intel HD Graphics 620,8GB,256GB SSD,13.3 inch · Touchscreen / Full HD 1920x1080,Not specified,1.1 kg,study office portable 2 in 1 Convertible Windows 10,https://www.kaggle.com/datasets/ironwolf437/laptop-price-dataset,Kaggle laptop-price-dataset (Apache-2.0),2026-08-05T06:07:04.985220+00:00,Laptops,Asus,1466.64
10000257,ZenBook Flip,Intel Core i7 8550U 1.8 GHz,Intel UHD Graphics 620,8GB,512GB SSD + 512GB SSD,13.3 inch · Full HD / Touchscreen 1920x1080,Not specified,1.1 kg,study office portable 2 in 1 Convertible Windows 10,https://www.kaggle.com/datasets/ironwolf437/laptop-price-dataset,Kaggle laptop-price-dataset (Apache-2.0),2026-08-05T06:07:04.985220+00:00,Laptops,Asus,1618.92
10000258,Zenbook Flip,Intel Core i7 7500U 2.7 GHz,Intel HD Graphics 620,16GB,512GB SSD,13.3 inch · Full HD / Touchscreen 1920x1080,Not specified,1.1 kg,study office portable Ultrabook Windows 10,https://www.kaggle.com/datasets/ironwolf437/laptop-price-dataset,Kaggle laptop-price-dataset (Apache-2.0),2026-08-05T06:07:04.985220+00:00,Laptops,Asus,1888.81
10000259,ZenBook Pro,Intel Core i7 6700HQ 2.6 GHz,Intel HD Graphics 530,12GB,128GB SSD + 1TB HDD,15.6 inch · IPS Panel 4K Ultra HD 3840x2160,Not specified,2.06 kg,study office portable Notebook Windows 10,https://www.kaggle.com/datasets/ironwolf437/laptop-price-dataset,Kaggle laptop-price-dataset (Apache-2.0),2026-08-05T06:07:04.985220+00:00,Laptops,Asus,1402.92
10000260,ZenBook Pro,Intel Core i7 7700HQ 2.8 GHz,Nvidia GeForce GTX 1050 Ti,16GB,512GB SSD,15.6 inch · Full HD 1920x1080,Not specified,1.8 kg,study office portable Ultrabook Windows 10,https://www.kaggle.com/datasets/ironwolf437/laptop-price-dataset,Kaggle laptop-price-dataset (Apache-2.0),2026-08-05T06:07:04.985220+00:00,Laptops,Asus,2141.64
10000261,ZenBook UX305CA-UBM1,Intel Core M 6Y30 0.9 GHz,Intel HD Graphics 515,8GB,512GB SSD,13.3 inch · IPS Panel Full HD 1920x1080,Not specified,1.2 kg,study office portable Ultrabook Windows 10,https://www.kaggle.com/datasets/ironwolf437/laptop-price-dataset,Kaggle laptop-price-dataset (Apache-2.0),2026-08-05T06:07:04.985220+00:00,Laptops,Asus,787.32
10000262,ZenBook UX310UA-FB485T,Intel Core i5 7200U 2.5 GHz,Intel HD Graphics 620,8GB,256GB SSD,13.3 inch · Quad HD+ 3200x1800,Not specified,1.4 kg,study office portable Notebook Windows 10,https://www.kaggle.com/datasets/ironwolf437/laptop-price-dataset,Kaggle laptop-price-dataset (Apache-2.0),2026-08-05T06:07:04.985220+00:00,Laptops,Asus,1242.0
10000263,ZenBook UX310UA-WB71,Intel Core i7 6500U 2.5 GHz,Intel HD Graphics 520,8GB,256GB SSD,13.3 inch · Full HD 1920x1080,Not specified,1.45 kg,study office portable Ultrabook Windows 10,https://www.kaggle.com/datasets/ironwolf437/laptop-price-dataset,Kaggle laptop-price-dataset (Apache-2.0),2026-08-05T06:07:04.985220+00:00,Laptops,Asus,1382.4
10000264,ZenBook UX310UQ-GL026T,Intel Core i5 6200U 2.3 GHz,Nvidia GeForce 940M,8GB,512GB SSD,13.3 inch · IPS Panel Full HD 1920x1080,Not specified,1.45 kg,study office portable Ultrabook Windows 10,https://www.kaggle.com/datasets/ironwolf437/laptop-price-dataset,Kaggle laptop-price-dataset (Apache-2.0),2026-08-05T06:07:04.985220+00:00,Laptops,Asus,1108.08
10000265,Zenbook UX330UA-AH5Q,Intel Core i5 7200U 2.5 GHz,Intel HD Graphics 620,8GB,256GB SSD,13.3 inch · IPS Panel Quad HD+ 3200x1800,Not specified,1.2 kg,study office portable Ultrabook Windows 10,https://www.kaggle.com/datasets/ironwolf437/laptop-price-dataset,Kaggle laptop-price-dataset (Apache-2.0),2026-08-05T06:07:04.985220+00:00,Laptops,Asus,1219.32
10000266,Zenbook UX390UA,Intel Core i7 7500U 2.7 GHz,Intel HD Graphics 620,16GB,512GB SSD,12.5 inch · Full HD 1920x1080,Not specified,0.91 kg,study office portable Ultrabook Windows 10,https://www.kaggle.com/datasets/ironwolf437/laptop-price-dataset,Kaggle laptop-price-dataset (Apache-2.0),2026-08-05T06:07:04.985220+00:00,Laptops,Asus,2106.0
10000267,Zenbook UX410UA-GV027T,Intel Core i5 7200U 2.5 GHz,Intel HD Graphics 620,8GB,256GB SSD,14.0 inch · Full HD 1920x1080,Not specified,2.0 kg,study office portable Notebook Windows 10,https://www.kaggle.com/datasets/ironwolf437/laptop-price-dataset,Kaggle laptop-price-dataset (Apache-2.0),2026-08-05T06:07:04.985220+00:00,Laptops,Asus,1020.6
10000268,ZenBook UX410UA-GV183T,Intel Core i7 7500U 2.7 GHz,Intel HD Graphics 620,8GB,256GB SSD,14.0 inch · Full HD 1920x1080,Not specified,2.0 kg,study office portable Notebook Windows 10,https://www.kaggle.com/datasets/ironwolf437/laptop-price-dataset,Kaggle laptop-price-dataset (Apache-2.0),2026-08-05T06:07:04.985220+00:00,Laptops,Asus,1181.52
10000269,Zenbook UX430UA,Intel Core i7 7500U 2.7 GHz,Intel HD Graphics 620,8GB,256GB SSD,14.0 inch · Full HD 1920x1080,Not specified,1.25 kg,study office portable Ultrabook Windows 10,https://www.kaggle.com/datasets/ironwolf437/laptop-price-dataset,Kaggle laptop-price-dataset (Apache-2.0),2026-08-05T06:07:04.985220+00:00,Laptops,Asus,1132.92
10000270,ZenBook UX430UA,Intel Core i7 8550U 1.8 GHz,Intel UHD Graphics 620,8GB,256GB SSD,14.0 inch · Full HD 1920x1080,Not specified,1.25 kg,study office portable Ultrabook Windows 10,https://www.kaggle.com/datasets/ironwolf437/laptop-price-dataset,Kaggle laptop-price-dataset (Apache-2.0),2026-08-05T06:07:04.985220+00:00,Laptops,Asus,1186.92
10000271,ZenBook UX430UN,Intel Core i7 8550U 1.8 GHz,Nvidia GeForce MX150,16GB,512GB SSD,14.0 inch · Full HD 1920x1080,Not specified,1.3 kg,study office portable Ultrabook Windows 10,https://www.kaggle.com/datasets/ironwolf437/laptop-price-dataset,Kaggle laptop-price-dataset (Apache-2.0),2026-08-05T06:07:04.985220+00:00,Laptops,Asus,1614.6
10000272,Zenbook UX510UW-FI095T,Intel Core i7 7500U 2.7 GHz,Nvidia GeForce GTX 960M,8GB,256GB SSD + 1TB HDD,15.6 inch · IPS Panel 4K Ultra HD 3840x2160,Not specified,2.0 kg,study office portable Notebook Windows 10,https://www.kaggle.com/datasets/ironwolf437/laptop-price-dataset,Kaggle laptop-price-dataset (Apache-2.0),2026-08-05T06:07:04.985220+00:00,Laptops,Asus,1402.92
10000273,ZenBook UX510UX-CN211T,Intel Core i7 7500U 2.7 GHz,Intel HD Graphics 620,8GB,256GB SSD + 1TB HDD,15.6 inch · Full HD 1920x1080,Not specified,2.0 kg,study office portable Notebook Windows 10,https://www.kaggle.com/datasets/ironwolf437/laptop-price-dataset,Kaggle laptop-price-dataset (Apache-2.0),2026-08-05T06:07:04.985220+00:00,Laptops,Asus,1321.92
10000274,ZenBook UX530UQ-PRO,Intel Core i7 7500U 2.7 GHz,Nvidia GeForce 940MX,16GB,512GB SSD,15.6 inch · Full HD 1920x1080,Not specified,1.63 kg,study office portable Ultrabook Windows 10,https://www.kaggle.com/datasets/ironwolf437/laptop-price-dataset,Kaggle laptop-price-dataset (Apache-2.0),2026-08-05T06:07:04.985220+00:00,Laptops,Asus,1585.44
10000275,LapBook 12.3,Intel Celeron Quad Core N3450 1.1 GHz,Intel HD Graphics 500,6GB,64GB Flash Storage,12.3 inch · IPS Panel Retina Display 2736x1824,Not specified,1.4 kg,study office portable Notebook Windows 10,https://www.kaggle.com/datasets/ironwolf437/laptop-price-dataset,Kaggle laptop-price-dataset (Apache-2.0),2026-08-05T06:07:04.985220+00:00,Laptops,Chuwi,484.92
10000276,"Lapbook 15,6",Intel Atom x5-Z8350 1.44 GHz,Intel HD Graphics,4GB,64GB Flash Storage,15.6 inch · Full HD 1920x1080,Not specified,1.89 kg,study office portable Notebook Windows 10,https://www.kaggle.com/datasets/ironwolf437/laptop-price-dataset,Kaggle laptop-price-dataset (Apache-2.0),2026-08-05T06:07:04.985220+00:00,Laptops,Chuwi,268.81
10000277,"LapBook 15.6""",Intel Atom x5-Z8300 1.44 GHz,Intel HD Graphics,4GB,64GB Flash Storage,15.6 inch · Full HD 1920x1080,Not specified,1.89 kg,study office portable Notebook Windows 10,https://www.kaggle.com/datasets/ironwolf437/laptop-price-dataset,Kaggle laptop-price-dataset (Apache-2.0),2026-08-05T06:07:04.985220+00:00,Laptops,Chuwi,264.59
10000278,Alienware 15,Intel Core i7 6700HQ 2.6 GHz,Nvidia GeForce GTX 970M,16GB,256GB SSD + 1TB HDD,15.6 inch · 4K Ultra HD 3840x2160,Not specified,3.21 kg,study office portable Gaming Windows 10,https://www.kaggle.com/datasets/ironwolf437/laptop-price-dataset,Kaggle laptop-price-dataset (Apache-2.0),2026-08-05T06:07:04.985220+00:00,Laptops,Dell,1435.32
10000279,Alienware 15,Intel Core i5 7300HQ 2.5 GHz,Nvidia GeForce GTX 1060,16GB,128GB SSD + 1TB HDD,15.6 inch · Full HD 1920x1080,Not specified,3.21 kg,study office portable Gaming Windows 10,https://www.kaggle.com/datasets/ironwolf437/laptop-price-dataset,Kaggle laptop-price-dataset (Apache-2.0),2026-08-05T06:07:04.985220+00:00,Laptops,Dell,2215.08
10000280,Alienware 15,Intel Core i7 7700HQ 2.8 GHz,Nvidia GeForce GTX 1070,16GB,256GB SSD + 1TB HDD,15.6 inch · Full HD 1920x1080,Not specified,3.21 kg,study office portable Gaming Windows 10,https://www.kaggle.com/datasets/ironwolf437/laptop-price-dataset,Kaggle laptop-price-dataset (Apache-2.0),2026-08-05T06:07:04.985220+00:00,Laptops,Dell,2996.6
10000281,Alienware 15,Intel Core i7 7820HK 2.9 GHz,Nvidia GeForce GTX 1070,16GB,256GB SSD + 1TB HDD,15.6 inch · Full HD 1920x1080,Not specified,3.49 kg,study office portable Gaming Windows 10,https://www.kaggle.com/datasets/ironwolf437/laptop-price-dataset,Kaggle laptop-price-dataset (Apache-2.0),2026-08-05T06:07:04.985220+00:00,Laptops,Dell,3038.85
10000282,Alienware 17,Intel Core i7 7700HQ 2.7 GHz,Nvidia GeForce GTX 1060,8GB,1TB HDD,17.3 inch · IPS Panel Full HD 1920x1080,Not specified,4.42 kg,study office portable Notebook Windows 10,https://www.kaggle.com/datasets/ironwolf437/laptop-price-dataset,Kaggle laptop-price-dataset (Apache-2.0),2026-08-05T06:07:04.985220+00:00,Laptops,Dell,2209.68
10000283,Alienware 17,Intel Core i7 7700HQ 2.8 GHz,Nvidia GeForce GTX 1060,16GB,256GB SSD + 1TB HDD,17.3 inch · IPS Panel Full HD 1920x1080,Not specified,4.42 kg,study office portable Gaming Windows 10,https://www.kaggle.com/datasets/ironwolf437/laptop-price-dataset,Kaggle laptop-price-dataset (Apache-2.0),2026-08-05T06:07:04.985220+00:00,Laptops,Dell,2652.85
10000284,Alienware 17,Intel Core i7 7700HQ 2.8 GHz,Nvidia GeForce GTX 1060,16GB,128GB SSD + 1TB HDD,17.3 inch · IPS Panel Full HD 1920x1080,Not specified,4.36 kg,study office portable Gaming Windows 10,https://www.kaggle.com/datasets/ironwolf437/laptop-price-dataset,Kaggle laptop-price-dataset (Apache-2.0),2026-08-05T06:07:04.985220+00:00,Laptops,Dell,2705.42
10000285,Alienware 17,Intel Core i7 7700HQ 2.8 GHz,Nvidia GeForce GTX 1070,16GB,256GB SSD + 1TB HDD,17.3 inch · IPS Panel Full HD 1920x1080,Not specified,4.42 kg,study office portable Gaming Windows 10,https://www.kaggle.com/datasets/ironwolf437/laptop-price-dataset,Kaggle laptop-price-dataset (Apache-2.0),2026-08-05T06:07:04.985220+00:00,Laptops,Dell,2914.92
10000286,Alienware 17,Intel Core i7 6820HK 2.7 GHz,Nvidia GeForce GTX 1080,16GB,512GB SSD + 1TB HDD,17.3 inch · 2560x1440,Not specified,4.36 kg,study office portable Gaming Windows 10,https://www.kaggle.com/datasets/ironwolf437/laptop-price-dataset,Kaggle laptop-price-dataset (Apache-2.0),2026-08-05T06:07:04.985220+00:00,Laptops,Dell,2978.64
10000287,Alienware 17,Intel Core i7 7820HK 2.9 GHz,Nvidia GeForce GTX 1070,16GB,256GB SSD + 1TB HDD,17.3 inch · IPS Panel 2560x1440,Not specified,4.42 kg,study office portable Gaming Windows 10,https://www.kaggle.com/datasets/ironwolf437/laptop-price-dataset,Kaggle laptop-price-dataset (Apache-2.0),2026-08-05T06:07:04.985220+00:00,Laptops,Dell,3022.92
10000288,Alienware 17,Intel Core i7 6700HQ 2.6 GHz,Nvidia GeForce GTX 1070,32GB,256GB SSD + 1TB HDD,17.3 inch · Full HD 1920x1080,Not specified,4.42 kg,study office portable Gaming Windows 10,https://www.kaggle.com/datasets/ironwolf437/laptop-price-dataset,Kaggle laptop-price-dataset (Apache-2.0),2026-08-05T06:07:04.985220+00:00,Laptops,Dell,3024.0
10000289,Alienware 17,Intel Core i7 7700HQ 2.8 GHz,Nvidia GeForce GTX 1070,16GB,256GB SSD + 1TB HDD,15.6 inch · IPS Panel 4K Ultra HD 3840x2160,Not specified,4.42 kg,study office portable Gaming Windows 10,https://www.kaggle.com/datasets/ironwolf437/laptop-price-dataset,Kaggle laptop-price-dataset (Apache-2.0),2026-08-05T06:07:04.985220+00:00,Laptops,Dell,3098.51
10000290,Alienware 17,Intel Core i7 7700HQ 2.8 GHz,Nvidia GeForce GTX 1070,16GB,128GB SSD + 1TB HDD,17.3 inch · IPS Panel Full HD 1920x1080,Not specified,4.42 kg,study office portable Gaming Windows 10,https://www.kaggle.com/datasets/ironwolf437/laptop-price-dataset,Kaggle laptop-price-dataset (Apache-2.0),2026-08-05T06:07:04.985220+00:00,Laptops,Dell,3253.79
10000291,Alienware 17,Intel Core i7 7700HQ 2.8 GHz,Nvidia GeForce GTX 1070,32GB,512GB SSD + 1TB HDD,17.3 inch · IPS Panel Full HD 1920x1080,Not specified,4.42 kg,study office portable Gaming Windows 10,https://www.kaggle.com/datasets/ironwolf437/laptop-price-dataset,Kaggle laptop-price-dataset (Apache-2.0),2026-08-05T06:07:04.985220+00:00,Laptops,Dell,3318.72
10000292,Alienware 17,Intel Core i7 7700HQ 2.8 GHz,Nvidia GeForce GTX 1070,32GB,512GB SSD + 1TB HDD,17.3 inch · IPS Panel 4K Ultra HD 3840x2160,Not specified,4.42 kg,study office portable Gaming Windows 10,https://www.kaggle.com/datasets/ironwolf437/laptop-price-dataset,Kaggle laptop-price-dataset (Apache-2.0),2026-08-05T06:07:04.985220+00:00,Laptops,Dell,3399.16
10000293,Alienware 17,Intel Core i7 7700HQ 2.8 GHz,Nvidia GeForce GTX 1070,32GB,256GB SSD + 1TB HDD,17.3 inch · IPS Panel Full HD 1920x1080,Not specified,4.42 kg,study office portable Gaming Windows 10,https://www.kaggle.com/datasets/ironwolf437/laptop-price-dataset,Kaggle laptop-price-dataset (Apache-2.0),2026-08-05T06:07:04.985220+00:00,Laptops,Dell,3400.92
10000294,Alienware 17,Intel Core i7 7700HQ 2.8 GHz,Nvidia GeForce GTX 1070,16GB,512GB SSD + 1TB HDD,17.3 inch · IPS Panel 4K Ultra HD 3840x2160,Not specified,4.36 kg,study office portable Gaming Windows 10,https://www.kaggle.com/datasets/ironwolf437/laptop-price-dataset,Kaggle laptop-price-dataset (Apache-2.0),2026-08-05T06:07:04.985220+00:00,Laptops,Dell,3406.32
10000295,Alienware 17,Intel Core i7 7700HQ 2.8 GHz,Nvidia GeForce GTX 1070M,32GB,1TB SSD + 1TB HDD,17.3 inch · IPS Panel Full HD 1920x1080,Not specified,4.42 kg,study office portable Gaming Windows 10,https://www.kaggle.com/datasets/ironwolf437/laptop-price-dataset,Kaggle laptop-price-dataset (Apache-2.0),2026-08-05T06:07:04.985220+00:00,Laptops,Dell,3875.9
10000296,Alienware 17,Intel Core i7 7700HQ 2.8 GHz,Nvidia GeForce GTX 1070,32GB,1TB SSD + 1TB HDD,17.3 inch · 4K Ultra HD 3840x2160,Not specified,4.36 kg,study office portable Gaming Windows 10,https://www.kaggle.com/datasets/ironwolf437/laptop-price-dataset,Kaggle laptop-price-dataset (Apache-2.0),2026-08-05T06:07:04.985220+00:00,Laptops,Dell,3952.15
10000297,Chromebook 11,Intel Celeron Dual Core N3060 1.6 GHz,Intel HD Graphics 400,4GB,16GB Flash Storage,11.6 inch · 1366x768,Not specified,1.26 kg,study office portable Netbook Chrome OS,https://www.kaggle.com/datasets/ironwolf437/laptop-price-dataset,Kaggle laptop-price-dataset (Apache-2.0),2026-08-05T06:07:04.985220+00:00,Laptops,Dell,318.6
10000298,Inspiron 3168,Intel Pentium Quad Core N3710 1.6 GHz,Intel HD Graphics 405,4GB,500GB HDD,11.6 inch · Touchscreen 1366x768,Not specified,1.47 kg,study office portable 2 in 1 Convertible Windows 10,https://www.kaggle.com/datasets/ironwolf437/laptop-price-dataset,Kaggle laptop-price-dataset (Apache-2.0),2026-08-05T06:07:04.985220+00:00,Laptops,Dell,517.32
10000299,Inspiron 3179,Intel Core M 7Y30 1.0 GHz,Intel HD Graphics 615,4GB,128GB SSD,11.6 inch · Touchscreen 1366x768,Not specified,1.39 kg,study office portable 2 in 1 Convertible Windows 10,https://www.kaggle.com/datasets/ironwolf437/laptop-price-dataset,Kaggle laptop-price-dataset (Apache-2.0),2026-08-05T06:07:04.985220+00:00,Laptops,Dell,651.24
10000300,Inspiron 3552,Intel Celeron Dual Core N3060 1.6 GHz,Intel HD Graphics,4GB,500GB HDD,15.6 inch · 1366x768,Not specified,2.2 kg,study office portable Notebook Linux,https://www.kaggle.com/datasets/ironwolf437/laptop-price-dataset,Kaggle laptop-price-dataset (Apache-2.0),2026-08-05T06:07:04.985220+00:00,Laptops,Dell,296.89
10000301,Inspiron 3552,Intel Celeron Dual Core N3060 1.6 GHz,Intel HD Graphics 400,4GB,500GB HDD,15.6 inch · 1366x768,Not specified,1.8 kg,study office portable Notebook Windows 10,https://www.kaggle.com/datasets/ironwolf437/laptop-price-dataset,Kaggle laptop-price-dataset (Apache-2.0),2026-08-05T06:07:04.985220+00:00,Laptops,Dell,333.72
10000302,Inspiron 3552,Intel Pentium Quad Core N3710 1.6 GHz,Intel HD Graphics,4GB,500GB HDD,15.6 inch · 1366x768,Not specified,2.2 kg,study office portable Notebook Linux,https://www.kaggle.com/datasets/ironwolf437/laptop-price-dataset,Kaggle laptop-price-dataset (Apache-2.0),2026-08-05T06:07:04.985220+00:00,Laptops,Dell,349.92
10000303,Inspiron 3552,Intel Pentium Quad Core N3710 1.6 GHz,Intel HD Graphics,4GB,500GB HDD,15.6 inch · 1366x768,Not specified,2.2 kg,study office portable Notebook Windows 10,https://www.kaggle.com/datasets/ironwolf437/laptop-price-dataset,Kaggle laptop-price-dataset (Apache-2.0),2026-08-05T06:07:04.985220+00:00,Laptops,Dell,398.52
10000304,Inspiron 3552,Intel Celeron Dual Core N3050 1.6 GHz,Intel HD Graphics,2GB,500GB HDD,15.6 inch · 1366x768,Not specified,2.2 kg,study office portable Notebook Windows 10,https://www.kaggle.com/datasets/ironwolf437/laptop-price-dataset,Kaggle laptop-price-dataset (Apache-2.0),2026-08-05T06:07:04.985220+00:00,Laptops,Dell,409.32
10000305,Inspiron 3552,Intel Pentium Quad Core N3700 1.6 GHz,Intel HD Graphics,4GB,500GB HDD,15.6 inch · 1366x768,Not specified,2.2 kg,study office portable Notebook Linux,https://www.kaggle.com/datasets/ironwolf437/laptop-price-dataset,Kaggle laptop-price-dataset (Apache-2.0),2026-08-05T06:07:04.985220+00:00,Laptops,Dell,424.97
10000306,Inspiron 3552,Intel Pentium Quad Core N3700 1.6 GHz,Intel HD Graphics,4GB,500GB HDD,15.6 inch · 1366x768,Not specified,2.2 kg,study office portable Notebook Windows 10,https://www.kaggle.com/datasets/ironwolf437/laptop-price-dataset,Kaggle laptop-price-dataset (Apache-2.0),2026-08-05T06:07:04.985220+00:00,Laptops,Dell,479.51
10000307,Inspiron 3567,Intel Core i3 6006U 2.0 GHz,Intel HD Graphics 520,4GB,1TB HDD,15.6 inch · 1366x768,Not specified,2.25 kg,study office portable Notebook Linux,https://www.kaggle.com/datasets/ironwolf437/laptop-price-dataset,Kaggle laptop-price-dataset (Apache-2.0),2026-08-05T06:07:04.985220+00:00,Laptops,Dell,387.72
10000308,Inspiron 3567,Intel Core i3 6006U 2.0 GHz,Intel HD Graphics 520,4GB,1TB HDD,15.6 inch · 1366x768,Not specified,2.3 kg,study office portable Notebook Windows 10,https://www.kaggle.com/datasets/ironwolf437/laptop-price-dataset,Kaggle laptop-price-dataset (Apache-2.0),2026-08-05T06:07:04.985220+00:00,Laptops,Dell,452.13
10000309,Inspiron 3567,Intel Core i3 6006U 2.0 GHz,AMD Radeon R5 M430,4GB,1TB HDD,15.6 inch · Full HD 1920x1080,Not specified,2.25 kg,study office portable Notebook Linux,https://www.kaggle.com/datasets/ironwolf437/laptop-price-dataset,Kaggle laptop-price-dataset (Apache-2.0),2026-08-05T06:07:04.985220+00:00,Laptops,Dell,462.24
10000310,Inspiron 3567,Intel Core i3 7100U 2.4 GHz,Intel HD Graphics 620,6GB,1TB HDD,15.6 inch · Touchscreen 1366x768,Not specified,2.3 kg,study office portable Notebook Windows 10,https://www.kaggle.com/datasets/ironwolf437/laptop-price-dataset,Kaggle laptop-price-dataset (Apache-2.0),2026-08-05T06:07:04.985220+00:00,Laptops,Dell,474.12
10000311,Inspiron 3567,Intel Core i3 6006U 2.0 GHz,AMD Radeon R5 M430,4GB,1TB HDD,15.6 inch · Full HD 1920x1080,Not specified,2.2 kg,study office portable Notebook Windows 10,https://www.kaggle.com/datasets/ironwolf437/laptop-price-dataset,Kaggle laptop-price-dataset (Apache-2.0),2026-08-05T06:07:04.985220+00:00,Laptops,Dell,484.92
10000312,Inspiron 3567,Intel Core i3 7100U 2.4 GHz,Intel HD Graphics 620,8GB,1TB HDD,15.6 inch · 1366x768,Not specified,2.3 kg,study office portable Notebook Windows 10,https://www.kaggle.com/datasets/ironwolf437/laptop-price-dataset,Kaggle laptop-price-dataset (Apache-2.0),2026-08-05T06:07:04.985220+00:00,Laptops,Dell,495.72
10000313,Inspiron 3567,Intel Core i3 7100U 2.4 GHz,Intel HD Graphics 620,6GB,1TB HDD,15.6 inch · 1366x768,Not specified,2.3 kg,study office portable Notebook Windows 10,https://www.kaggle.com/datasets/ironwolf437/laptop-price-dataset,Kaggle laptop-price-dataset (Apache-2.0),2026-08-05T06:07:04.985220+00:00,Laptops,Dell,495.72
10000314,Inspiron 3567,Intel Core i3 6006U 2.0 GHz,AMD Radeon R5 M430,4GB,1TB HDD,15.6 inch · 1366x768,Not specified,2.25 kg,study office portable Notebook Linux,https://www.kaggle.com/datasets/ironwolf437/laptop-price-dataset,Kaggle laptop-price-dataset (Apache-2.0),2026-08-05T06:07:04.985220+00:00,Laptops,Dell,502.87
10000315,Inspiron 3567,Intel Core i3 7100U 2.4 GHz,Intel HD Graphics 620,8GB,1TB HDD,15.6 inch · Touchscreen 1366x768,Not specified,2.3 kg,study office portable Notebook Windows 10,https://www.kaggle.com/datasets/ironwolf437/laptop-price-dataset,Kaggle laptop-price-dataset (Apache-2.0),2026-08-05T06:07:04.985220+00:00,Laptops,Dell,506.53
10000316,Inspiron 3567,Intel Core i3 6006U 2.0 GHz,AMD Radeon R5 M430,4GB,256GB SSD,15.6 inch · Full HD 1920x1080,Not specified,2.2 kg,study office portable Notebook Linux,https://www.kaggle.com/datasets/ironwolf437/laptop-price-dataset,Kaggle laptop-price-dataset (Apache-2.0),2026-08-05T06:07:04.985220+00:00,Laptops,Dell,523.8
10000317,Inspiron 3567,Intel Core i3 6006U 2.0 GHz,AMD Radeon R5 M430,4GB,256GB SSD,15.6 inch · Full HD 1920x1080,Not specified,2.2 kg,study office portable Notebook Windows 10,https://www.kaggle.com/datasets/ironwolf437/laptop-price-dataset,Kaggle laptop-price-dataset (Apache-2.0),2026-08-05T06:07:04.985220+00:00,Laptops,Dell,538.81
10000318,Inspiron 3567,Intel Core i5 7200U 2.5 GHz,Intel HD Graphics 620,8GB,1TB HDD,15.6 inch · 1366x768,Not specified,2.14 kg,study office portable Notebook Windows 10,https://www.kaggle.com/datasets/ironwolf437/laptop-price-dataset,Kaggle laptop-price-dataset (Apache-2.0),2026-08-05T06:07:04.985220+00:00,Laptops,Dell,583.15
10000319,Inspiron 3567,Intel Core i3 6006U 2.0 GHz,AMD Radeon R5 M430,4GB,1TB HDD,15.6 inch · 1366x768,Not specified,2.2 kg,study office portable Notebook Windows 10,https://www.kaggle.com/datasets/ironwolf437/laptop-price-dataset,Kaggle laptop-price-dataset (Apache-2.0),2026-08-05T06:07:04.985220+00:00,Laptops,Dell,589.32
10000320,Inspiron 3567,Intel Core i5 7200U 2.5 GHz,Intel HD Graphics 620,8GB,2TB HDD,15.6 inch · Touchscreen 1366x768,Not specified,2.36 kg,study office portable Notebook Windows 10,https://www.kaggle.com/datasets/ironwolf437/laptop-price-dataset,Kaggle laptop-price-dataset (Apache-2.0),2026-08-05T06:07:04.985220+00:00,Laptops,Dell,601.96
10000321,Inspiron 3567,Intel Core i5 7200U 2.5 GHz,Intel HD Graphics,4GB,1TB HDD,15.6 inch · Full HD 1920x1080,Not specified,2.25 kg,study office portable Notebook Windows 10,https://www.kaggle.com/datasets/ironwolf437/laptop-price-dataset,Kaggle laptop-price-dataset (Apache-2.0),2026-08-05T06:07:04.985220+00:00,Laptops,Dell,603.72
10000322,Inspiron 3567,Intel Core i5 7200U 2.5 GHz,AMD Radeon R5 M430,8GB,1TB HDD,15.6 inch · Full HD 1920x1080,Not specified,2.24 kg,study office portable Notebook Windows 10,https://www.kaggle.com/datasets/ironwolf437/laptop-price-dataset,Kaggle laptop-price-dataset (Apache-2.0),2026-08-05T06:07:04.985220+00:00,Laptops,Dell,610.2
10000323,Inspiron 3567,Intel Core i5 7200U 2.5 GHz,AMD Radeon R5 M430,4GB,500GB HDD,15.6 inch · Full HD 1920x1080,Not specified,2.3 kg,study office portable Notebook Windows 10,https://www.kaggle.com/datasets/ironwolf437/laptop-price-dataset,Kaggle laptop-price-dataset (Apache-2.0),2026-08-05T06:07:04.985220+00:00,Laptops,Dell,631.8
10000324,Inspiron 3567,Intel Core i5 7200U 2.5 GHz,AMD Radeon R5 M430,4GB,256GB SSD,15.6 inch · Full HD 1920x1080,Not specified,2.3 kg,study office portable Notebook Linux,https://www.kaggle.com/datasets/ironwolf437/laptop-price-dataset,Kaggle laptop-price-dataset (Apache-2.0),2026-08-05T06:07:04.985220+00:00,Laptops,Dell,646.81
10000325,Inspiron 3567,Intel Core i5 7200U 2.5 GHz,AMD Radeon R5 M430,4GB,500GB HDD,15.6 inch · 1366x768,Not specified,2.25 kg,study office portable Notebook Windows 10,https://www.kaggle.com/datasets/ironwolf437/laptop-price-dataset,Kaggle laptop-price-dataset (Apache-2.0),2026-08-05T06:07:04.985220+00:00,Laptops,Dell,646.92
10000326,Inspiron 3567,Intel Core i7 7500U 2.7 GHz,AMD Radeon R5 M430,8GB,1TB HDD,15.6 inch · Full HD 1920x1080,Not specified,2.2 kg,study office portable Notebook Linux,https://www.kaggle.com/datasets/ironwolf437/laptop-price-dataset,Kaggle laptop-price-dataset (Apache-2.0),2026-08-05T06:07:04.985220+00:00,Laptops,Dell,647.89
10000327,Inspiron 3567,Intel Core i5 7200U 2.5 GHz,AMD Radeon R5 M430,4GB,256GB SSD,15.6 inch · Full HD 1920x1080,Not specified,2.3 kg,study office portable Notebook Windows 10,https://www.kaggle.com/datasets/ironwolf437/laptop-price-dataset,Kaggle laptop-price-dataset (Apache-2.0),2026-08-05T06:07:04.985220+00:00,Laptops,Dell,690.12
10000328,Inspiron 3567,Intel Core i5 7200U 2.5 GHz,Intel HD Graphics 620,12GB,1TB HDD,15.6 inch · 1366x768,Not specified,2.25 kg,study office portable Notebook Windows 10,https://www.kaggle.com/datasets/ironwolf437/laptop-price-dataset,Kaggle laptop-price-dataset (Apache-2.0),2026-08-05T06:07:04.985220+00:00,Laptops,Dell,700.92
10000329,Inspiron 3567,Intel Core i7 7500U 2.7 GHz,AMD Radeon R5 M430,8GB,256GB SSD,15.6 inch · Full HD 1920x1080,Not specified,2.2 kg,study office portable Notebook Windows 10,https://www.kaggle.com/datasets/ironwolf437/laptop-price-dataset,Kaggle laptop-price-dataset (Apache-2.0),2026-08-05T06:07:04.985220+00:00,Laptops,Dell,804.6
10000330,Inspiron 3567,Intel Core i7 7500U 2.7 GHz,AMD Radeon R5 M430,8GB,256GB SSD,15.6 inch · Full HD 1920x1080,Not specified,2.2 kg,study office portable Notebook Linux,https://www.kaggle.com/datasets/ironwolf437/laptop-price-dataset,Kaggle laptop-price-dataset (Apache-2.0),2026-08-05T06:07:04.985220+00:00,Laptops,Dell,808.93
10000331,Inspiron 3567,Intel Core i7 7500U 2.7 GHz,AMD Radeon R5 M430,8GB,1TB HDD,15.6 inch · 1366x768,Not specified,2.3 kg,study office portable Notebook Linux,https://www.kaggle.com/datasets/ironwolf437/laptop-price-dataset,Kaggle laptop-price-dataset (Apache-2.0),2026-08-05T06:07:04.985220+00:00,Laptops,Dell,870.47
10000332,Inspiron 3576,Intel Core i5 8250U 1.6 GHz,AMD Radeon 520,8GB,1TB HDD,15.6 inch · Full HD 1920x1080,Not specified,2.2 kg,study office portable Notebook Linux,https://www.kaggle.com/datasets/ironwolf437/laptop-price-dataset,Kaggle laptop-price-dataset (Apache-2.0),2026-08-05T06:07:04.985220+00:00,Laptops,Dell,698.76
10000333,Inspiron 3576,Intel Core i5 8250U 1.6 GHz,AMD Radeon 520,8GB,1TB HDD,15.6 inch · Full HD 1920x1080,Not specified,2.2 kg,study office portable Notebook Windows 10,https://www.kaggle.com/datasets/ironwolf437/laptop-price-dataset,Kaggle laptop-price-dataset (Apache-2.0),2026-08-05T06:07:04.985220+00:00,Laptops,Dell,729.0
10000334,Inspiron 3576,Intel Core i5 8250U 1.6 GHz,AMD Radeon 520,8GB,256GB SSD,15.6 inch · Full HD 1920x1080,Not specified,2.2 kg,study office portable Notebook Linux,https://www.kaggle.com/datasets/ironwolf437/laptop-price-dataset,Kaggle laptop-price-dataset (Apache-2.0),2026-08-05T06:07:04.985220+00:00,Laptops,Dell,731.54
10000335,Inspiron 3576,Intel Core i5 8250U 1.6 GHz,AMD Radeon 520,8GB,256GB SSD,15.6 inch · Full HD 1920x1080,Not specified,2.13 kg,study office portable Notebook Windows 10,https://www.kaggle.com/datasets/ironwolf437/laptop-price-dataset,Kaggle laptop-price-dataset (Apache-2.0),2026-08-05T06:07:04.985220+00:00,Laptops,Dell,786.24
10000336,Inspiron 3576,Intel Core i7 8550U 1.8 GHz,AMD Radeon 520,8GB,256GB SSD,15.6 inch · Full HD 1920x1080,Not specified,2.14 kg,study office portable Notebook Linux,https://www.kaggle.com/datasets/ironwolf437/laptop-price-dataset,Kaggle laptop-price-dataset (Apache-2.0),2026-08-05T06:07:04.985220+00:00,Laptops,Dell,793.88
10000337,Inspiron 3576,Intel Core i7 8550U 1.8 GHz,AMD Radeon 520,8GB,256GB SSD,15.6 inch · Full HD 1920x1080,Not specified,2.13 kg,study office portable Notebook Windows 10,https://www.kaggle.com/datasets/ironwolf437/laptop-price-dataset,Kaggle laptop-price-dataset (Apache-2.0),2026-08-05T06:07:04.985220+00:00,Laptops,Dell,829.22
10000338,Inspiron 5368,Intel Core i5 6200U 2.3 GHz,Intel HD Graphics 520,8GB,1TB HDD,13.3 inch · Full HD / Touchscreen 1920x1080,Not specified,1.62 kg,study office portable Notebook Windows 10,https://www.kaggle.com/datasets/ironwolf437/laptop-price-dataset,Kaggle laptop-price-dataset (Apache-2.0),2026-08-05T06:07:04.985220+00:00,Laptops,Dell,700.92
10000339,Inspiron 5368,Intel Core i7 6500U 2.5 GHz,Intel HD Graphics 520,8GB,256GB SSD,13.3 inch · Full HD / Touchscreen 1920x1080,Not specified,1.62 kg,study office portable 2 in 1 Convertible Windows 10,https://www.kaggle.com/datasets/ironwolf437/laptop-price-dataset,Kaggle laptop-price-dataset (Apache-2.0),2026-08-05T06:07:04.985220+00:00,Laptops,Dell,861.85
10000340,Inspiron 5370,Intel Core i5 8250U 1.6 GHz,AMD Radeon 530,4GB,256GB SSD,13.3 inch · IPS Panel Full HD 1920x1080,Not specified,1.4 kg,study office portable Ultrabook Windows 10,https://www.kaggle.com/datasets/ironwolf437/laptop-price-dataset,Kaggle laptop-price-dataset (Apache-2.0),2026-08-05T06:07:04.985220+00:00,Laptops,Dell,883.82
10000341,Inspiron 5370,Intel Core i7 8550U 1.8 GHz,AMD Radeon 530,8GB,256GB SSD,13.3 inch · IPS Panel Full HD 1920x1080,Not specified,1.4 kg,study office portable Ultrabook Windows 10,https://www.kaggle.com/datasets/ironwolf437/laptop-price-dataset,Kaggle laptop-price-dataset (Apache-2.0),2026-08-05T06:07:04.985220+00:00,Laptops,Dell,1006.43
10000342,Inspiron 5370,Intel Core i7 8550U 1.8 GHz,AMD Radeon 530,8GB,256GB SSD,13.3 inch · IPS Panel Full HD 1920x1080,Not specified,1.4 kg,study office portable Ultrabook Windows 10,https://www.kaggle.com/datasets/ironwolf437/laptop-price-dataset,Kaggle laptop-price-dataset (Apache-2.0),2026-08-05T06:07:04.985220+00:00,Laptops,Dell,1031.4
10000343,Inspiron 5378,Intel Core i3 7100U 2.4 GHz,Intel HD Graphics 620,4GB,1TB HDD,13.3 inch · Full HD / Touchscreen 1920x1080,Not specified,1.71 kg,study office portable 2 in 1 Convertible Windows 10,https://www.kaggle.com/datasets/ironwolf437/laptop-price-dataset,Kaggle laptop-price-dataset (Apache-2.0),2026-08-05T06:07:04.985220+00:00,Laptops,Dell,700.92
10000344,Inspiron 5378,Intel Core i5 7200U 2.5 GHz,Intel HD Graphics 620,8GB,256GB SSD,13.3 inch · Full HD / Touchscreen 1920x1080,Not specified,1.68 kg,study office portable 2 in 1 Convertible Windows 10,https://www.kaggle.com/datasets/ironwolf437/laptop-price-dataset,Kaggle laptop-price-dataset (Apache-2.0),2026-08-05T06:07:04.985220+00:00,Laptops,Dell,960.12
10000345,Inspiron 5379,Intel Core i5 8250U 1.6 GHz,Intel UHD Graphics 620,8GB,1TB HDD,13.3 inch · Full HD / Touchscreen 1920x1080,Not specified,1.55 kg,study office portable 2 in 1 Convertible Windows 10,https://www.kaggle.com/datasets/ironwolf437/laptop-price-dataset,Kaggle laptop-price-dataset (Apache-2.0),2026-08-05T06:07:04.985220+00:00,Laptops,Dell,711.72
10000346,Inspiron 5379,Intel Core i5 8250U 1.6 GHz,Intel UHD Graphics 620,8GB,256GB SSD,13.3 inch · Full HD / Touchscreen 1920x1080,Not specified,1.62 kg,study office portable 2 in 1 Convertible Windows 10,https://www.kaggle.com/datasets/ironwolf437/laptop-price-dataset,Kaggle laptop-price-dataset (Apache-2.0),2026-08-05T06:07:04.985220+00:00,Laptops,Dell,884.52
10000347,Inspiron 5379,Intel Core i7 8550U 1.8 GHz,Intel UHD Graphics 620,8GB,1TB HDD,13.3 inch · IPS Panel Full HD / Touchscreen 1920x1080,Not specified,1.62 kg,study office portable 2 in 1 Convertible Windows 10,https://www.kaggle.com/datasets/ironwolf437/laptop-price-dataset,Kaggle laptop-price-dataset (Apache-2.0),2026-08-05T06:07:04.985220+00:00,Laptops,Dell,906.12
10000348,Inspiron 5379,Intel Core i7 8550U 1.8 GHz,Intel UHD Graphics 620,8GB,256GB SSD,13.3 inch · Full HD / Touchscreen 1920x1080,Not specified,1.62 kg,study office portable 2 in 1 Convertible Windows 10,https://www.kaggle.com/datasets/ironwolf437/laptop-price-dataset,Kaggle laptop-price-dataset (Apache-2.0),2026-08-05T06:07:04.985220+00:00,Laptops,Dell,938.53
10000349,Inspiron 5379,Intel Core i7 8550U 1.8 GHz,Intel UHD Graphics 620,16GB,512GB SSD,13.3 inch · Full HD / Touchscreen 1920x1080,Not specified,1.62 kg,study office portable 2 in 1 Convertible Windows 10,https://www.kaggle.com/datasets/ironwolf437/laptop-price-dataset,Kaggle laptop-price-dataset (Apache-2.0),2026-08-05T06:07:04.985220+00:00,Laptops,Dell,1381.32
10000350,Inspiron 5567,Intel Core i3 6006U 2.0 GHz,AMD Radeon R7 M440,4GB,128GB SSD,15.6 inch · 1366x768,Not specified,2.3 kg,study office portable Notebook Windows 10,https://www.kaggle.com/datasets/ironwolf437/laptop-price-dataset,Kaggle laptop-price-dataset (Apache-2.0),2026-08-05T06:07:04.985220+00:00,Laptops,Dell,538.92
10000351,Inspiron 5567,Intel Core i5 7200U 2.5 GHz,AMD Radeon R7 M445,8GB,1TB HDD,15.6 inch · 1366x768,Not specified,2.32 kg,study office portable Notebook Linux,https://www.kaggle.com/datasets/ironwolf437/laptop-price-dataset,Kaggle laptop-price-dataset (Apache-2.0),2026-08-05T06:07:04.985220+00:00,Laptops,Dell,636.68
10000352,Inspiron 5567,Intel Core i5 7200U 2.5 GHz,AMD Radeon R7 M445,8GB,1TB HDD,15.6 inch · Full HD 1920x1080,Not specified,2.36 kg,study office portable Notebook Windows 10,https://www.kaggle.com/datasets/ironwolf437/laptop-price-dataset,Kaggle laptop-price-dataset (Apache-2.0),2026-08-05T06:07:04.985220+00:00,Laptops,Dell,689.9
10000353,Inspiron 5567,Intel Core i5 7200U 2.5 GHz,AMD Radeon R7 M445,8GB,1TB HDD,15.6 inch · 1366x768,Not specified,2.36 kg,study office portable Notebook Windows 10,https://www.kaggle.com/datasets/ironwolf437/laptop-price-dataset,Kaggle laptop-price-dataset (Apache-2.0),2026-08-05T06:07:04.985220+00:00,Laptops,Dell,690.11
10000354,Inspiron 5567,Intel Core i7 7500U 2.7 GHz,Intel HD Graphics 620,12GB,1TB HDD,15.6 inch · 1366x768,Not specified,2.3 kg,study office portable Notebook Windows 10,https://www.kaggle.com/datasets/ironwolf437/laptop-price-dataset,Kaggle laptop-price-dataset (Apache-2.0),2026-08-05T06:07:04.985220+00:00,Laptops,Dell,770.12
10000355,Inspiron 5567,Intel Core i7 7500U 2.7 GHz,AMD Radeon R7 M445,8GB,1TB HDD,15.6 inch · 1366x768,Not specified,2.36 kg,study office portable Notebook Windows 10,https://www.kaggle.com/datasets/ironwolf437/laptop-price-dataset,Kaggle laptop-price-dataset (Apache-2.0),2026-08-05T06:07:04.985220+00:00,Laptops,Dell,808.92
10000356,Inspiron 5567,Intel Core i7 7500U 2.7 GHz,AMD Radeon R7 M445,8GB,256GB SSD,15.6 inch · Full HD 1920x1080,Not specified,2.33 kg,study office portable Notebook Linux,https://www.kaggle.com/datasets/ironwolf437/laptop-price-dataset,Kaggle laptop-price-dataset (Apache-2.0),2026-08-05T06:07:04.985220+00:00,Laptops,Dell,841.18
10000357,Inspiron 5567,Intel Core i5 7200U 2.5 GHz,AMD Radeon R7 M445,8GB,1TB HDD,15.6 inch · 1366x768,Not specified,2.5 kg,study office portable Notebook Windows 10,https://www.kaggle.com/datasets/ironwolf437/laptop-price-dataset,Kaggle laptop-price-dataset (Apache-2.0),2026-08-05T06:07:04.985220+00:00,Laptops,Dell,846.72
10000358,Inspiron 5567,Intel Core i7 7500U 2.7 GHz,AMD Radeon R7 M445,16GB,1TB HDD,15.6 inch · Full HD / Touchscreen 1920x1080,Not specified,2.3 kg,study office portable Notebook Windows 10,https://www.kaggle.com/datasets/ironwolf437/laptop-price-dataset,Kaggle laptop-price-dataset (Apache-2.0),2026-08-05T06:07:04.985220+00:00,Laptops,Dell,927.73
10000359,Inspiron 5567,Intel Core i5 7200U 2.5 GHz,AMD Radeon R7 M445,8GB,256GB SSD,15.6 inch · Full HD 1920x1080,Not specified,2.36 kg,study office portable Notebook Windows 10,https://www.kaggle.com/datasets/ironwolf437/laptop-price-dataset,Kaggle laptop-price-dataset (Apache-2.0),2026-08-05T06:07:04.985220+00:00,Laptops,Dell,960.12
10000360,Inspiron 5567,Intel Core i7 7500U 2.7 GHz,AMD Radeon R7 M445,16GB,256GB SSD,15.6 inch · Full HD 1920x1080,Not specified,2.36 kg,study office portable Notebook Linux,https://www.kaggle.com/datasets/ironwolf437/laptop-price-dataset,Kaggle laptop-price-dataset (Apache-2.0),2026-08-05T06:07:04.985220+00:00,Laptops,Dell,970.92
10000361,Inspiron 5567,Intel Core i7 7500U 2.7 GHz,AMD Radeon R7 M445,8GB,256GB SSD,15.6 inch · Full HD 1920x1080,Not specified,2.33 kg,study office portable Notebook Windows 10,https://www.kaggle.com/datasets/ironwolf437/laptop-price-dataset,Kaggle laptop-price-dataset (Apache-2.0),2026-08-05T06:07:04.985220+00:00,Laptops,Dell,970.92
10000362,Inspiron 5567,Intel Core i7 7500U 2.7 GHz,AMD Radeon R7 M445,16GB,2TB HDD,15.6 inch · Full HD 1920x1080,Not specified,2.32 kg,study office portable Notebook Windows 10,https://www.kaggle.com/datasets/ironwolf437/laptop-price-dataset,Kaggle laptop-price-dataset (Apache-2.0),2026-08-05T06:07:04.985220+00:00,Laptops,Dell,1069.19
10000363,Inspiron 5567,Intel Core i7 7500U 2.7 GHz,AMD Radeon R7 M445,16GB,256GB SSD,15.6 inch · Full HD 1920x1080,Not specified,2.3 kg,study office portable Notebook Windows 10,https://www.kaggle.com/datasets/ironwolf437/laptop-price-dataset,Kaggle laptop-price-dataset (Apache-2.0),2026-08-05T06:07:04.985220+00:00,Laptops,Dell,1275.77
10000364,Inspiron 5568,Intel Core i3 6100U 2.3 GHz,Intel HD Graphics 520,4GB,1TB HDD,15.6 inch · IPS Panel Full HD / Touchscreen 1920x1080,Not specified,2.08 kg,study office portable 2 in 1 Convertible Windows 10,https://www.kaggle.com/datasets/ironwolf437/laptop-price-dataset,Kaggle laptop-price-dataset (Apache-2.0),2026-08-05T06:07:04.985220+00:00,Laptops,Dell,859.67
10000365,Inspiron 5570,Intel Core i5 8250U 1.6 GHz,AMD Radeon 530,8GB,1TB HDD,15.6 inch · Full HD 1920x1080,Not specified,1.9 kg,study office portable Ultrabook Windows 10,https://www.kaggle.com/datasets/ironwolf437/laptop-price-dataset,Kaggle laptop-price-dataset (Apache-2.0),2026-08-05T06:07:04.985220+00:00,Laptops,Dell,716.04
10000366,Inspiron 5570,Intel Core i5 8250U 1.6 GHz,AMD Radeon 530,8GB,128GB SSD + 1TB HDD,15.6 inch · Full HD 1920x1080,Not specified,2.2 kg,study office portable Notebook Windows 10,https://www.kaggle.com/datasets/ironwolf437/laptop-price-dataset,Kaggle laptop-price-dataset (Apache-2.0),2026-08-05T06:07:04.985220+00:00,Laptops,Dell,776.52
10000367,Inspiron 5570,Intel Core i5 8250U 1.6 GHz,AMD Radeon 530,4GB,256GB SSD,15.6 inch · Full HD 1920x1080,Not specified,2.2 kg,study office portable Notebook Windows 10,https://www.kaggle.com/datasets/ironwolf437/laptop-price-dataset,Kaggle laptop-price-dataset (Apache-2.0),2026-08-05T06:07:04.985220+00:00,Laptops,Dell,808.92
10000368,Inspiron 5570,Intel Core i5 8250U 1.6 GHz,AMD Radeon 530,8GB,2TB HDD,15.6 inch · Full HD 1920x1080,Not specified,2.02 kg,study office portable Notebook Windows 10,https://www.kaggle.com/datasets/ironwolf437/laptop-price-dataset,Kaggle laptop-price-dataset (Apache-2.0),2026-08-05T06:07:04.985220+00:00,Laptops,Dell,819.72
10000369,Inspiron 5570,Intel Core i5 8250U 1.6 GHz,AMD Radeon 530,4GB,1TB HDD,15.6 inch · Full HD 1920x1080,Not specified,2.2 kg,study office portable Notebook Windows 10,https://www.kaggle.com/datasets/ironwolf437/laptop-price-dataset,Kaggle laptop-price-dataset (Apache-2.0),2026-08-05T06:07:04.985220+00:00,Laptops,Dell,838.08
10000370,Inspiron 5570,Intel Core i5 8250U 1.6 GHz,AMD Radeon 530,8GB,256GB SSD,15.6 inch · Full HD 1920x1080,Not specified,2.2 kg,study office portable Notebook Windows 10,https://www.kaggle.com/datasets/ironwolf437/laptop-price-dataset,Kaggle laptop-price-dataset (Apache-2.0),2026-08-05T06:07:04.985220+00:00,Laptops,Dell,861.2
10000371,Inspiron 5570,Intel Core i5 8250U 1.6 GHz,AMD Radeon 530,8GB,256GB SSD,15.6 inch · Full HD 1920x1080,Not specified,2.2 kg,study office portable Notebook Windows 10,https://www.kaggle.com/datasets/ironwolf437/laptop-price-dataset,Kaggle laptop-price-dataset (Apache-2.0),2026-08-05T06:07:04.985220+00:00,Laptops,Dell,864.0
10000372,Inspiron 5570,Intel Core i5 8250U 1.6 GHz,AMD Radeon 530,8GB,128GB SSD + 1TB HDD,15.6 inch · Full HD 1920x1080,Not specified,2.33 kg,study office portable Notebook Windows 10,https://www.kaggle.com/datasets/ironwolf437/laptop-price-dataset,Kaggle laptop-price-dataset (Apache-2.0),2026-08-05T06:07:04.985220+00:00,Laptops,Dell,911.52
10000373,Inspiron 5570,Intel Core i7 8550U 1.8 GHz,Intel UHD Graphics 620,8GB,128GB SSD + 1TB HDD,15.6 inch · Full HD 1920x1080,Not specified,2.02 kg,study office portable Notebook Windows 10,https://www.kaggle.com/datasets/ironwolf437/laptop-price-dataset,Kaggle laptop-price-dataset (Apache-2.0),2026-08-05T06:07:04.985220+00:00,Laptops,Dell,923.4
10000374,Inspiron 5570,Intel Core i7 8550U 1.8 GHz,AMD Radeon 530,8GB,256GB SSD,15.6 inch · Full HD 1920x1080,Not specified,2.2 kg,study office portable Notebook Windows 10,https://www.kaggle.com/datasets/ironwolf437/laptop-price-dataset,Kaggle laptop-price-dataset (Apache-2.0),2026-08-05T06:07:04.985220+00:00,Laptops,Dell,939.6
10000375,Inspiron 5570,Intel Core i7 8550U 1.8 GHz,AMD Radeon 530,8GB,256GB SSD,15.6 inch · Full HD 1920x1080,Not specified,2.2 kg,study office portable Notebook Windows 10,https://www.kaggle.com/datasets/ironwolf437/laptop-price-dataset,Kaggle laptop-price-dataset (Apache-2.0),2026-08-05T06:07:04.985220+00:00,Laptops,Dell,992.52
10000376,Inspiron 5570,Intel Core i7 8550U 1.8 GHz,AMD Radeon 530,8GB,128GB SSD + 2TB HDD,15.6 inch · Full HD 1920x1080,Not specified,2.02 kg,study office portable Notebook Windows 10,https://www.kaggle.com/datasets/ironwolf437/laptop-price-dataset,Kaggle laptop-price-dataset (Apache-2.0),2026-08-05T06:07:04.985220+00:00,Laptops,Dell,1048.57
10000377,Inspiron 5570,Intel Core i7 8550U 1.8 GHz,AMD Radeon 530,8GB,128GB SSD + 1TB HDD,15.6 inch · Full HD 1920x1080,Not specified,2.36 kg,study office portable Notebook Windows 10,https://www.kaggle.com/datasets/ironwolf437/laptop-price-dataset,Kaggle laptop-price-dataset (Apache-2.0),2026-08-05T06:07:04.985220+00:00,Laptops,Dell,1057.32
10000378,Inspiron 5570,Intel Core i7 8550U 1.8 GHz,AMD Radeon 530,8GB,128GB SSD + 2TB HDD,15.6 inch · Full HD 1920x1080,Not specified,2.2 kg,study office portable Notebook Windows 10,https://www.kaggle.com/datasets/ironwolf437/laptop-price-dataset,Kaggle laptop-price-dataset (Apache-2.0),2026-08-05T06:07:04.985220+00:00,Laptops,Dell,1063.8
10000379,Inspiron 5570,Intel Core i7 8550U 1.8 GHz,AMD Radeon 530,16GB,256GB SSD + 2TB HDD,15.6 inch · Full HD 1920x1080,Not specified,2.02 kg,study office portable Notebook Linux,https://www.kaggle.com/datasets/ironwolf437/laptop-price-dataset,Kaggle laptop-price-dataset (Apache-2.0),2026-08-05T06:07:04.985220+00:00,Laptops,Dell,1132.92
10000380,Inspiron 5570,Intel Core i7 8550U 1.8 GHz,AMD Radeon 530,16GB,256GB SSD + 2TB HDD,15.6 inch · Full HD 1920x1080,Not specified,2.2 kg,study office portable Notebook Windows 10,https://www.kaggle.com/datasets/ironwolf437/laptop-price-dataset,Kaggle laptop-price-dataset (Apache-2.0),2026-08-05T06:07:04.985220+00:00,Laptops,Dell,1225.8
10000381,Inspiron 5570,Intel Core i7 8550U 1.8 GHz,AMD Radeon 530,8GB,256GB SSD + 2TB HDD,15.6 inch · Full HD 1920x1080,Not specified,2.02 kg,study office portable Notebook Windows 10,https://www.kaggle.com/datasets/ironwolf437/laptop-price-dataset,Kaggle laptop-price-dataset (Apache-2.0),2026-08-05T06:07:04.985220+00:00,Laptops,Dell,1233.79
10000382,Inspiron 5570,Intel Core i7 8550U 1.8 GHz,AMD Radeon 530,16GB,256GB SSD + 2TB HDD,15.6 inch · Full HD 1920x1080,Not specified,2.2 kg,study office portable Notebook Windows 10,https://www.kaggle.com/datasets/ironwolf437/laptop-price-dataset,Kaggle laptop-price-dataset (Apache-2.0),2026-08-05T06:07:04.985220+00:00,Laptops,Dell,1316.78
10000383,Inspiron 5577,Intel Core i5 7300HQ 2.5 GHz,Nvidia GeForce GTX 1050,8GB,1TB HDD,15.6 inch · Full HD 1920x1080,Not specified,2.56 kg,study office portable Gaming Windows 10,https://www.kaggle.com/datasets/ironwolf437/laptop-price-dataset,Kaggle laptop-price-dataset (Apache-2.0),2026-08-05T06:07:04.985220+00:00,Laptops,Dell,884.52
10000384,Inspiron 5577,Intel Core i5 7300HQ 2.5 GHz,Nvidia GeForce GTX 1050,8GB,256GB SSD,15.6 inch · Full HD 1920x1080,Not specified,2.56 kg,study office portable Gaming Windows 10,https://www.kaggle.com/datasets/ironwolf437/laptop-price-dataset,Kaggle laptop-price-dataset (Apache-2.0),2026-08-05T06:07:04.985220+00:00,Laptops,Dell,949.32
10000385,Inspiron 5577,Intel Core i7 7700HQ 2.8 GHz,Nvidia GeForce GTX 1050,8GB,128GB SSD + 1TB HDD,15.6 inch · Full HD 1920x1080,Not specified,2.56 kg,study office portable Gaming Windows 10,https://www.kaggle.com/datasets/ironwolf437/laptop-price-dataset,Kaggle laptop-price-dataset (Apache-2.0),2026-08-05T06:07:04.985220+00:00,Laptops,Dell,1145.33
10000386,Inspiron 5577,Intel Core i7 7700HQ 2.8 GHz,Nvidia GeForce GTX 1050,16GB,512GB SSD,15.6 inch · Full HD 1920x1080,Not specified,2.56 kg,study office portable Gaming Windows 10,https://www.kaggle.com/datasets/ironwolf437/laptop-price-dataset,Kaggle laptop-price-dataset (Apache-2.0),2026-08-05T06:07:04.985220+00:00,Laptops,Dell,1349.2
10000387,Inspiron 5578,Intel Core i3 7100U 2.4 GHz,Intel HD Graphics 620,4GB,500GB HDD,15.0 inch · Full HD / Touchscreen 1920x1080,Not specified,2.08 kg,study office portable 2 in 1 Convertible Windows 10,https://www.kaggle.com/datasets/ironwolf437/laptop-price-dataset,Kaggle laptop-price-dataset (Apache-2.0),2026-08-05T06:07:04.985220+00:00,Laptops,Dell,549.72
10000388,Inspiron 5578,Intel Core i5 7200U 2.7 GHz,Intel HD Graphics 620,8GB,256GB SSD,15.6 inch · IPS Panel Full HD / Touchscreen 1920x1080,Not specified,2.3 kg,study office portable 2 in 1 Convertible Windows 10,https://www.kaggle.com/datasets/ironwolf437/laptop-price-dataset,Kaggle laptop-price-dataset (Apache-2.0),2026-08-05T06:07:04.985220+00:00,Laptops,Dell,1181.52
10000389,Inspiron 5578,Intel Core i7 7500U 2.7 GHz,Intel HD Graphics 620,16GB,512GB SSD,15.6 inch · Full HD / Touchscreen 1920x1080,Not specified,2.09 kg,study office portable 2 in 1 Convertible Windows 10,https://www.kaggle.com/datasets/ironwolf437/laptop-price-dataset,Kaggle laptop-price-dataset (Apache-2.0),2026-08-05T06:07:04.985220+00:00,Laptops,Dell,1273.32
10000390,Inspiron 5579,Intel Core i5 8250U 1.6 GHz,Intel UHD Graphics 620,8GB,256GB SSD,15.6 inch · Full HD / Touchscreen 1920x1080,Not specified,2.67 kg,study office portable 2 in 1 Convertible Windows 10,https://www.kaggle.com/datasets/ironwolf437/laptop-price-dataset,Kaggle laptop-price-dataset (Apache-2.0),2026-08-05T06:07:04.985220+00:00,Laptops,Dell,862.92
10000391,Inspiron 5579,Intel Core i7 8550U 1.8 GHz,Intel UHD Graphics 620,8GB,1TB HDD,15.6 inch · IPS Panel Full HD / Touchscreen 1920x1080,Not specified,2.08 kg,study office portable 2 in 1 Convertible Windows 10,https://www.kaggle.com/datasets/ironwolf437/laptop-price-dataset,Kaggle laptop-price-dataset (Apache-2.0),2026-08-05T06:07:04.985220+00:00,Laptops,Dell,884.52
10000392,Inspiron 5579,Intel Core i7 8550U 1.8 GHz,Intel UHD Graphics 620,8GB,256GB SSD,15.6 inch · Full HD / Touchscreen 1920x1080,Not specified,1.56 kg,study office portable 2 in 1 Convertible Windows 10,https://www.kaggle.com/datasets/ironwolf437/laptop-price-dataset,Kaggle laptop-price-dataset (Apache-2.0),2026-08-05T06:07:04.985220+00:00,Laptops,Dell,1132.92
10000393,Inspiron 5579,Intel Core i7 8550U 1.8 GHz,Intel UHD Graphics 620,16GB,512GB SSD,15.6 inch · Full HD / Touchscreen 1920x1080,Not specified,2.0 kg,study office portable 2 in 1 Convertible Windows 10,https://www.kaggle.com/datasets/ironwolf437/laptop-price-dataset,Kaggle laptop-price-dataset (Apache-2.0),2026-08-05T06:07:04.985220+00:00,Laptops,Dell,1387.8
10000394,Inspiron 5767,Intel Core i7 7500U 2.7 GHz,AMD Radeon R7 M445,8GB,1TB HDD,17.3 inch · Full HD 1920x1080,Not specified,2.83 kg,study office portable Notebook Linux,https://www.kaggle.com/datasets/ironwolf437/laptop-price-dataset,Kaggle laptop-price-dataset (Apache-2.0),2026-08-05T06:07:04.985220+00:00,Laptops,Dell,934.2
10000395,Inspiron 5770,Intel Core i5 8250U 1.6 GHz,AMD Radeon 530,8GB,128GB SSD + 1TB HDD,17.3 inch · IPS Panel Full HD 1920x1080,Not specified,2.8 kg,study office portable Notebook Linux,https://www.kaggle.com/datasets/ironwolf437/laptop-price-dataset,Kaggle laptop-price-dataset (Apache-2.0),2026-08-05T06:07:04.985220+00:00,Laptops,Dell,960.12
10000396,Inspiron 5770,Intel Core i5 8250U 1.6 GHz,AMD Radeon 530,8GB,128GB SSD + 1TB HDD,17.3 inch · IPS Panel Full HD 1920x1080,Not specified,2.8 kg,study office portable Notebook Windows 10,https://www.kaggle.com/datasets/ironwolf437/laptop-price-dataset,Kaggle laptop-price-dataset (Apache-2.0),2026-08-05T06:07:04.985220+00:00,Laptops,Dell,1057.32
10000397,Inspiron 5770,Intel Core i7 8550U 1.8 GHz,AMD Radeon 530,8GB,128GB SSD + 1TB HDD,17.3 inch · Full HD 1920x1080,Not specified,2.8 kg,study office portable Notebook Windows 10,https://www.kaggle.com/datasets/ironwolf437/laptop-price-dataset,Kaggle laptop-price-dataset (Apache-2.0),2026-08-05T06:07:04.985220+00:00,Laptops,Dell,1171.8
10000398,Inspiron 5770,Intel Core i5 8250U 1.6 GHz,AMD Radeon 530,8GB,128GB SSD + 1TB HDD,17.3 inch · Full HD 1920x1080,Not specified,2.8 kg,study office portable Notebook Windows 10,https://www.kaggle.com/datasets/ironwolf437/laptop-price-dataset,Kaggle laptop-price-dataset (Apache-2.0),2026-08-05T06:07:04.985220+00:00,Laptops,Dell,1171.8
10000399,Inspiron 5770,Intel Core i7 8550U 1.8 GHz,AMD Radeon 530,8GB,128GB SSD + 1TB HDD,17.3 inch · Full HD 1920x1080,Not specified,2.8 kg,study office portable Notebook Linux,https://www.kaggle.com/datasets/ironwolf437/laptop-price-dataset,Kaggle laptop-price-dataset (Apache-2.0),2026-08-05T06:07:04.985220+00:00,Laptops,Dell,1186.92
10000400,Inspiron 5770,Intel Core i7 8550U 1.8 GHz,AMD Radeon 530,8GB,128GB SSD + 1TB HDD,17.3 inch · Full HD 1920x1080,Not specified,2.8 kg,study office portable Notebook Windows 10,https://www.kaggle.com/datasets/ironwolf437/laptop-price-dataset,Kaggle laptop-price-dataset (Apache-2.0),2026-08-05T06:07:04.985220+00:00,Laptops,Dell,1233.36
10000401,Inspiron 5770,Intel Core i7 8550U 1.8 GHz,AMD Radeon 530,16GB,256GB SSD + 2TB HDD,17.3 inch · Full HD 1920x1080,Not specified,2.8 kg,study office portable Notebook Windows 10,https://www.kaggle.com/datasets/ironwolf437/laptop-price-dataset,Kaggle laptop-price-dataset (Apache-2.0),2026-08-05T06:07:04.985220+00:00,Laptops,Dell,1402.92
10000402,Inspiron 5770,Intel Core i7 8550U 1.8 GHz,AMD Radeon 530,16GB,256GB SSD + 2TB HDD,17.3 inch · Full HD 1920x1080,Not specified,2.8 kg,study office portable Notebook Windows 10,https://www.kaggle.com/datasets/ironwolf437/laptop-price-dataset,Kaggle laptop-price-dataset (Apache-2.0),2026-08-05T06:07:04.985220+00:00,Laptops,Dell,1507.68
10000403,Inspiron 7378,Intel Core i5 7200U 2.5 GHz,Intel HD Graphics 620,8GB,256GB SSD,13.3 inch · IPS Panel Full HD / Touchscreen 1920x1080,Not specified,1.6 kg,study office portable 2 in 1 Convertible Windows 10,https://www.kaggle.com/datasets/ironwolf437/laptop-price-dataset,Kaggle laptop-price-dataset (Apache-2.0),2026-08-05T06:07:04.985220+00:00,Laptops,Dell,1294.92
10000404,Inspiron 7378,Intel Core i7 7500U 2.7 GHz,Intel HD Graphics 620,12GB,256GB SSD,13.3 inch · IPS Panel Full HD / Touchscreen 1920x1080,Not specified,1.6 kg,study office portable 2 in 1 Convertible Windows 10,https://www.kaggle.com/datasets/ironwolf437/laptop-price-dataset,Kaggle laptop-price-dataset (Apache-2.0),2026-08-05T06:07:04.985220+00:00,Laptops,Dell,1402.92
10000405,Inspiron 7559,Intel Core i7 6700HQ 2.6 GHz,Nvidia GeForce GTX 960<U+039C>,16GB,1TB HDD,15.6 inch · Full HD 1920x1080,Not specified,2.59 kg,study office portable Gaming Windows 10,https://www.kaggle.com/datasets/ironwolf437/laptop-price-dataset,Kaggle laptop-price-dataset (Apache-2.0),2026-08-05T06:07:04.985220+00:00,Laptops,Dell,949.33
10000406,Inspiron 7559,Intel Core i7 6700HQ 2.6 GHz,Nvidia GeForce GTX 960M,16GB,128GB SSD + 1TB HDD,15.6 inch · IPS Panel Touchscreen / 4K Ultra HD 3840x2160,Not specified,2.72 kg,study office portable Gaming Windows 10,https://www.kaggle.com/datasets/ironwolf437/laptop-price-dataset,Kaggle laptop-price-dataset (Apache-2.0),2026-08-05T06:07:04.985220+00:00,Laptops,Dell,1186.92
10000407,Inspiron 7560,Intel Core i7 7500U 2.7 GHz,Nvidia GeForce 940MX,8GB,128GB SSD + 1TB HDD,15.6 inch · Full HD 1920x1080,Not specified,2.0 kg,study office portable Notebook Windows 10,https://www.kaggle.com/datasets/ironwolf437/laptop-price-dataset,Kaggle laptop-price-dataset (Apache-2.0),2026-08-05T06:07:04.985220+00:00,Laptops,Dell,1303.56
10000408,Inspiron 7567,Intel Core i7 7700HQ 2.8 GHz,Nvidia GeForce GTX 1050,8GB,1.0TB Hybrid,15.6 inch · Full HD 1920x1080,Not specified,2.62 kg,study office portable Gaming Windows 10,https://www.kaggle.com/datasets/ironwolf437/laptop-price-dataset,Kaggle laptop-price-dataset (Apache-2.0),2026-08-05T06:07:04.985220+00:00,Laptops,Dell,970.92
10000409,Inspiron 7567,Intel Core i7 7700HQ 2.8 GHz,Nvidia GeForce GTX 1050Ti,8GB,1TB HDD,15.6 inch · Full HD 1920x1080,Not specified,2.62 kg,study office portable Gaming Linux,https://www.kaggle.com/datasets/ironwolf437/laptop-price-dataset,Kaggle laptop-price-dataset (Apache-2.0),2026-08-05T06:07:04.985220+00:00,Laptops,Dell,1003.32
10000410,Inspiron 7567,Intel Core i5 7300HQ 2.5 GHz,Nvidia GeForce GTX 1050,8GB,1.0TB Hybrid,15.6 inch · Full HD 1920x1080,Not specified,2.65 kg,study office portable Gaming Windows 10,https://www.kaggle.com/datasets/ironwolf437/laptop-price-dataset,Kaggle laptop-price-dataset (Apache-2.0),2026-08-05T06:07:04.985220+00:00,Laptops,Dell,1024.92
10000411,Inspiron 7567,Intel Core i5 7300HQ 2.5 GHz,Nvidia GeForce GTX 1050,8GB,256GB SSD,15.6 inch · Full HD 1920x1080,Not specified,2.62 kg,study office portable Gaming Windows 10,https://www.kaggle.com/datasets/ironwolf437/laptop-price-dataset,Kaggle laptop-price-dataset (Apache-2.0),2026-08-05T06:07:04.985220+00:00,Laptops,Dell,1063.8
10000412,Inspiron 7567,Intel Core i7 7700HQ 2.8 GHz,Nvidia GeForce GTX 1050,8GB,1TB HDD,15.6 inch · Full HD 1920x1080,Not specified,2.62 kg,study office portable Gaming Windows 10,https://www.kaggle.com/datasets/ironwolf437/laptop-price-dataset,Kaggle laptop-price-dataset (Apache-2.0),2026-08-05T06:07:04.985220+00:00,Laptops,Dell,1186.92
10000413,Inspiron 7567,Intel Core i7 7700HQ 2.8 GHz,Nvidia GeForce GTX 1050Ti,8GB,1TB HDD,15.6 inch · Full HD 1920x1080,Not specified,2.62 kg,study office portable Gaming Windows 10,https://www.kaggle.com/datasets/ironwolf437/laptop-price-dataset,Kaggle laptop-price-dataset (Apache-2.0),2026-08-05T06:07:04.985220+00:00,Laptops,Dell,1294.92
10000414,Inspiron 7567,Intel Core i7 7700HQ 2.8 GHz,Nvidia GeForce GTX 1050 Ti,16GB,128GB SSD + 1TB HDD,15.6 inch · Full HD 1920x1080,Not specified,2.6 kg,study office portable Gaming Windows 10,https://www.kaggle.com/datasets/ironwolf437/laptop-price-dataset,Kaggle laptop-price-dataset (Apache-2.0),2026-08-05T06:07:04.985220+00:00,Laptops,Dell,1456.92
10000415,Inspiron 7567,Intel Core i7 7700HQ 2.8 GHz,Nvidia GeForce GTX 1050 Ti,16GB,256GB SSD + 1TB HDD,15.6 inch · Full HD 1920x1080,Not specified,2.62 kg,study office portable Gaming Windows 10,https://www.kaggle.com/datasets/ironwolf437/laptop-price-dataset,Kaggle laptop-price-dataset (Apache-2.0),2026-08-05T06:07:04.985220+00:00,Laptops,Dell,1597.32
10000416,Inspiron 7567,Intel Core i7 7700HQ 2.8 GHz,Nvidia GeForce GTX 1050 Ti,8GB,128GB SSD + 1TB HDD,15.6 inch · 4K Ultra HD 3840x2160,Not specified,2.62 kg,study office portable Gaming Windows 10,https://www.kaggle.com/datasets/ironwolf437/laptop-price-dataset,Kaggle laptop-price-dataset (Apache-2.0),2026-08-05T06:07:04.985220+00:00,Laptops,Dell,1617.84
10000417,Inspiron 7567,Intel Core i7 7700HQ 2.8 GHz,Nvidia GeForce GTX 1050 Ti,16GB,512GB SSD,15.6 inch · 4K Ultra HD 3840x2160,Not specified,2.62 kg,study office portable Gaming Windows 10,https://www.kaggle.com/datasets/ironwolf437/laptop-price-dataset,Kaggle laptop-price-dataset (Apache-2.0),2026-08-05T06:07:04.985220+00:00,Laptops,Dell,1813.32
10000418,Inspiron 7570,Intel Core i5 8250U 1.6 GHz,Nvidia GeForce 940MX,8GB,128GB SSD + 1TB HDD,15.6 inch · IPS Panel Full HD 1920x1080,Not specified,1.9 kg,study office portable Ultrabook Windows 10,https://www.kaggle.com/datasets/ironwolf437/laptop-price-dataset,Kaggle laptop-price-dataset (Apache-2.0),2026-08-05T06:07:04.985220+00:00,Laptops,Dell,1132.92
10000419,Inspiron 7570,Intel Core i7 8550U 1.8 GHz,Nvidia GeForce 940MX,8GB,256GB SSD + 1TB HDD,15.6 inch · IPS Panel Full HD 1920x1080,Not specified,2.16 kg,study office portable Notebook Windows 10,https://www.kaggle.com/datasets/ironwolf437/laptop-price-dataset,Kaggle laptop-price-dataset (Apache-2.0),2026-08-05T06:07:04.985220+00:00,Laptops,Dell,1220.76
10000420,Inspiron 7570,Intel Core i5 8250U 1.6 GHz,Nvidia GeForce 940MX,8GB,256GB SSD,15.6 inch · Full HD 1920x1080,Not specified,2.0 kg,study office portable Notebook Windows 10,https://www.kaggle.com/datasets/ironwolf437/laptop-price-dataset,Kaggle laptop-price-dataset (Apache-2.0),2026-08-05T06:07:04.985220+00:00,Laptops,Dell,1234.17
10000421,Inspiron 7570,Intel Core i7 8550U 1.8 GHz,Nvidia GeForce 940MX,8GB,512GB SSD,15.6 inch · IPS Panel Full HD 1920x1080,Not specified,2.16 kg,study office portable Notebook Windows 10,https://www.kaggle.com/datasets/ironwolf437/laptop-price-dataset,Kaggle laptop-price-dataset (Apache-2.0),2026-08-05T06:07:04.985220+00:00,Laptops,Dell,1362.96
10000422,Inspiron 7577,Intel Core i5 7300HQ 2.5 GHz,Nvidia GeForce GTX 1050,8GB,1TB HDD,15.6 inch · Full HD 1920x1080,Not specified,2.65 kg,study office portable Gaming Windows 10,https://www.kaggle.com/datasets/ironwolf437/laptop-price-dataset,Kaggle laptop-price-dataset (Apache-2.0),2026-08-05T06:07:04.985220+00:00,Laptops,Dell,1078.92
10000423,Inspiron 7577,Intel Core i7 7700HQ 2.8 GHz,Nvidia GeForce GTX 1050 Ti,8GB,128GB SSD + 1TB HDD,15.6 inch · IPS Panel Full HD 1920x1080,Not specified,2.62 kg,study office portable Gaming Windows 10,https://www.kaggle.com/datasets/ironwolf437/laptop-price-dataset,Kaggle laptop-price-dataset (Apache-2.0),2026-08-05T06:07:04.985220+00:00,Laptops,Dell,1251.72
10000424,Inspiron 7577,Intel Core i5 7300HQ 2.5 GHz,Nvidia GeForce GTX 1060,8GB,256GB SSD,15.6 inch · Full HD 1920x1080,Not specified,2.65 kg,study office portable Gaming Windows 10,https://www.kaggle.com/datasets/ironwolf437/laptop-price-dataset,Kaggle laptop-price-dataset (Apache-2.0),2026-08-05T06:07:04.985220+00:00,Laptops,Dell,1290.6
10000425,Inspiron 7577,Intel Core i7 7700HQ 2.8 GHz,Nvidia GeForce GTX 1050 Ti,16GB,128GB SSD + 1TB HDD,15.6 inch · IPS Panel Full HD 1920x1080,Not specified,2.65 kg,study office portable Gaming Windows 10,https://www.kaggle.com/datasets/ironwolf437/laptop-price-dataset,Kaggle laptop-price-dataset (Apache-2.0),2026-08-05T06:07:04.985220+00:00,Laptops,Dell,1456.92
10000426,Inspiron 7577,Intel Core i7 7700HQ 2.8 GHz,Nvidia GeForce GTX 1060,16GB,256GB SSD + 1TB HDD,15.6 inch · IPS Panel Full HD 1920x1080,Not specified,2.65 kg,study office portable Gaming Windows 10,https://www.kaggle.com/datasets/ironwolf437/laptop-price-dataset,Kaggle laptop-price-dataset (Apache-2.0),2026-08-05T06:07:04.985220+00:00,Laptops,Dell,1618.92
10000427,Inspiron 7577,Intel Core i7 7700HQ 2.8 GHz,Nvidia GeForce GTX 1060,16GB,512GB SSD + 1TB HDD,15.6 inch · IPS Panel 4K Ultra HD 3840x2160,Not specified,2.65 kg,study office portable Gaming Windows 10,https://www.kaggle.com/datasets/ironwolf437/laptop-price-dataset,Kaggle laptop-price-dataset (Apache-2.0),2026-08-05T06:07:04.985220+00:00,Laptops,Dell,1992.6
10000428,Inspiron 7579,Intel Core i5 7200U 2.5 GHz,Intel HD Graphics 620,8GB,256GB SSD,15.6 inch · IPS Panel Full HD / Touchscreen 1920x1080,Not specified,2.191 kg,study office portable 2 in 1 Convertible Windows 10,https://www.kaggle.com/datasets/ironwolf437/laptop-price-dataset,Kaggle laptop-price-dataset (Apache-2.0),2026-08-05T06:07:04.985220+00:00,Laptops,Dell,1078.92
10000429,Inspiron 7579,Intel Core i7 7500U 2.7 GHz,Intel HD Graphics 620,12GB,512GB SSD,15.6 inch · IPS Panel Full HD / Touchscreen 1920x1080,Not specified,2.19 kg,study office portable 2 in 1 Convertible Windows 10,https://www.kaggle.com/datasets/ironwolf437/laptop-price-dataset,Kaggle laptop-price-dataset (Apache-2.0),2026-08-05T06:07:04.985220+00:00,Laptops,Dell,1402.92
10000430,Inspiron 7773,Intel Core i5 8250U 1.6 GHz,Nvidia GeForce 150MX,12GB,1TB HDD,17.3 inch · Full HD / Touchscreen 1920x1080,Not specified,2.77 kg,study office portable 2 in 1 Convertible Windows 10,https://www.kaggle.com/datasets/ironwolf437/laptop-price-dataset,Kaggle laptop-price-dataset (Apache-2.0),2026-08-05T06:07:04.985220+00:00,Laptops,Dell,1078.92
10000431,Inspiron 7773,Intel Core i7 8550U 1.8 GHz,Nvidia GeForce 150MX,16GB,512GB SSD,17.3 inch · Full HD / Touchscreen 1920x1080,Not specified,2.77 kg,study office portable Notebook Windows 10,https://www.kaggle.com/datasets/ironwolf437/laptop-price-dataset,Kaggle laptop-price-dataset (Apache-2.0),2026-08-05T06:07:04.985220+00:00,Laptops,Dell,1672.92
10000432,Inspiron 7779,Intel Core i7 7500U 2.7 GHz,Nvidia GeForce 940MX,16GB,512GB SSD,17.3 inch · Full HD / Touchscreen 1920x1080,Not specified,2.77 kg,study office portable 2 in 1 Convertible Windows 10,https://www.kaggle.com/datasets/ironwolf437/laptop-price-dataset,Kaggle laptop-price-dataset (Apache-2.0),2026-08-05T06:07:04.985220+00:00,Laptops,Dell,1942.92
10000433,Insprion 5767,Intel Core i3 6006U 2.0 GHz,AMD Radeon R7 M445,4GB,1TB HDD,17.3 inch · 1600x900,Not specified,2.36 kg,study office portable Notebook Windows 10,https://www.kaggle.com/datasets/ironwolf437/laptop-price-dataset,Kaggle laptop-price-dataset (Apache-2.0),2026-08-05T06:07:04.985220+00:00,Laptops,Dell,711.72
10000434,Latitude 3180,Intel Pentium Quad Core N4200 1.1 GHz,Intel HD Graphics 505,4GB,128GB SSD,11.6 inch · 1366x768,Not specified,1.63 kg,study office portable Netbook Windows 10,https://www.kaggle.com/datasets/ironwolf437/laptop-price-dataset,Kaggle laptop-price-dataset (Apache-2.0),2026-08-05T06:07:04.985220+00:00,Laptops,Dell,803.52
10000435,Latitude 3380,Intel Core i3 6006U 2.0 GHz,Intel HD Graphics 520,4GB,128GB SSD,13.3 inch · 1366x768,Not specified,1.65 kg,study office portable Notebook Windows 10,https://www.kaggle.com/datasets/ironwolf437/laptop-price-dataset,Kaggle laptop-price-dataset (Apache-2.0),2026-08-05T06:07:04.985220+00:00,Laptops,Dell,744.12
10000436,Latitude 3380,Intel Core i3 6006U 2.0 GHz,Intel HD Graphics 520,4GB,500GB HDD,13.3 inch · 1366x768,Not specified,1.65 kg,study office portable Notebook Windows 10,https://www.kaggle.com/datasets/ironwolf437/laptop-price-dataset,Kaggle laptop-price-dataset (Apache-2.0),2026-08-05T06:07:04.985220+00:00,Laptops,Dell,916.92
10000437,Latitude 3480,Intel Core i3 6006U 2.0 GHz,Intel HD Graphics 520,4GB,500GB HDD,14.0 inch · 1366x768,Not specified,1.76 kg,study office portable Notebook Windows 10,https://www.kaggle.com/datasets/ironwolf437/laptop-price-dataset,Kaggle laptop-price-dataset (Apache-2.0),2026-08-05T06:07:04.985220+00:00,Laptops,Dell,631.8
10000438,Latitude 3480,Intel Core i5 6200U 2.3 GHz,Intel HD Graphics 520,4GB,500GB HDD,14.0 inch · 1366x768,Not specified,1.76 kg,study office portable Notebook Windows 10,https://www.kaggle.com/datasets/ironwolf437/laptop-price-dataset,Kaggle laptop-price-dataset (Apache-2.0),2026-08-05T06:07:04.985220+00:00,Laptops,Dell,815.4
10000439,Latitude 3570,Intel Core i3 6100U 2.3 GHz,Intel HD Graphics 520,4GB,500GB HDD,15.6 inch · 1366x768,Not specified,2.06 kg,study office portable Notebook Windows 10,https://www.kaggle.com/datasets/ironwolf437/laptop-price-dataset,Kaggle laptop-price-dataset (Apache-2.0),2026-08-05T06:07:04.985220+00:00,Laptops,Dell,520.54
10000440,Latitude 3580,Intel Core i5 6200U 2.3 GHz,Intel HD Graphics 520,4GB,500GB HDD,15.6 inch · 1366x768,Not specified,1.95 kg,study office portable Notebook Windows 10,https://www.kaggle.com/datasets/ironwolf437/laptop-price-dataset,Kaggle laptop-price-dataset (Apache-2.0),2026-08-05T06:07:04.985220+00:00,Laptops,Dell,788.29
10000441,Latitude 3580,Intel Core i5 7200U 2.5 GHz,Intel HD Graphics 620,8GB,128GB SSD,15.6 inch · 1366x768,Not specified,1.95 kg,study office portable Notebook Windows 10,https://www.kaggle.com/datasets/ironwolf437/laptop-price-dataset,Kaggle laptop-price-dataset (Apache-2.0),2026-08-05T06:07:04.985220+00:00,Laptops,Dell,874.8
10000442,Latitude 3580,Intel Core i5 7200U 2.5 GHz,Intel HD Graphics 620,8GB,1TB HDD,15.6 inch · Full HD 1920x1080,Not specified,2.06 kg,study office portable Notebook Windows 10,https://www.kaggle.com/datasets/ironwolf437/laptop-price-dataset,Kaggle laptop-price-dataset (Apache-2.0),2026-08-05T06:07:04.985220+00:00,Laptops,Dell,1031.4
10000443,Latitude 5289,Intel Core i5 7200U 2.5 GHz,Intel HD Graphics 620,8GB,256GB SSD,12.5 inch · Full HD / Touchscreen 1920x1080,Not specified,1.34 kg,study office portable 2 in 1 Convertible Windows 10,https://www.kaggle.com/datasets/ironwolf437/laptop-price-dataset,Kaggle laptop-price-dataset (Apache-2.0),2026-08-05T06:07:04.985220+00:00,Laptops,Dell,1803.6
10000444,Latitude 5480,Intel Core i5 7200U 2.5 GHz,Intel HD Graphics 620,4GB,500GB HDD,14.0 inch · 1366x768,Not specified,1.6 kg,study office portable Notebook Windows 10,https://www.kaggle.com/datasets/ironwolf437/laptop-price-dataset,Kaggle laptop-price-dataset (Apache-2.0),2026-08-05T06:07:04.985220+00:00,Laptops,Dell,945.0
10000445,Latitude 5480,Intel Core i5 7440HQ 2.8 GHz,Nvidia GeForce 930MX,8GB,256GB SSD,14.0 inch · Full HD 1920x1080,Not specified,1.64 kg,study office portable Notebook Linux,https://www.kaggle.com/datasets/ironwolf437/laptop-price-dataset,Kaggle laptop-price-dataset (Apache-2.0),2026-08-05T06:07:04.985220+00:00,Laptops,Dell,1176.12
10000446,Latitude 5480,Intel Core i7 7600U 2.8 GHz,Intel HD Graphics 620,8GB,256GB SSD,14.0 inch · Full HD 1920x1080,Not specified,1.6 kg,study office portable Ultrabook Linux,https://www.kaggle.com/datasets/ironwolf437/laptop-price-dataset,Kaggle laptop-price-dataset (Apache-2.0),2026-08-05T06:07:04.985220+00:00,Laptops,Dell,1186.92
10000447,Latitude 5480,Intel Core i5 7200U 2.5 GHz,Intel HD Graphics 620,8GB,128GB SSD,14.0 inch · Full HD 1920x1080,Not specified,1.6 kg,study office portable Notebook Windows 10,https://www.kaggle.com/datasets/ironwolf437/laptop-price-dataset,Kaggle laptop-price-dataset (Apache-2.0),2026-08-05T06:07:04.985220+00:00,Laptops,Dell,1208.52
10000448,Latitude 5480,Intel Core i5 7200U 2.5 GHz,Intel HD Graphics 620,8GB,256GB SSD,14.0 inch · 1366x768,Not specified,1.6 kg,study office portable Notebook Windows 10,https://www.kaggle.com/datasets/ironwolf437/laptop-price-dataset,Kaggle laptop-price-dataset (Apache-2.0),2026-08-05T06:07:04.985220+00:00,Laptops,Dell,1216.85
10000449,Latitude 5480,Intel Core i5 7440HQ 2.8 GHz,Nvidia GeForce 930MX,8GB,256GB SSD,14.0 inch · Full HD 1920x1080,Not specified,1.64 kg,study office portable Notebook Windows 10,https://www.kaggle.com/datasets/ironwolf437/laptop-price-dataset,Kaggle laptop-price-dataset (Apache-2.0),2026-08-05T06:07:04.985220+00:00,Laptops,Dell,1273.32
10000450,Latitude 5480,Intel Core i5 7440HQ 2.8 GHz,Intel HD Graphics 620,8GB,256GB SSD,14.0 inch · Full HD 1920x1080,Not specified,1.6 kg,study office portable Notebook Windows 10,https://www.kaggle.com/datasets/ironwolf437/laptop-price-dataset,Kaggle laptop-price-dataset (Apache-2.0),2026-08-05T06:07:04.985220+00:00,Laptops,Dell,1301.4
10000451,Latitude 5480,Intel Core i5 7300U 2.6 GHz,Intel HD Graphics 620,8GB,256GB SSD,14.0 inch · Full HD 1920x1080,Not specified,1.64 kg,study office portable Notebook Windows 10,https://www.kaggle.com/datasets/ironwolf437/laptop-price-dataset,Kaggle laptop-price-dataset (Apache-2.0),2026-08-05T06:07:04.985220+00:00,Laptops,Dell,1382.11
10000452,Latitude 5490,Intel Core i5 8250U 1.6 GHz,Intel UHD Graphics 620,8GB,256GB SSD,14.0 inch · Full HD 1920x1080,Not specified,1.6 kg,study office portable Ultrabook Windows 10,https://www.kaggle.com/datasets/ironwolf437/laptop-price-dataset,Kaggle laptop-price-dataset (Apache-2.0),2026-08-05T06:07:04.985220+00:00,Laptops,Dell,1240.92
10000453,Latitude 5580,Intel Core i5 7200U 2.5 GHz,Intel HD Graphics 620,4GB,500GB HDD,15.6 inch · 1366x768,Not specified,1.9 kg,study office portable Notebook Windows 10,https://www.kaggle.com/datasets/ironwolf437/laptop-price-dataset,Kaggle laptop-price-dataset (Apache-2.0),2026-08-05T06:07:04.985220+00:00,Laptops,Dell,891.0
10000454,Latitude 5580,Intel Core i5 7300U 2.6 GHz,Intel HD Graphics 620,4GB,500GB HDD,15.6 inch · 1366x768,Not specified,1.93 kg,study office portable Notebook Linux,https://www.kaggle.com/datasets/ironwolf437/laptop-price-dataset,Kaggle laptop-price-dataset (Apache-2.0),2026-08-05T06:07:04.985220+00:00,Laptops,Dell,938.52
10000455,Latitude 5580,Intel Core i5 7300U 2.6 GHz,Intel HD Graphics 620,8GB,500GB HDD,15.6 inch · Full HD 1920x1080,Not specified,1.9 kg,study office portable Notebook Windows 10,https://www.kaggle.com/datasets/ironwolf437/laptop-price-dataset,Kaggle laptop-price-dataset (Apache-2.0),2026-08-05T06:07:04.985220+00:00,Laptops,Dell,1009.8
10000456,Latitude 5580,Intel Core i5 7200U 2.5 GHz,Intel HD Graphics 620,8GB,128GB SSD,15.6 inch · Full HD 1920x1080,Not specified,1.9 kg,study office portable Notebook Windows 10,https://www.kaggle.com/datasets/ironwolf437/laptop-price-dataset,Kaggle laptop-price-dataset (Apache-2.0),2026-08-05T06:07:04.985220+00:00,Laptops,Dell,1020.6
10000457,Latitude 5580,Intel Core i5 7300U 2.6 GHz,Intel HD Graphics 620,4GB,500GB HDD,15.6 inch · 1366x768,Not specified,1.93 kg,study office portable Notebook Windows 10,https://www.kaggle.com/datasets/ironwolf437/laptop-price-dataset,Kaggle laptop-price-dataset (Apache-2.0),2026-08-05T06:07:04.985220+00:00,Laptops,Dell,1035.72
10000458,Latitude 5580,Intel Core i5 7300U 2.6 GHz,Intel HD Graphics 620,8GB,500GB HDD,15.6 inch · 1366x768,Not specified,1.9 kg,study office portable Notebook Windows 10,https://www.kaggle.com/datasets/ironwolf437/laptop-price-dataset,Kaggle laptop-price-dataset (Apache-2.0),2026-08-05T06:07:04.985220+00:00,Laptops,Dell,1089.2
10000459,Latitude 5580,Intel Core i5 7200U 2.5 GHz,Intel HD Graphics 620,8GB,256GB SSD,15.6 inch · Full HD 1920x1080,Not specified,1.9 kg,study office portable Notebook Windows 10,https://www.kaggle.com/datasets/ironwolf437/laptop-price-dataset,Kaggle laptop-price-dataset (Apache-2.0),2026-08-05T06:07:04.985220+00:00,Laptops,Dell,1206.35
10000460,Latitude 5580,Intel Core i5 7300U 2.6 GHz,Intel HD Graphics 620,8GB,256GB SSD,15.6 inch · Full HD 1920x1080,Not specified,1.9 kg,study office portable Notebook Windows 10,https://www.kaggle.com/datasets/ironwolf437/laptop-price-dataset,Kaggle laptop-price-dataset (Apache-2.0),2026-08-05T06:07:04.985220+00:00,Laptops,Dell,1273.32
10000461,Latitude 5580,Intel Core i7 7600U 2.8 GHz,Nvidia GeForce 930MX,8GB,256GB SSD,15.6 inch · Full HD 1920x1080,Not specified,1.93 kg,study office portable Notebook Windows 10,https://www.kaggle.com/datasets/ironwolf437/laptop-price-dataset,Kaggle laptop-price-dataset (Apache-2.0),2026-08-05T06:07:04.985220+00:00,Laptops,Dell,1478.52
10000462,Latitude 5580,Intel Core i5 7440HQ 2.8 GHz,Intel HD Graphics 620,8GB,256GB SSD,15.6 inch · Full HD 1920x1080,Not specified,1.9 kg,study office portable Notebook Windows 10,https://www.kaggle.com/datasets/ironwolf437/laptop-price-dataset,Kaggle laptop-price-dataset (Apache-2.0),2026-08-05T06:07:04.985220+00:00,Laptops,Dell,1487.16
10000463,Latitude 5580,Intel Core i5 7300U 2.6 GHz,Intel HD Graphics 620,16GB,512GB SSD,15.6 inch · Full HD 1920x1080,Not specified,1.93 kg,study office portable Notebook Windows 10,https://www.kaggle.com/datasets/ironwolf437/laptop-price-dataset,Kaggle laptop-price-dataset (Apache-2.0),2026-08-05T06:07:04.985220+00:00,Laptops,Dell,1540.79
10000464,Latitude 5580,Intel Core i7 7600U 2.8 GHz,Nvidia GeForce 930MX,16GB,256GB SSD,15.6 inch · Full HD 1920x1080,Not specified,1.93 kg,study office portable Notebook Windows 10,https://www.kaggle.com/datasets/ironwolf437/laptop-price-dataset,Kaggle laptop-price-dataset (Apache-2.0),2026-08-05T06:07:04.985220+00:00,Laptops,Dell,1660.38
10000465,Latitude 5590,Intel Core i5 8250U 1.6 GHz,Intel UHD Graphics 620,8GB,256GB SSD,15.6 inch · IPS Panel Full HD 1920x1080,Not specified,1.88 kg,study office portable Ultrabook Windows 10,https://www.kaggle.com/datasets/ironwolf437/laptop-price-dataset,Kaggle laptop-price-dataset (Apache-2.0),2026-08-05T06:07:04.985220+00:00,Laptops,Dell,1183.85
10000466,Latitude 5590,Intel Core i7 8650U 1.9 GHz,Intel UHD Graphics 620,8GB,256GB SSD + 256GB SSD,15.6 inch · Full HD 1920x1080,Not specified,1.88 kg,study office portable Ultrabook Windows 10,https://www.kaggle.com/datasets/ironwolf437/laptop-price-dataset,Kaggle laptop-price-dataset (Apache-2.0),2026-08-05T06:07:04.985220+00:00,Laptops,Dell,1401.84
10000467,Latitude 5590,Intel Core i7 8650U 1.9 GHz,Intel UHD Graphics 620,16GB,512GB SSD + 256GB SSD,15.6 inch · Full HD 1920x1080,Not specified,1.88 kg,study office portable Ultrabook Windows 10,https://www.kaggle.com/datasets/ironwolf437/laptop-price-dataset,Kaggle laptop-price-dataset (Apache-2.0),2026-08-05T06:07:04.985220+00:00,Laptops,Dell,1736.6
10000468,Latitude 7280,Intel Core i5 7200U 2.5 GHz,Intel HD Graphics,8GB,256GB SSD,12.5 inch · Full HD / Touchscreen 1920x1080,Not specified,1.36 kg,study office portable Ultrabook Windows 10,https://www.kaggle.com/datasets/ironwolf437/laptop-price-dataset,Kaggle laptop-price-dataset (Apache-2.0),2026-08-05T06:07:04.985220+00:00,Laptops,Dell,1589.98
10000469,Latitude 7280,Intel Core i7 7600U 2.8 GHz,Intel HD Graphics 620,8GB,256GB SSD,12.5 inch · Full HD 1920x1080,Not specified,1.6 kg,study office portable Ultrabook Windows 10,https://www.kaggle.com/datasets/ironwolf437/laptop-price-dataset,Kaggle laptop-price-dataset (Apache-2.0),2026-08-05T06:07:04.985220+00:00,Laptops,Dell,1825.2
10000470,Latitude 7280,Intel Core i7 7600U 2.8 GHz,Intel HD Graphics 620,16GB,256GB SSD,12.5 inch · Full HD 1920x1080,Not specified,1.18 kg,study office portable Ultrabook Windows 10,https://www.kaggle.com/datasets/ironwolf437/laptop-price-dataset,Kaggle laptop-price-dataset (Apache-2.0),2026-08-05T06:07:04.985220+00:00,Laptops,Dell,2007.72
10000471,Latitude 7390,Intel Core i5 8250U 1.6 GHz,Intel UHD Graphics 620,8GB,256GB SSD,13.3 inch · Full HD / Touchscreen 1920x1080,Not specified,1.42 kg,study office portable Ultrabook Windows 10,https://www.kaggle.com/datasets/ironwolf437/laptop-price-dataset,Kaggle laptop-price-dataset (Apache-2.0),2026-08-05T06:07:04.985220+00:00,Laptops,Dell,1989.2
10000472,Latitude 7480,Intel Core i5 7300U 2.6 GHz,Intel HD Graphics 620,8GB,256GB SSD,14.0 inch · Full HD 1920x1080,Not specified,1.36 kg,study office portable Notebook Windows 10,https://www.kaggle.com/datasets/ironwolf437/laptop-price-dataset,Kaggle laptop-price-dataset (Apache-2.0),2026-08-05T06:07:04.985220+00:00,Laptops,Dell,1541.16
10000473,Latitude 7480,Intel Core i5 7200U 2.5 GHz,Intel HD Graphics 620,8GB,256GB SSD,14.0 inch · Full HD 1920x1080,Not specified,1.36 kg,study office portable Ultrabook Windows 10,https://www.kaggle.com/datasets/ironwolf437/laptop-price-dataset,Kaggle laptop-price-dataset (Apache-2.0),2026-08-05T06:07:04.985220+00:00,Laptops,Dell,1770.12
10000474,Latitude 7480,Intel Core i7 7600U 2.8 GHz,Intel HD Graphics,8GB,512GB SSD,14.0 inch · Full HD 1920x1080,Not specified,1.36 kg,study office portable Ultrabook Windows 10,https://www.kaggle.com/datasets/ironwolf437/laptop-price-dataset,Kaggle laptop-price-dataset (Apache-2.0),2026-08-05T06:07:04.985220+00:00,Laptops,Dell,1814.4
10000475,Latitude 7480,Intel Core i7 7600U 2.8 GHz,Intel HD Graphics 620,8GB,256GB SSD,14.0 inch · Full HD 1920x1080,Not specified,1.36 kg,study office portable Ultrabook Windows 10,https://www.kaggle.com/datasets/ironwolf437/laptop-price-dataset,Kaggle laptop-price-dataset (Apache-2.0),2026-08-05T06:07:04.985220+00:00,Laptops,Dell,1917.0
10000476,Latitude E5270,Intel Core i3 6100U 2.3 GHz,Intel HD Graphics 520,4GB,500GB HDD,12.5 inch · 1366x768,Not specified,1.5 kg,study office portable Ultrabook Windows 7,https://www.kaggle.com/datasets/ironwolf437/laptop-price-dataset,Kaggle laptop-price-dataset (Apache-2.0),2026-08-05T06:07:04.985220+00:00,Laptops,Dell,1225.96
10000477,Latitude E5270,Intel Core i3 6100U 2.3 GHz,Intel HD Graphics 520,4GB,128GB SSD,12.5 inch · 1366x768,Not specified,1.5 kg,study office portable Ultrabook Windows 7,https://www.kaggle.com/datasets/ironwolf437/laptop-price-dataset,Kaggle laptop-price-dataset (Apache-2.0),2026-08-05T06:07:04.985220+00:00,Laptops,Dell,1260.33
10000478,Latitude E5270,Intel Core i5 6200U 2.3 GHz,Intel HD Graphics 520,8GB,256GB SSD,12.5 inch · 1366x768,Not specified,1.5 kg,study office portable Ultrabook Windows 7,https://www.kaggle.com/datasets/ironwolf437/laptop-price-dataset,Kaggle laptop-price-dataset (Apache-2.0),2026-08-05T06:07:04.985220+00:00,Laptops,Dell,1526.15
10000479,Latitude E5470,Intel Core i3 6100U 2.3 GHz,Intel HD Graphics 520,8GB,128GB SSD,14.0 inch · 1366x768,Not specified,1.79 kg,study office portable Notebook Windows 10,https://www.kaggle.com/datasets/ironwolf437/laptop-price-dataset,Kaggle laptop-price-dataset (Apache-2.0),2026-08-05T06:07:04.985220+00:00,Laptops,Dell,799.2
10000480,Latitude E5570,Intel Core i5 6200U 2.3 GHz,Intel HD Graphics 520,4GB,500GB HDD,15.6 inch · 1366x768,Not specified,2.09 kg,study office portable Notebook Linux,https://www.kaggle.com/datasets/ironwolf437/laptop-price-dataset,Kaggle laptop-price-dataset (Apache-2.0),2026-08-05T06:07:04.985220+00:00,Laptops,Dell,565.52
10000481,Latitude E5570,Intel Core i5 6300U 2.4 GHz,Intel HD Graphics 520,8GB,500GB HDD,15.6 inch · Full HD 1920x1080,Not specified,2.09 kg,study office portable Notebook Windows 10,https://www.kaggle.com/datasets/ironwolf437/laptop-price-dataset,Kaggle laptop-price-dataset (Apache-2.0),2026-08-05T06:07:04.985220+00:00,Laptops,Dell,1130.16
10000482,Latitude E5570,Intel Core i5 6300U 2.4 GHz,Intel HD Graphics 520,8GB,256GB SSD,15.6 inch · Full HD 1920x1080,Not specified,2.09 kg,study office portable Notebook Windows 7,https://www.kaggle.com/datasets/ironwolf437/laptop-price-dataset,Kaggle laptop-price-dataset (Apache-2.0),2026-08-05T06:07:04.985220+00:00,Laptops,Dell,1147.99
10000483,Latitude E7270,Intel Core i5 6300U 2.4 GHz,Intel HD Graphics 520,8GB,256GB SSD,12.5 inch · Full HD / Touchscreen 1920x1080,Not specified,1.26 kg,study office portable Ultrabook Windows 7,https://www.kaggle.com/datasets/ironwolf437/laptop-price-dataset,Kaggle laptop-price-dataset (Apache-2.0),2026-08-05T06:07:04.985220+00:00,Laptops,Dell,1850.44
10000484,Latitude E7470,Intel Core i5 6300U 2.4 GHz,Intel HD Graphics 520,8GB,256GB SSD,14.0 inch · Full HD 1920x1080,Not specified,1.56 kg,study office portable Notebook Windows 10,https://www.kaggle.com/datasets/ironwolf437/laptop-price-dataset,Kaggle laptop-price-dataset (Apache-2.0),2026-08-05T06:07:04.985220+00:00,Laptops,Dell,1327.32
10000485,Latitude E7470,Intel Core i7 6600U 2.6 GHz,Intel HD Graphics 520,8GB,256GB SSD,14.0 inch · Touchscreen 2560x1440,Not specified,1.5 kg,study office portable Ultrabook Windows 10,https://www.kaggle.com/datasets/ironwolf437/laptop-price-dataset,Kaggle laptop-price-dataset (Apache-2.0),2026-08-05T06:07:04.985220+00:00,Laptops,Dell,2120.02
10000486,Precision 3510,Intel Core i5 6440HQ 2.6 GHz,AMD FirePro W5130M,8GB,500GB HDD,15.6 inch · Full HD 1920x1080,Not specified,2.23 kg,study office portable Workstation Windows 10,https://www.kaggle.com/datasets/ironwolf437/laptop-price-dataset,Kaggle laptop-price-dataset (Apache-2.0),2026-08-05T06:07:04.985220+00:00,Laptops,Dell,1478.52
10000487,Precision 3520,Intel Core i7 7700HQ 2.8 GHz,Nvidia Quadro M620,8GB,256GB SSD,15.6 inch · Full HD / Touchscreen 1920x1080,Not specified,2.06 kg,study office portable Workstation Windows 10,https://www.kaggle.com/datasets/ironwolf437/laptop-price-dataset,Kaggle laptop-price-dataset (Apache-2.0),2026-08-05T06:07:04.985220+00:00,Laptops,Dell,1904.04
10000488,Precision 3520,Intel Core i7 7700HQ 2.8 GHz,Nvidia Quadro M620,8GB,1TB HDD,15.6 inch · Full HD 1920x1080,Not specified,2.23 kg,study office portable Workstation Windows 10,https://www.kaggle.com/datasets/ironwolf437/laptop-price-dataset,Kaggle laptop-price-dataset (Apache-2.0),2026-08-05T06:07:04.985220+00:00,Laptops,Dell,1920.24
10000489,Precision 3520,Intel Core i7 6820HQ 2.7 GHz,Nvidia Quadro M620,16GB,256GB SSD,15.6 inch · IPS Panel Full HD 1920x1080,Not specified,2.17 kg,study office portable Workstation Windows 10,https://www.kaggle.com/datasets/ironwolf437/laptop-price-dataset,Kaggle laptop-price-dataset (Apache-2.0),2026-08-05T06:07:04.985220+00:00,Laptops,Dell,2133.0
10000490,Precision 3520,Intel Xeon E3-1505M V6 3.0 GHz,Nvidia Quadro M620,8GB,64GB Flash Storage + 1TB HDD,15.6 inch · Full HD 1920x1080,Not specified,2.23 kg,study office portable Workstation Windows 10,https://www.kaggle.com/datasets/ironwolf437/laptop-price-dataset,Kaggle laptop-price-dataset (Apache-2.0),2026-08-05T06:07:04.985220+00:00,Laptops,Dell,2152.44
10000491,Precision 3520,Intel Core i7 6820HQ 2.7 GHz,Nvidia Quadro M620,16GB,512GB SSD,15.6 inch · IPS Panel Full HD 1920x1080,Not specified,2.17 kg,study office portable Workstation Windows 10,https://www.kaggle.com/datasets/ironwolf437/laptop-price-dataset,Kaggle laptop-price-dataset (Apache-2.0),2026-08-05T06:07:04.985220+00:00,Laptops,Dell,2525.04
10000492,Precision 5520,Intel Core i7 6820HQ 2.7 GHz,Nvidia Quadro M1200,8GB,256GB SSD,15.6 inch · IPS Panel Full HD 1920x1080,Not specified,2.0 kg,study office portable Workstation Windows 10,https://www.kaggle.com/datasets/ironwolf437/laptop-price-dataset,Kaggle laptop-price-dataset (Apache-2.0),2026-08-05T06:07:04.985220+00:00,Laptops,Dell,2305.8
10000493,Precision 7520,Intel Xeon E3-1505M V6 3.0 GHz,Nvidia Quadro M1200,16GB,256GB SSD + 1TB HDD,15.6 inch · 4K Ultra HD 3840x2160,Not specified,2.8 kg,study office portable Workstation Windows 10,https://www.kaggle.com/datasets/ironwolf437/laptop-price-dataset,Kaggle laptop-price-dataset (Apache-2.0),2026-08-05T06:07:04.985220+00:00,Laptops,Dell,3299.4
10000494,Precision 7720,Intel Core i7 7820HQ 2.9 GHz,Nvidia Quadro M1200,16GB,256GB SSD,17.3 inch · Full HD 1920x1080,Not specified,3.42 kg,study office portable Workstation Windows 10,https://www.kaggle.com/datasets/ironwolf437/laptop-price-dataset,Kaggle laptop-price-dataset (Apache-2.0),2026-08-05T06:07:04.985220+00:00,Laptops,Dell,3115.65
10000495,Precision M5520,Intel Core i7 7700HQ 2.8 GHz,Nvidia Quadro M1200,8GB,256GB SSD,15.6 inch · Full HD 1920x1080,Not specified,1.78 kg,study office portable Workstation Windows 10,https://www.kaggle.com/datasets/ironwolf437/laptop-price-dataset,Kaggle laptop-price-dataset (Apache-2.0),2026-08-05T06:07:04.985220+00:00,Laptops,Dell,2600.64
10000496,Precision M5520,Intel Core i7 7700HQ 2.8 GHz,Nvidia Quadro M1200,8GB,256GB SSD,15.6 inch · 4K Ultra HD / Touchscreen 3840x2160,Not specified,1.78 kg,study office portable Workstation Windows 10,https://www.kaggle.com/datasets/ironwolf437/laptop-price-dataset,Kaggle laptop-price-dataset (Apache-2.0),2026-08-05T06:07:04.985220+00:00,Laptops,Dell,2928.96
10000497,Vostro 3559,Intel Core i5 6200U 2.3 GHz,Intel HD Graphics 520,4GB,500GB HDD,15.6 inch · 1366x768,Not specified,2.24 kg,study office portable Notebook Windows 7,https://www.kaggle.com/datasets/ironwolf437/laptop-price-dataset,Kaggle laptop-price-dataset (Apache-2.0),2026-08-05T06:07:04.985220+00:00,Laptops,Dell,795.96
10000498,Vostro 3559,Intel Core i5 6200U 2.3 GHz,AMD Radeon R5 M315,4GB,500GB HDD,15.6 inch · 1366x768,Not specified,2.24 kg,study office portable Notebook Windows 7,https://www.kaggle.com/datasets/ironwolf437/laptop-price-dataset,Kaggle laptop-price-dataset (Apache-2.0),2026-08-05T06:07:04.985220+00:00,Laptops,Dell,830.68
10000499,Vostro 3568,Intel Core i3 6006U 2.0 GHz,Intel HD Graphics 520,4GB,1TB HDD,15.6 inch · 1366x768,Not specified,2.18 kg,study office portable Notebook Linux,https://www.kaggle.com/datasets/ironwolf437/laptop-price-dataset,Kaggle laptop-price-dataset (Apache-2.0),2026-08-05T06:07:04.985220+00:00,Laptops,Dell,479.41
10000500,Vostro 3568,Intel Core i3 6006U 2.0 GHz,AMD Radeon R5 M420X,4GB,1TB HDD,15.6 inch · 1366x768,Not specified,2.18 kg,study office portable Notebook Linux,https://www.kaggle.com/datasets/ironwolf437/laptop-price-dataset,Kaggle laptop-price-dataset (Apache-2.0),2026-08-05T06:07:04.985220+00:00,Laptops,Dell,492.16
10000501,Vostro 3568,Intel Core i3 6006U 2.0 GHz,AMD Radeon R5 M420,4GB,1TB HDD,15.6 inch · 1366x768,Not specified,2.18 kg,study office portable Notebook Linux,https://www.kaggle.com/datasets/ironwolf437/laptop-price-dataset,Kaggle laptop-price-dataset (Apache-2.0),2026-08-05T06:07:04.985220+00:00,Laptops,Dell,502.2
10000502,Vostro 3568,Intel Core i3 6006U 2.0 GHz,Intel HD Graphics 520,4GB,500GB HDD,15.6 inch · 1366x768,Not specified,2.29 kg,study office portable Notebook Windows 10,https://www.kaggle.com/datasets/ironwolf437/laptop-price-dataset,Kaggle laptop-price-dataset (Apache-2.0),2026-08-05T06:07:04.985220+00:00,Laptops,Dell,529.2
10000503,Vostro 3568,Intel Core i5 7200U 2.5 GHz,Intel HD Graphics 520,4GB,1TB HDD,15.6 inch · 1366x768,Not specified,2.18 kg,study office portable Notebook Linux,https://www.kaggle.com/datasets/ironwolf437/laptop-price-dataset,Kaggle laptop-price-dataset (Apache-2.0),2026-08-05T06:07:04.985220+00:00,Laptops,Dell,563.61
10000504,Vostro 3568,Intel Core i3 7100U 2.4 GHz,Intel HD Graphics 620,4GB,128GB SSD,15.6 inch · 1366x768,Not specified,2.18 kg,study office portable Notebook Windows 10,https://www.kaggle.com/datasets/ironwolf437/laptop-price-dataset,Kaggle laptop-price-dataset (Apache-2.0),2026-08-05T06:07:04.985220+00:00,Laptops,Dell,590.76
10000505,Vostro 3568,Intel Core i3 6006U 2.0 GHz,Intel HD Graphics 520,4GB,1TB HDD,15.6 inch · 1366x768,Not specified,2.18 kg,study office portable Notebook Windows 10,https://www.kaggle.com/datasets/ironwolf437/laptop-price-dataset,Kaggle laptop-price-dataset (Apache-2.0),2026-08-05T06:07:04.985220+00:00,Laptops,Dell,603.29
10000506,Vostro 3568,Intel Core i5 7200U 2.5 GHz,AMD Radeon R5 M420,4GB,128GB SSD,15.6 inch · Full HD 1920x1080,Not specified,2.18 kg,study office portable Notebook Linux,https://www.kaggle.com/datasets/ironwolf437/laptop-price-dataset,Kaggle laptop-price-dataset (Apache-2.0),2026-08-05T06:07:04.985220+00:00,Laptops,Dell,614.52
10000507,Vostro 3568,Intel Core i3 7100U 2.4 GHz,Intel HD Graphics 620,4GB,1TB HDD,15.6 inch · 1366x768,Not specified,2.18 kg,study office portable Notebook Windows 10,https://www.kaggle.com/datasets/ironwolf437/laptop-price-dataset,Kaggle laptop-price-dataset (Apache-2.0),2026-08-05T06:07:04.985220+00:00,Laptops,Dell,633.53
10000508,Vostro 3568,Intel Core i3 6006U 2.0 GHz,AMD Radeon R5 M420X,4GB,1TB HDD,15.6 inch · 1366x768,Not specified,2.18 kg,study office portable Notebook Windows 10,https://www.kaggle.com/datasets/ironwolf437/laptop-price-dataset,Kaggle laptop-price-dataset (Apache-2.0),2026-08-05T06:07:04.985220+00:00,Laptops,Dell,663.12
10000509,Vostro 3568,Intel Core i3 6006U 2.0 GHz,AMD Radeon R5 M420,4GB,1TB HDD,15.6 inch · 1366x768,Not specified,2.18 kg,study office portable Notebook Windows 10,https://www.kaggle.com/datasets/ironwolf437/laptop-price-dataset,Kaggle laptop-price-dataset (Apache-2.0),2026-08-05T06:07:04.985220+00:00,Laptops,Dell,667.33
10000510,Vostro 3568,Intel Core i5 7200U 2.5 GHz,Intel HD Graphics 620,4GB,1TB HDD,15.6 inch · Full HD 1920x1080,Not specified,2.18 kg,study office portable Notebook Windows 10,https://www.kaggle.com/datasets/ironwolf437/laptop-price-dataset,Kaggle laptop-price-dataset (Apache-2.0),2026-08-05T06:07:04.985220+00:00,Laptops,Dell,709.56
10000511,Vostro 3568,Intel Core i3 6006U 2.0 GHz,Intel HD Graphics 520,8GB,256GB SSD,15.6 inch · 1366x768,Not specified,2.0 kg,study office portable Notebook Windows 10,https://www.kaggle.com/datasets/ironwolf437/laptop-price-dataset,Kaggle laptop-price-dataset (Apache-2.0),2026-08-05T06:07:04.985220+00:00,Laptops,Dell,718.2
10000512,Vostro 3568,Intel Core i5 7200U 2.5 GHz,AMD Radeon R5 M420,4GB,1TB HDD,15.6 inch · 1366x768,Not specified,2.18 kg,study office portable Notebook Windows 10,https://www.kaggle.com/datasets/ironwolf437/laptop-price-dataset,Kaggle laptop-price-dataset (Apache-2.0),2026-08-05T06:07:04.985220+00:00,Laptops,Dell,739.79
10000513,Vostro 3568,Intel Core i5 7200U 2.5 GHz,Intel HD Graphics 620,4GB,1TB HDD,15.6 inch · 1366x768,Not specified,2.18 kg,study office portable Notebook Windows 10,https://www.kaggle.com/datasets/ironwolf437/laptop-price-dataset,Kaggle laptop-price-dataset (Apache-2.0),2026-08-05T06:07:04.985220+00:00,Laptops,Dell,764.7
10000514,Vostro 3568,Intel Core i5 7200U 2.5 GHz,Intel HD Graphics 620,8GB,128GB SSD,15.6 inch · 1366x768,Not specified,2.18 kg,study office portable Notebook Windows 10,https://www.kaggle.com/datasets/ironwolf437/laptop-price-dataset,Kaggle laptop-price-dataset (Apache-2.0),2026-08-05T06:07:04.985220+00:00,Laptops,Dell,771.11
10000515,Vostro 3568,Intel Core i7 7500U 2.7 GHz,AMD Radeon R5 M420,4GB,256GB SSD,15.6 inch · Full HD 1920x1080,Not specified,2.18 kg,study office portable Notebook Windows 10,https://www.kaggle.com/datasets/ironwolf437/laptop-price-dataset,Kaggle laptop-price-dataset (Apache-2.0),2026-08-05T06:07:04.985220+00:00,Laptops,Dell,798.12
10000516,Vostro 3568,Intel Core i5 7200U 2.5 GHz,Intel HD Graphics 620,8GB,256GB SSD,15.6 inch · Full HD 1920x1080,Not specified,2.18 kg,study office portable Notebook Windows 10,https://www.kaggle.com/datasets/ironwolf437/laptop-price-dataset,Kaggle laptop-price-dataset (Apache-2.0),2026-08-05T06:07:04.985220+00:00,Laptops,Dell,810.0
10000517,Vostro 3568,Intel Core i5 7200U 2.5 GHz,AMD Radeon R5 M420,8GB,256GB SSD,15.6 inch · Full HD 1920x1080,Not specified,2.18 kg,study office portable Notebook Windows 10,https://www.kaggle.com/datasets/ironwolf437/laptop-price-dataset,Kaggle laptop-price-dataset (Apache-2.0),2026-08-05T06:07:04.985220+00:00,Laptops,Dell,852.99
10000518,Vostro 5370,Intel Core i5 8250U 1.6 GHz,Intel UHD Graphics 620,8GB,256GB SSD,13.3 inch · Full HD 1920x1080,Not specified,1.41 kg,study office portable Ultrabook Windows 10,https://www.kaggle.com/datasets/ironwolf437/laptop-price-dataset,Kaggle laptop-price-dataset (Apache-2.0),2026-08-05T06:07:04.985220+00:00,Laptops,Dell,1024.92
10000519,Vostro 5468,Intel Core i3 6006U 2.0 GHz,Intel HD Graphics 520,4GB,128GB SSD,14.0 inch · Full HD 1920x1080,Not specified,1.6 kg,study office portable Notebook Windows 10,https://www.kaggle.com/datasets/ironwolf437/laptop-price-dataset,Kaggle laptop-price-dataset (Apache-2.0),2026-08-05T06:07:04.985220+00:00,Laptops,Dell,794.74
10000520,Vostro 5468,Intel Core i5 7200U 2.5 GHz,Intel HD Graphics 620,8GB,256GB SSD,14.0 inch · Full HD 1920x1080,Not specified,1.6 kg,study office portable Notebook Windows 10,https://www.kaggle.com/datasets/ironwolf437/laptop-price-dataset,Kaggle laptop-price-dataset (Apache-2.0),2026-08-05T06:07:04.985220+00:00,Laptops,Dell,927.72
10000521,Vostro 5471,Intel Core i5 8250U 1.6 GHz,Intel UHD Graphics 620,8GB,256GB SSD,14.0 inch · Full HD 1920x1080,Not specified,1.7 kg,study office portable Ultrabook Windows 10,https://www.kaggle.com/datasets/ironwolf437/laptop-price-dataset,Kaggle laptop-price-dataset (Apache-2.0),2026-08-05T06:07:04.985220+00:00,Laptops,Dell,949.32
10000522,Vostro 5568,Intel Core i5 7200U 2.5 GHz,Intel HD Graphics 620,8GB,1TB HDD,15.6 inch · Full HD 1920x1080,Not specified,1.98 kg,study office portable Notebook Linux,https://www.kaggle.com/datasets/ironwolf437/laptop-price-dataset,Kaggle laptop-price-dataset (Apache-2.0),2026-08-05T06:07:04.985220+00:00,Laptops,Dell,784.08
10000523,Vostro 5568,Intel Core i3 6006U 2.0 GHz,AMD Radeon R5 M420X,8GB,256GB SSD,15.6 inch · Full HD 1920x1080,Not specified,2.0 kg,study office portable Notebook Windows 10,https://www.kaggle.com/datasets/ironwolf437/laptop-price-dataset,Kaggle laptop-price-dataset (Apache-2.0),2026-08-05T06:07:04.985220+00:00,Laptops,Dell,798.12
10000524,Vostro 5568,Intel Core i5 7200U 2.5 GHz,Intel HD Graphics 620,8GB,256GB SSD,15.6 inch · Full HD 1920x1080,Not specified,2.18 kg,study office portable Notebook Windows 10,https://www.kaggle.com/datasets/ironwolf437/laptop-price-dataset,Kaggle laptop-price-dataset (Apache-2.0),2026-08-05T06:07:04.985220+00:00,Laptops,Dell,858.6
10000525,Vostro 5568,Intel Core i5 7200U 2.5 GHz,Intel HD Graphics 620,8GB,1TB HDD,15.6 inch · Full HD 1920x1080,Not specified,2.18 kg,study office portable Notebook Windows 10,https://www.kaggle.com/datasets/ironwolf437/laptop-price-dataset,Kaggle laptop-price-dataset (Apache-2.0),2026-08-05T06:07:04.985220+00:00,Laptops,Dell,902.88
10000526,Vostro 5568,Intel Core i7 7500U 2.7 GHz,Nvidia GeForce GT 940MX,8GB,256GB SSD,15.6 inch · Full HD 1920x1080,Not specified,1.98 kg,study office portable Notebook Linux,https://www.kaggle.com/datasets/ironwolf437/laptop-price-dataset,Kaggle laptop-price-dataset (Apache-2.0),2026-08-05T06:07:04.985220+00:00,Laptops,Dell,966.61
10000527,Vostro 5568,Intel Core i5 7200U 2.5 GHz,Nvidia GeForce 940MX,4GB,128GB SSD + 1TB HDD,15.6 inch · Full HD 1920x1080,Not specified,2.18 kg,study office portable Notebook Windows 10,https://www.kaggle.com/datasets/ironwolf437/laptop-price-dataset,Kaggle laptop-price-dataset (Apache-2.0),2026-08-05T06:07:04.985220+00:00,Laptops,Dell,985.5
10000528,Vostro 5568,Intel Core i7 7500U 2.7 GHz,Nvidia GeForce GT 940MX,8GB,1TB HDD,15.6 inch · Full HD 1920x1080,Not specified,1.98 kg,study office portable Notebook Windows 10,https://www.kaggle.com/datasets/ironwolf437/laptop-price-dataset,Kaggle laptop-price-dataset (Apache-2.0),2026-08-05T06:07:04.985220+00:00,Laptops,Dell,1037.88
10000529,Vostro 5568,Intel Core i7 7500U 2.7 GHz,Nvidia GeForce 940MX,8GB,256GB SSD,15.6 inch · Full HD 1920x1080,Not specified,2.18 kg,study office portable Notebook Windows 10,https://www.kaggle.com/datasets/ironwolf437/laptop-price-dataset,Kaggle laptop-price-dataset (Apache-2.0),2026-08-05T06:07:04.985220+00:00,Laptops,Dell,1090.69
10000530,XPS 13,Intel Core i5 7200U 2.5 GHz,Intel HD Graphics 620,8GB,128GB SSD,13.3 inch · IPS Panel Full HD / Touchscreen 1920x1080,Not specified,1.29 kg,study office portable Ultrabook Windows 10,https://www.kaggle.com/datasets/ironwolf437/laptop-price-dataset,Kaggle laptop-price-dataset (Apache-2.0),2026-08-05T06:07:04.985220+00:00,Laptops,Dell,970.92
10000531,XPS 13,Intel Core i5 8250U 1.6 GHz,Intel UHD Graphics 620,8GB,128GB SSD,13.3 inch · IPS Panel Full HD / Touchscreen 1920x1080,Not specified,1.22 kg,study office portable Ultrabook Windows 10,https://www.kaggle.com/datasets/ironwolf437/laptop-price-dataset,Kaggle laptop-price-dataset (Apache-2.0),2026-08-05T06:07:04.985220+00:00,Laptops,Dell,1057.32
10000532,XPS 13,Intel Core i5 6300U 2.4 GHz,Intel HD Graphics 520,8GB,256GB SSD,13.3 inch · Quad HD+ / Touchscreen 3200x1800,Not specified,1.23 kg,study office portable Ultrabook Linux,https://www.kaggle.com/datasets/ironwolf437/laptop-price-dataset,Kaggle laptop-price-dataset (Apache-2.0),2026-08-05T06:07:04.985220+00:00,Laptops,Dell,1186.92
10000533,XPS 13,Intel Core i7 6500U 2.5 GHz,Intel HD Graphics 520,8GB,256GB SSD,13.3 inch · Quad HD+ 3200x1800,Not specified,1.3 kg,study office portable Ultrabook Windows 10,https://www.kaggle.com/datasets/ironwolf437/laptop-price-dataset,Kaggle laptop-price-dataset (Apache-2.0),2026-08-05T06:07:04.985220+00:00,Laptops,Dell,1369.44
10000534,XPS 13,Intel Core i7 7560U 2.4 GHz,Intel Iris Plus Graphics 640,8GB,256GB SSD,13.3 inch · Quad HD+ / Touchscreen 3200x1800,Not specified,1.23 kg,study office portable Ultrabook Windows 10,https://www.kaggle.com/datasets/ironwolf437/laptop-price-dataset,Kaggle laptop-price-dataset (Apache-2.0),2026-08-05T06:07:04.985220+00:00,Laptops,Dell,1489.32
10000535,XPS 13,Intel Core i7 7560U 2.4 GHz,Intel Iris Plus Graphics 640,8GB,256GB SSD,13.3 inch · Full HD 1920x1080,Not specified,1.23 kg,study office portable Ultrabook Windows 10,https://www.kaggle.com/datasets/ironwolf437/laptop-price-dataset,Kaggle laptop-price-dataset (Apache-2.0),2026-08-05T06:07:04.985220+00:00,Laptops,Dell,1489.32
10000536,XPS 13,Intel Core i5 8250U 1.6 GHz,Intel UHD Graphics 620,8GB,256GB SSD,13.3 inch · Full HD 1920x1080,Not specified,1.23 kg,study office portable Ultrabook Windows 10,https://www.kaggle.com/datasets/ironwolf437/laptop-price-dataset,Kaggle laptop-price-dataset (Apache-2.0),2026-08-05T06:07:04.985220+00:00,Laptops,Dell,1510.92
10000537,XPS 13,Intel Core i7 8550U 1.8 GHz,Intel UHD Graphics 620,8GB,256GB SSD,13.3 inch · Quad HD+ / Touchscreen 3200x1800,Not specified,1.2 kg,study office portable Ultrabook Windows 10,https://www.kaggle.com/datasets/ironwolf437/laptop-price-dataset,Kaggle laptop-price-dataset (Apache-2.0),2026-08-05T06:07:04.985220+00:00,Laptops,Dell,1510.92
10000538,XPS 13,Intel Core i7 8550U 1.8 GHz,Intel UHD Graphics 620,8GB,256GB SSD,13.3 inch · Full HD 1920x1080,Not specified,1.2 kg,study office portable Ultrabook Windows 10,https://www.kaggle.com/datasets/ironwolf437/laptop-price-dataset,Kaggle laptop-price-dataset (Apache-2.0),2026-08-05T06:07:04.985220+00:00,Laptops,Dell,1564.92
10000539,XPS 13,Intel Core i5 8250U 1.6 GHz,Intel UHD Graphics 620,8GB,256GB SSD,13.3 inch · Full HD 1920x1080,Not specified,1.2 kg,study office portable Ultrabook Windows 10,https://www.kaggle.com/datasets/ironwolf437/laptop-price-dataset,Kaggle laptop-price-dataset (Apache-2.0),2026-08-05T06:07:04.985220+00:00,Laptops,Dell,1565.89
10000540,XPS 13,Intel Core i7 7500U 2.7 GHz,Intel HD Graphics 620,8GB,256GB SSD,13.3 inch · Full HD 1920x1080,Not specified,1.29 kg,study office portable Ultrabook Windows 10,https://www.kaggle.com/datasets/ironwolf437/laptop-price-dataset,Kaggle laptop-price-dataset (Apache-2.0),2026-08-05T06:07:04.985220+00:00,Laptops,Dell,1574.64
10000541,XPS 13,Intel Core i7 7500U 2.7 GHz,Intel HD Graphics 620,8GB,256GB SSD,13.3 inch · Quad HD+ / Touchscreen 3200x1800,Not specified,1.29 kg,study office portable Ultrabook Windows 10,https://www.kaggle.com/datasets/ironwolf437/laptop-price-dataset,Kaggle laptop-price-dataset (Apache-2.0),2026-08-05T06:07:04.985220+00:00,Laptops,Dell,1595.16
10000542,XPS 13,Intel Core i5 7200U 2.5 GHz,Intel HD Graphics 620,8GB,256GB SSD,13.3 inch · Full HD 1920x1080,Not specified,1.29 kg,study office portable Ultrabook Windows 10,https://www.kaggle.com/datasets/ironwolf437/laptop-price-dataset,Kaggle laptop-price-dataset (Apache-2.0),2026-08-05T06:07:04.985220+00:00,Laptops,Dell,1618.92
10000543,XPS 13,Intel Core i7 8550U 1.8 GHz,Intel UHD Graphics 620,8GB,256GB SSD,13.3 inch · Full HD 1920x1080,Not specified,1.2 kg,study office portable Ultrabook Windows 10,https://www.kaggle.com/datasets/ironwolf437/laptop-price-dataset,Kaggle laptop-price-dataset (Apache-2.0),2026-08-05T06:07:04.985220+00:00,Laptops,Dell,1705.32
10000544,XPS 13,Intel Core i5 8250U 1.6 GHz,Intel UHD Graphics 620,8GB,128GB SSD,13.3 inch · IPS Panel 4K Ultra HD / Touchscreen 3840x2160,Not specified,1.21 kg,study office portable Ultrabook Windows 10,https://www.kaggle.com/datasets/ironwolf437/laptop-price-dataset,Kaggle laptop-price-dataset (Apache-2.0),2026-08-05T06:07:04.985220+00:00,Laptops,Dell,1726.92
10000545,XPS 13,Intel Core i5 7200U 2.5 GHz,Intel HD Graphics 620,8GB,256GB SSD,13.3 inch · Quad HD+ / Touchscreen 3200x1800,Not specified,1.29 kg,study office portable Ultrabook Windows 10,https://www.kaggle.com/datasets/ironwolf437/laptop-price-dataset,Kaggle laptop-price-dataset (Apache-2.0),2026-08-05T06:07:04.985220+00:00,Laptops,Dell,1753.92
10000546,XPS 13,Intel Core i5 8250U 1.6 GHz,Intel UHD Graphics 620,8GB,256GB SSD,13.3 inch · IPS Panel Full HD 1920x1080,Not specified,1.21 kg,study office portable Ultrabook Windows 10,https://www.kaggle.com/datasets/ironwolf437/laptop-price-dataset,Kaggle laptop-price-dataset (Apache-2.0),2026-08-05T06:07:04.985220+00:00,Laptops,Dell,1759.32
10000547,XPS 13,Intel Core i7 8550U 1.8 GHz,Intel UHD Graphics 620,8GB,256GB SSD,13.3 inch · IPS Panel Full HD 1920x1080,Not specified,1.21 kg,study office portable Ultrabook Windows 10,https://www.kaggle.com/datasets/ironwolf437/laptop-price-dataset,Kaggle laptop-price-dataset (Apache-2.0),2026-08-05T06:07:04.985220+00:00,Laptops,Dell,1780.92
10000548,XPS 13,Intel Core i7 7Y75 1.3 GHz,Intel HD Graphics 615,16GB,256GB SSD,13.3 inch · Full HD / Touchscreen 1920x1080,Not specified,1.22 kg,study office portable 2 in 1 Convertible Windows 10,https://www.kaggle.com/datasets/ironwolf437/laptop-price-dataset,Kaggle laptop-price-dataset (Apache-2.0),2026-08-05T06:07:04.985220+00:00,Laptops,Dell,1780.92
10000549,XPS 13,Intel Core i5 7Y54 1.2 GHz,Intel HD Graphics 615,8GB,256GB SSD,13.3 inch · Quad HD+ / Touchscreen 3200x1800,Not specified,1.24 kg,study office portable 2 in 1 Convertible Windows 10,https://www.kaggle.com/datasets/ironwolf437/laptop-price-dataset,Kaggle laptop-price-dataset (Apache-2.0),2026-08-05T06:07:04.985220+00:00,Laptops,Dell,1958.04
10000550,XPS 13,Intel Core i7 8550U 1.8 GHz,Intel UHD Graphics 620,16GB,512GB SSD,13.3 inch · Touchscreen / Quad HD+ 3200x1800,Not specified,1.2 kg,study office portable Ultrabook Windows 10,https://www.kaggle.com/datasets/ironwolf437/laptop-price-dataset,Kaggle laptop-price-dataset (Apache-2.0),2026-08-05T06:07:04.985220+00:00,Laptops,Dell,2018.52
10000551,XPS 13,Intel Core i5 8250U 1.6 GHz,Intel UHD Graphics 620,8GB,256GB SSD,13.3 inch · Quad HD+ / Touchscreen 3200x1800,Not specified,1.23 kg,study office portable Ultrabook Windows 10,https://www.kaggle.com/datasets/ironwolf437/laptop-price-dataset,Kaggle laptop-price-dataset (Apache-2.0),2026-08-05T06:07:04.985220+00:00,Laptops,Dell,2018.52
10000552,XPS 13,Intel Core i5 7Y54 1.2 GHz,Intel HD Graphics 615,8GB,256GB SSD,13.3 inch · Full HD / Touchscreen 1920x1080,Not specified,1.24 kg,study office portable 2 in 1 Convertible Windows 10,https://www.kaggle.com/datasets/ironwolf437/laptop-price-dataset,Kaggle laptop-price-dataset (Apache-2.0),2026-08-05T06:07:04.985220+00:00,Laptops,Dell,2050.92
10000553,XPS 13,Intel Core i7 7Y75 1.3 GHz,Intel HD Graphics 615,16GB,512GB SSD,13.3 inch · Quad HD+ / Touchscreen 3200x1800,Not specified,1.22 kg,study office portable 2 in 1 Convertible Windows 10,https://www.kaggle.com/datasets/ironwolf437/laptop-price-dataset,Kaggle laptop-price-dataset (Apache-2.0),2026-08-05T06:07:04.985220+00:00,Laptops,Dell,2050.92
10000554,XPS 13,Intel Core i7 8550U 1.8 GHz,Intel UHD Graphics 620,8GB,256GB SSD,13.3 inch · IPS Panel 4K Ultra HD / Touchscreen 3840x2160,Not specified,1.21 kg,study office portable Ultrabook Windows 10,https://www.kaggle.com/datasets/ironwolf437/laptop-price-dataset,Kaggle laptop-price-dataset (Apache-2.0),2026-08-05T06:07:04.985220+00:00,Laptops,Dell,2104.92
10000555,XPS 13,Intel Core i7 7Y75 1.3 GHz,Intel HD Graphics 615,8GB,512GB SSD,13.3 inch · Quad HD+ / Touchscreen 3200x1800,Not specified,1.24 kg,study office portable 2 in 1 Convertible Windows 10,https://www.kaggle.com/datasets/ironwolf437/laptop-price-dataset,Kaggle laptop-price-dataset (Apache-2.0),2026-08-05T06:07:04.985220+00:00,Laptops,Dell,2174.15
10000556,XPS 13,Intel Core i7 7660U 2.5 GHz,Intel Iris Plus Graphics 640,16GB,512GB SSD,13.3 inch · Quad HD+ / Touchscreen 3200x1800,Not specified,1.29 kg,study office portable Ultrabook Windows 10,https://www.kaggle.com/datasets/ironwolf437/laptop-price-dataset,Kaggle laptop-price-dataset (Apache-2.0),2026-08-05T06:07:04.985220+00:00,Laptops,Dell,2419.2
10000557,XPS 13,Intel Core i7 7500U 2.7 GHz,Intel HD Graphics 620,16GB,1TB SSD,13.3 inch · Quad HD+ / Touchscreen 3200x1800,Not specified,1.2 kg,study office portable Ultrabook Windows 10,https://www.kaggle.com/datasets/ironwolf437/laptop-price-dataset,Kaggle laptop-price-dataset (Apache-2.0),2026-08-05T06:07:04.985220+00:00,Laptops,Dell,2434.32
10000558,XPS 13,Intel Core i7 8550U 1.8 GHz,Intel UHD Graphics 620,16GB,1TB SSD,13.3 inch · IPS Panel 4K Ultra HD / Touchscreen 3840x2160,Not specified,1.21 kg,study office portable Ultrabook Windows 10,https://www.kaggle.com/datasets/ironwolf437/laptop-price-dataset,Kaggle laptop-price-dataset (Apache-2.0),2026-08-05T06:07:04.985220+00:00,Laptops,Dell,2698.92
10000559,XPS 13,Intel Core i7 7500U 2.7 GHz,Intel HD Graphics 620,16GB,512GB SSD,13.3 inch · Quad HD+ / Touchscreen 3200x1800,Not specified,1.2 kg,study office portable Ultrabook Windows 10,https://www.kaggle.com/datasets/ironwolf437/laptop-price-dataset,Kaggle laptop-price-dataset (Apache-2.0),2026-08-05T06:07:04.985220+00:00,Laptops,Dell,2894.4
10000560,XPS 15,Intel Core i5 7300HQ 2.5 GHz,Nvidia GeForce GTX 1050,8GB,256GB SSD,15.6 inch · 4K Ultra HD / Touchscreen 3840x2160,Not specified,2.06 kg,study office portable Notebook Windows 10,https://www.kaggle.com/datasets/ironwolf437/laptop-price-dataset,Kaggle laptop-price-dataset (Apache-2.0),2026-08-05T06:07:04.985220+00:00,Laptops,Dell,1888.92
10000561,XPS 15,Intel Core i7 7700HQ 2.8 GHz,Nvidia GeForce GTX 1050,8GB,256GB SSD,15.6 inch · Full HD 1920x1080,Not specified,2.0 kg,study office portable Notebook Windows 10,https://www.kaggle.com/datasets/ironwolf437/laptop-price-dataset,Kaggle laptop-price-dataset (Apache-2.0),2026-08-05T06:07:04.985220+00:00,Laptops,Dell,1965.6
10000562,XPS 15,Intel Core i7 7700HQ 2.8 GHz,Nvidia GeForce GTX 1050,8GB,256GB SSD,15.6 inch · Full HD 1920x1080,Not specified,2.0 kg,study office portable Notebook Windows 10,https://www.kaggle.com/datasets/ironwolf437/laptop-price-dataset,Kaggle laptop-price-dataset (Apache-2.0),2026-08-05T06:07:04.985220+00:00,Laptops,Dell,1975.32
10000563,XPS 15,Intel Core i7 7700HQ 2.8 GHz,Nvidia GeForce GTX 1050,16GB,512GB SSD,15.6 inch · Full HD 1920x1080,Not specified,2.06 kg,study office portable Notebook Windows 10,https://www.kaggle.com/datasets/ironwolf437/laptop-price-dataset,Kaggle laptop-price-dataset (Apache-2.0),2026-08-05T06:07:04.985220+00:00,Laptops,Dell,2050.92
10000564,XPS 15,Intel Core i7 7700HQ 2.8 GHz,Nvidia GeForce GTX 1050,16GB,512GB SSD,15.6 inch · 4K Ultra HD / Touchscreen 3840x2160,Not specified,2.06 kg,study office portable Notebook Windows 10,https://www.kaggle.com/datasets/ironwolf437/laptop-price-dataset,Kaggle laptop-price-dataset (Apache-2.0),2026-08-05T06:07:04.985220+00:00,Laptops,Dell,2189.61
10000565,XPS 15,Intel Core i5 6300HQ 2.3 GHz,Nvidia GeForce 960M,8GB,256GB SSD,15.6 inch · IPS Panel Touchscreen / 4K Ultra HD 3840x2160,Not specified,2.04 kg,study office portable Notebook Windows 10,https://www.kaggle.com/datasets/ironwolf437/laptop-price-dataset,Kaggle laptop-price-dataset (Apache-2.0),2026-08-05T06:07:04.985220+00:00,Laptops,Dell,2430.73
10000566,XPS 15,Intel Core i7 7700HQ 2.8 GHz,Nvidia GeForce GTX 1050,16GB,512GB SSD,15.6 inch · 4K Ultra HD / Touchscreen 3840x2160,Not specified,2.06 kg,study office portable Notebook Windows 10,https://www.kaggle.com/datasets/ironwolf437/laptop-price-dataset,Kaggle laptop-price-dataset (Apache-2.0),2026-08-05T06:07:04.985220+00:00,Laptops,Dell,2588.76
10000567,XPS 15,Intel Core i7 7700HQ 2.8 GHz,Nvidia GeForce GTX 1050,16GB,1TB SSD,15.6 inch · 4K Ultra HD / Touchscreen 3840x2160,Not specified,2.06 kg,study office portable Notebook Windows 10,https://www.kaggle.com/datasets/ironwolf437/laptop-price-dataset,Kaggle laptop-price-dataset (Apache-2.0),2026-08-05T06:07:04.985220+00:00,Laptops,Dell,2590.92
10000568,XPS 15,Intel Core i7 7700HQ 2.8 GHz,Nvidia GeForce GTX 1050,32GB,1TB SSD,15.6 inch · 4K Ultra HD / Touchscreen 3840x2160,Not specified,2.06 kg,study office portable Notebook Windows 10,https://www.kaggle.com/datasets/ironwolf437/laptop-price-dataset,Kaggle laptop-price-dataset (Apache-2.0),2026-08-05T06:07:04.985220+00:00,Laptops,Dell,2850.12
10000569,LifeBook A556,Intel Core i5 6200U 2.3 GHz,Intel HD Graphics 520,4GB,256GB SSD,15.6 inch · 1366x768,Not specified,2.3 kg,study office portable Notebook Windows 10,https://www.kaggle.com/datasets/ironwolf437/laptop-price-dataset,Kaggle laptop-price-dataset (Apache-2.0),2026-08-05T06:07:04.985220+00:00,Laptops,Fujitsu,700.92
10000570,Lifebook A557,Intel Core i5 7200U 2.5 GHz,Intel HD Graphics 620,8GB,1TB HDD,15.6 inch · 1366x768,Not specified,2.2 kg,study office portable Notebook Windows 10,https://www.kaggle.com/datasets/ironwolf437/laptop-price-dataset,Kaggle laptop-price-dataset (Apache-2.0),2026-08-05T06:07:04.985220+00:00,Laptops,Fujitsu,798.12
10000571,LifeBook A557,Intel Core i5 7200U 2.5 GHz,Intel HD Graphics 620,8GB,256GB SSD,15.6 inch · 1366x768,Not specified,2.2 kg,study office portable Notebook Windows 10,https://www.kaggle.com/datasets/ironwolf437/laptop-price-dataset,Kaggle laptop-price-dataset (Apache-2.0),2026-08-05T06:07:04.985220+00:00,Laptops,Fujitsu,862.92
10000572,Pixelbook (Core,Intel Core i5 7Y57 1.2 GHz,Intel HD Graphics 615,8GB,128GB SSD,12.3 inch · Touchscreen 2400x1600,Not specified,1.1 kg,study office portable Ultrabook Chrome OS,https://www.kaggle.com/datasets/ironwolf437/laptop-price-dataset,Kaggle laptop-price-dataset (Apache-2.0),2026-08-05T06:07:04.985220+00:00,Laptops,Google,1377.0
10000573,Pixelbook (Core,Intel Core i5 7Y57 1.2 GHz,Intel HD Graphics 615,8GB,256GB SSD,12.3 inch · Touchscreen 2400x1600,Not specified,1.1 kg,study office portable Ultrabook Chrome OS,https://www.kaggle.com/datasets/ironwolf437/laptop-price-dataset,Kaggle laptop-price-dataset (Apache-2.0),2026-08-05T06:07:04.985220+00:00,Laptops,Google,1683.72
10000574,Pixelbook (Core,Intel Core i7 7Y75 1.3 GHz,Intel HD Graphics 615,16GB,512GB SSD,12.3 inch · Touchscreen 2400x1600,Not specified,1.1 kg,study office portable Ultrabook Chrome OS,https://www.kaggle.com/datasets/ironwolf437/laptop-price-dataset,Kaggle laptop-price-dataset (Apache-2.0),2026-08-05T06:07:04.985220+00:00,Laptops,Google,2374.92
10000575,14-am079na (N3710/8GB/2TB/W10),Intel Pentium Quad Core N3710 1.6 GHz,Intel HD Graphics 405,8GB,2TB HDD,14.0 inch · 1366x768,Not specified,1.94 kg,study office portable Notebook Windows 10,https://www.kaggle.com/datasets/ironwolf437/laptop-price-dataset,Kaggle laptop-price-dataset (Apache-2.0),2026-08-05T06:07:04.985220+00:00,Laptops,HP,420.12
10000576,15-AC110nv (i7-6500U/6GB/1TB/Radeon,Intel Core i7 6500U 2.5 GHz,AMD Radeon R5 M330,6GB,1TB HDD,15.6 inch · 1366x768,Not specified,2.19 kg,study office portable Notebook Windows 10,https://www.kaggle.com/datasets/ironwolf437/laptop-price-dataset,Kaggle laptop-price-dataset (Apache-2.0),2026-08-05T06:07:04.985220+00:00,Laptops,HP,825.12
10000577,15-AY023na (N3710/8GB/2TB/W10),Intel Pentium Quad Core N3710 1.6 GHz,Intel HD Graphics 405,8GB,2TB HDD,15.6 inch · 1366x768,Not specified,2.04 kg,study office portable Notebook Windows 10,https://www.kaggle.com/datasets/ironwolf437/laptop-price-dataset,Kaggle laptop-price-dataset (Apache-2.0),2026-08-05T06:07:04.985220+00:00,Laptops,HP,420.12
10000578,15-ay047nv (i3-6006U/6GB/1TB/Radeon,Intel Core i3 6006U 2.0 GHz,AMD Radeon R5 M430,6GB,1TB HDD,15.6 inch · 1920x1080,Not specified,2.04 kg,study office portable Notebook Windows 10,https://www.kaggle.com/datasets/ironwolf437/laptop-price-dataset,Kaggle laptop-price-dataset (Apache-2.0),2026-08-05T06:07:04.985220+00:00,Laptops,HP,582.12
10000579,15-BA015wm (E2-7110/4GB/500GB/W10),AMD E-Series 7110 1.8 GHz,AMD Radeon R2 Graphics,4GB,500GB HDD,15.6 inch · 1366x768,Not specified,1.86 kg,study office portable Notebook Windows 10,https://www.kaggle.com/datasets/ironwolf437/laptop-price-dataset,Kaggle laptop-price-dataset (Apache-2.0),2026-08-05T06:07:04.985220+00:00,Laptops,HP,320.76
10000580,15-ba043na (A12-9700P/8GB/2TB/W10),AMD A12-Series 9700P 2.5 GHz,AMD Radeon R7 Graphics,8GB,2TB HDD,15.6 inch · 1366x768,Not specified,2.04 kg,study office portable Notebook Windows 10,https://www.kaggle.com/datasets/ironwolf437/laptop-price-dataset,Kaggle laptop-price-dataset (Apache-2.0),2026-08-05T06:07:04.985220+00:00,Laptops,HP,679.32
10000581,15-bs002nv (i3-6006U/4GB/128GB/FHD/W10),Intel Core i3 6006U 2.0 GHz,Intel HD Graphics 520,4GB,128GB SSD,15.6 inch · Full HD 1920x1080,Not specified,1.91 kg,study office portable Notebook Windows 10,https://www.kaggle.com/datasets/ironwolf437/laptop-price-dataset,Kaggle laptop-price-dataset (Apache-2.0),2026-08-05T06:07:04.985220+00:00,Laptops,HP,474.12
10000582,15-bs005nv (i3-6006U/4GB/1TB,Intel Core i3 6006U 2.0 GHz,AMD Radeon 520,4GB,128GB SSD + 1TB HDD,15.6 inch · Full HD 1920x1080,Not specified,2.1 kg,study office portable Notebook Windows 10,https://www.kaggle.com/datasets/ironwolf437/laptop-price-dataset,Kaggle laptop-price-dataset (Apache-2.0),2026-08-05T06:07:04.985220+00:00,Laptops,HP,538.92
10000583,15-bs011nv (i7-7500U/4GB/500GB/Radeon,Intel Core i7 7500U 2.7 GHz,AMD Radeon 530,4GB,500GB HDD,15.6 inch · IPS Panel Full HD 1920x1080,Not specified,2.1 kg,study office portable Notebook Windows 10,https://www.kaggle.com/datasets/ironwolf437/laptop-price-dataset,Kaggle laptop-price-dataset (Apache-2.0),2026-08-05T06:07:04.985220+00:00,Laptops,HP,744.12
10000584,15-bs012nv (i7-7500U/8GB/1TB/Radeon,Intel Core i7 7500U 2.7 GHz,AMD Radeon 530,8GB,1TB HDD,15.6 inch · Full HD 1920x1080,Not specified,2.1 kg,study office portable Notebook Windows 10,https://www.kaggle.com/datasets/ironwolf437/laptop-price-dataset,Kaggle laptop-price-dataset (Apache-2.0),2026-08-05T06:07:04.985220+00:00,Laptops,HP,804.6
10000585,15-bs015dx (i5-7200U/8GB/1TB/W10),Intel Core i5 7200U 2.5 GHz,Intel HD Graphics 620,8GB,1TB HDD,15.6 inch · Touchscreen 1366x768,Not specified,2.04 kg,study office portable Notebook Windows 10,https://www.kaggle.com/datasets/ironwolf437/laptop-price-dataset,Kaggle laptop-price-dataset (Apache-2.0),2026-08-05T06:07:04.985220+00:00,Laptops,HP,603.72
10000586,15-bs017nv (i7-7500U/8GB/256GB/Radeon,Intel Core i7 7500U 2.7 GHz,AMD Radeon 530,8GB,256GB SSD,15.6 inch · Full HD 1920x1080,Not specified,1.91 kg,study office portable Notebook Windows 10,https://www.kaggle.com/datasets/ironwolf437/laptop-price-dataset,Kaggle laptop-price-dataset (Apache-2.0),2026-08-05T06:07:04.985220+00:00,Laptops,HP,776.52
10000587,15-bs018nq (i3-6006U/4GB/500GB/FHD/No,Intel Core i3 6006U 2.0 GHz,Intel HD Graphics 520,4GB,500GB HDD,15.6 inch · Full HD 1920x1080,Not specified,2.1 kg,study office portable Notebook No OS,https://www.kaggle.com/datasets/ironwolf437/laptop-price-dataset,Kaggle laptop-price-dataset (Apache-2.0),2026-08-05T06:07:04.985220+00:00,Laptops,HP,376.92
10000588,15-bs023nv (i3-6006U/4GB/1TB/FHD/W10),Intel Core i3 6006U 2.0 GHz,Intel HD Graphics 520,4GB,1TB HDD,15.6 inch · Full HD 1920x1080,Not specified,2.1 kg,study office portable Notebook Windows 10,https://www.kaggle.com/datasets/ironwolf437/laptop-price-dataset,Kaggle laptop-price-dataset (Apache-2.0),2026-08-05T06:07:04.985220+00:00,Laptops,HP,516.24
10000589,15-bs024nv (i5-7200U/8GB/128GB/W10),Intel Core i5 7200U 2.5 GHz,Intel HD Graphics 620,8GB,128GB SSD,15.6 inch · 1366x768,Not specified,1.91 kg,study office portable Notebook Windows 10,https://www.kaggle.com/datasets/ironwolf437/laptop-price-dataset,Kaggle laptop-price-dataset (Apache-2.0),2026-08-05T06:07:04.985220+00:00,Laptops,HP,636.12
10000590,15-bs025nv (i5-7200U/8GB/256GB/W10),Intel Core i5 7200U 2.5 GHz,Intel HD Graphics 620,8GB,256GB SSD,15.6 inch · 1366x768,Not specified,1.91 kg,study office portable Notebook Windows 10,https://www.kaggle.com/datasets/ironwolf437/laptop-price-dataset,Kaggle laptop-price-dataset (Apache-2.0),2026-08-05T06:07:04.985220+00:00,Laptops,HP,625.32
10000591,15-BS026nv (i5-7200U/8GB/256GB/Radeon,Intel Core i5 7200U 2.5 GHz,AMD Radeon 520,8GB,256GB SSD,15.6 inch · 1366x768,Not specified,1.91 kg,study office portable Notebook Windows 10,https://www.kaggle.com/datasets/ironwolf437/laptop-price-dataset,Kaggle laptop-price-dataset (Apache-2.0),2026-08-05T06:07:04.985220+00:00,Laptops,HP,668.51
10000592,15-BS028nv (i3-6006U/4GB/1TB/Radeon,Intel Core i3 6006U 2.0 GHz,AMD Radeon 520,4GB,1TB HDD,15.6 inch · Full HD 1920x1080,Not specified,2.1 kg,study office portable Notebook Windows 10,https://www.kaggle.com/datasets/ironwolf437/laptop-price-dataset,Kaggle laptop-price-dataset (Apache-2.0),2026-08-05T06:07:04.985220+00:00,Laptops,HP,506.52
10000593,15-bs053od (i7-7500U/6GB/1TB/W10),Intel Core i7 7500U 2.7 GHz,Intel HD Graphics 620,6GB,1TB HDD,15.6 inch · 1366x768,Not specified,2.04 kg,study office portable Notebook Windows 10,https://www.kaggle.com/datasets/ironwolf437/laptop-price-dataset,Kaggle laptop-price-dataset (Apache-2.0),2026-08-05T06:07:04.985220+00:00,Laptops,HP,625.32
10000594,15-bs078cl (i7-7500U/8GB/2TB/W10),Intel Core i7 7500U 2.7 GHz,Intel HD Graphics 620,8GB,2TB HDD,15.6 inch · 1366x768,Not specified,2.04 kg,study office portable Notebook Windows 10,https://www.kaggle.com/datasets/ironwolf437/laptop-price-dataset,Kaggle laptop-price-dataset (Apache-2.0),2026-08-05T06:07:04.985220+00:00,Laptops,HP,679.32
10000595,15-BS078nr (i7-7500U/8GB/1TB/W10),Intel Core i7 7500U 2.7 GHz,Intel HD Graphics 620,8GB,1TB HDD,15.6 inch · 1366x768,Not specified,2.05 kg,study office portable Notebook Windows 10,https://www.kaggle.com/datasets/ironwolf437/laptop-price-dataset,Kaggle laptop-price-dataset (Apache-2.0),2026-08-05T06:07:04.985220+00:00,Laptops,HP,645.84
10000596,15-BS101nv (i7-8550U/8GB/256GB/FHD/W10),Intel Core i7 8550U 1.8 GHz,Intel HD Graphics 620,8GB,256GB SSD,15.6 inch · Full HD 1920x1080,Not specified,1.91 kg,study office portable Ultrabook Windows 10,https://www.kaggle.com/datasets/ironwolf437/laptop-price-dataset,Kaggle laptop-price-dataset (Apache-2.0),2026-08-05T06:07:04.985220+00:00,Laptops,HP,711.72
10000597,15-BS103nv (i5-8250U/6GB/256GB/Radeon,Intel Core i5 8250U 1.6 GHz,AMD Radeon 520,6GB,256GB SSD,15.6 inch · Full HD 1920x1080,Not specified,1.91 kg,study office portable Notebook Windows 10,https://www.kaggle.com/datasets/ironwolf437/laptop-price-dataset,Kaggle laptop-price-dataset (Apache-2.0),2026-08-05T06:07:04.985220+00:00,Laptops,HP,668.52
10000598,15-bs190od (i5-8250U/4GB/1TB/W10),Intel Core i5 8250U 1.6 GHz,Intel UHD Graphics 620,4GB,1TB HDD,15.6 inch · Touchscreen 1366x768,Not specified,2.04 kg,study office portable Notebook Windows 10,https://www.kaggle.com/datasets/ironwolf437/laptop-price-dataset,Kaggle laptop-price-dataset (Apache-2.0),2026-08-05T06:07:04.985220+00:00,Laptops,HP,563.19
10000599,15-bw000nv (E2-9000e/4GB/500GB/Radeon,AMD E-Series E2-9000e 1.5 GHz,AMD Radeon R2,4GB,500GB HDD,15.6 inch · Full HD 1920x1080,Not specified,2.1 kg,study office portable Notebook Windows 10,https://www.kaggle.com/datasets/ironwolf437/laptop-price-dataset,Kaggle laptop-price-dataset (Apache-2.0),2026-08-05T06:07:04.985220+00:00,Laptops,HP,376.92
10000600,15-bw002nv (A6-9220/4GB/256GB/Radeon,AMD A6-Series A6-9220 2.5 GHz,AMD Radeon 520,4GB,256GB SSD,15.6 inch · Full HD 1920x1080,Not specified,1.91 kg,study office portable Notebook Windows 10,https://www.kaggle.com/datasets/ironwolf437/laptop-price-dataset,Kaggle laptop-price-dataset (Apache-2.0),2026-08-05T06:07:04.985220+00:00,Laptops,HP,517.2
10000601,15-bw003nv (A9-Series-9420/4GB/256GB/FHD/W10),AMD A9-Series 9420 3.0 GHz,AMD Radeon R5,4GB,256GB SSD,15.6 inch · Full HD 1920x1080,Not specified,1.91 kg,study office portable Notebook Windows 10,https://www.kaggle.com/datasets/ironwolf437/laptop-price-dataset,Kaggle laptop-price-dataset (Apache-2.0),2026-08-05T06:07:04.985220+00:00,Laptops,HP,528.11
10000602,15-BW004nv (A9-9420/4GB/256GB/Radeon,AMD A9-Series 9420 3.0 GHz,AMD Radeon 520,4GB,256GB SSD,15.6 inch · Full HD 1920x1080,Not specified,1.91 kg,study office portable Ultrabook Windows 10,https://www.kaggle.com/datasets/ironwolf437/laptop-price-dataset,Kaggle laptop-price-dataset (Apache-2.0),2026-08-05T06:07:04.985220+00:00,Laptops,HP,538.92
10000603,15-bw007nv (A10-9620P/6GB/128GB/Radeon,AMD A10-Series A10-9620P 2.5 GHz,AMD Radeon 530,6GB,128GB SSD,15.6 inch · IPS Panel Full HD 1920x1080,Not specified,1.91 kg,study office portable Notebook Windows 10,https://www.kaggle.com/datasets/ironwolf437/laptop-price-dataset,Kaggle laptop-price-dataset (Apache-2.0),2026-08-05T06:07:04.985220+00:00,Laptops,HP,614.41
10000604,15-bw009nv (A12-9720P/6GB/1TB/Radeon,AMD A12-Series 9720P 2.7 GHz,AMD Radeon 530,6GB,1TB HDD,15.6 inch · Full HD 1920x1080,Not specified,2.1 kg,study office portable Notebook Windows 10,https://www.kaggle.com/datasets/ironwolf437/laptop-price-dataset,Kaggle laptop-price-dataset (Apache-2.0),2026-08-05T06:07:04.985220+00:00,Laptops,HP,571.32
10000605,15-bw011nv (A6-9220/4GB/1TB/FHD/W10),AMD A6-Series 9220 2.5 GHz,AMD Radeon R4,4GB,1TB HDD,15.6 inch · Full HD 1920x1080,Not specified,2.1 kg,study office portable Notebook Windows 10,https://www.kaggle.com/datasets/ironwolf437/laptop-price-dataset,Kaggle laptop-price-dataset (Apache-2.0),2026-08-05T06:07:04.985220+00:00,Laptops,HP,429.84
10000606,15-BW037na (A9-9420/4GB/1TB/Radeon,AMD A9-Series 9420 3.0 GHz,AMD Radeon 520,4GB,1TB HDD,15.6 inch · Full HD 1920x1080,Not specified,2.1 kg,study office portable Notebook Windows 10,https://www.kaggle.com/datasets/ironwolf437/laptop-price-dataset,Kaggle laptop-price-dataset (Apache-2.0),2026-08-05T06:07:04.985220+00:00,Laptops,HP,528.12
10000607,15-BW091ND (A9-9420/6GB/1TB,AMD A9-Series A9-9420 3.0 GHz,AMD Radeon 520,6GB,128GB SSD + 1TB HDD,15.6 inch · Full HD 1920x1080,Not specified,2.1 kg,study office portable Notebook Windows 10,https://www.kaggle.com/datasets/ironwolf437/laptop-price-dataset,Kaggle laptop-price-dataset (Apache-2.0),2026-08-05T06:07:04.985220+00:00,Laptops,HP,702.0
10000608,15-BW094nd (A6-9220/8GB/128GB/W10),AMD A6-Series A6-9220 2.5 GHz,AMD Radeon R4 Graphics,8GB,128GB SSD,15.6 inch · 1366x768,Not specified,1.91 kg,study office portable Notebook Windows 10,https://www.kaggle.com/datasets/ironwolf437/laptop-price-dataset,Kaggle laptop-price-dataset (Apache-2.0),2026-08-05T06:07:04.985220+00:00,Laptops,HP,481.57
10000609,15-cb003na (i5-7300HQ/8GB/1TB,Intel Core i5 7300HQ 2.5 GHz,Nvidia GeForce GTX 1050,8GB,128GB SSD + 1TB HDD,15.6 inch · IPS Panel Full HD 1920x1080,Not specified,2.2 kg,study office portable Notebook Windows 10,https://www.kaggle.com/datasets/ironwolf437/laptop-price-dataset,Kaggle laptop-price-dataset (Apache-2.0),2026-08-05T06:07:04.985220+00:00,Laptops,HP,1186.92
10000610,15-cd005nv (A9-9420/6GB/256GB/Radeon,AMD A9-Series A9-9420 3.0 GHz,AMD Radeon 530,6GB,256GB SSD,15.6 inch · IPS Panel Full HD 1920x1080,Not specified,1.95 kg,study office portable Notebook Windows 10,https://www.kaggle.com/datasets/ironwolf437/laptop-price-dataset,Kaggle laptop-price-dataset (Apache-2.0),2026-08-05T06:07:04.985220+00:00,Laptops,HP,700.92
10000611,15-ra044nv (N3060/4GB/500GB/W10),Intel Celeron Dual Core N3060 1.6 GHz,Intel HD Graphics 400,4GB,500GB HDD,15.6 inch · 1366x768,Not specified,2.1 kg,study office portable Notebook Windows 10,https://www.kaggle.com/datasets/ironwolf437/laptop-price-dataset,Kaggle laptop-price-dataset (Apache-2.0),2026-08-05T06:07:04.985220+00:00,Laptops,HP,374.76
10000612,15-rb013nv (E2-9000e/4GB/500GB/W10),AMD E-Series 9000e 1.5 GHz,AMD Radeon R2,4GB,500GB HDD,15.6 inch · 1366x768,Not specified,2.1 kg,study office portable Notebook Windows 10,https://www.kaggle.com/datasets/ironwolf437/laptop-price-dataset,Kaggle laptop-price-dataset (Apache-2.0),2026-08-05T06:07:04.985220+00:00,Laptops,HP,356.4
10000613,17-ak001nv (A6-9220/4GB/500GB/Radeon,AMD A6-Series 9220 2.5 GHz,AMD Radeon 530,4GB,500GB HDD,17.3 inch · Full HD 1920x1080,Not specified,2.71 kg,study office portable Notebook Windows 10,https://www.kaggle.com/datasets/ironwolf437/laptop-price-dataset,Kaggle laptop-price-dataset (Apache-2.0),2026-08-05T06:07:04.985220+00:00,Laptops,HP,474.12
10000614,17-ak002nv (A10-9620P/6GB/2TB/Radeon,AMD A10-Series 9620P 2.5 GHz,AMD Radeon 530,6GB,2TB HDD,17.3 inch · IPS Panel Full HD 1920x1080,Not specified,2.71 kg,study office portable Notebook Windows 10,https://www.kaggle.com/datasets/ironwolf437/laptop-price-dataset,Kaggle laptop-price-dataset (Apache-2.0),2026-08-05T06:07:04.985220+00:00,Laptops,HP,707.41
10000615,17-AK091ND (A9-9420/8GB/1TB/W10),AMD A9-Series 9420 3.0 GHz,AMD Radeon R5,8GB,1TB HDD,17.0 inch · 1600x900,Not specified,2.6 kg,study office portable Notebook Windows 10,https://www.kaggle.com/datasets/ironwolf437/laptop-price-dataset,Kaggle laptop-price-dataset (Apache-2.0),2026-08-05T06:07:04.985220+00:00,Laptops,HP,562.57
10000616,17-bs000nv I3,Intel Core i3 6006U 2.0 GHz,AMD Radeon R5 520,4GB,256GB SSD,17.3 inch · IPS Panel Full HD 1920x1080,Not specified,2.5 kg,study office portable Notebook Windows 10,https://www.kaggle.com/datasets/ironwolf437/laptop-price-dataset,Kaggle laptop-price-dataset (Apache-2.0),2026-08-05T06:07:04.985220+00:00,Laptops,HP,754.92
10000617,17-bs001nv (i5-7200U/6GB/2TB/Radeon,Intel Core i5 7200U 2.5 GHz,AMD Radeon 520,6GB,2TB HDD,17.3 inch · IPS Panel Full HD 1920x1080,Not specified,2.71 kg,study office portable Notebook Windows 10,https://www.kaggle.com/datasets/ironwolf437/laptop-price-dataset,Kaggle laptop-price-dataset (Apache-2.0),2026-08-05T06:07:04.985220+00:00,Laptops,HP,754.92
10000618,17-BS037cl (i3-6006U/8GB/1TB/W10),Intel Core i3 6006U 2.0 GHz,Intel HD Graphics 520,8GB,1TB HDD,17.3 inch · 1600x900,Not specified,2.54 kg,study office portable Notebook Windows 10,https://www.kaggle.com/datasets/ironwolf437/laptop-price-dataset,Kaggle laptop-price-dataset (Apache-2.0),2026-08-05T06:07:04.985220+00:00,Laptops,HP,528.12
10000619,17-BS092ND (i3-6006U/8GB/256GB/W10),Intel Core i3 6006U 2.0 GHz,Intel HD Graphics 520,8GB,256GB SSD,17.3 inch · 1600x900,Not specified,2.5 kg,study office portable Notebook Windows 10,https://www.kaggle.com/datasets/ironwolf437/laptop-price-dataset,Kaggle laptop-price-dataset (Apache-2.0),2026-08-05T06:07:04.985220+00:00,Laptops,HP,691.09
10000620,17-X047na (i3-6006U/8GB/1TB/W10),Intel Core i3 6006U 2.0 GHz,Intel HD Graphics 520,8GB,1TB HDD,17.3 inch · 1600x900,Not specified,2.65 kg,study office portable Notebook Windows 10,https://www.kaggle.com/datasets/ironwolf437/laptop-price-dataset,Kaggle laptop-price-dataset (Apache-2.0),2026-08-05T06:07:04.985220+00:00,Laptops,HP,587.68
10000621,17-Y002nv (A10-9600P/6GB/2TB/Radeon,AMD A10-Series 9600P 2.4 GHz,AMD Radeon R7 M440,6GB,2TB HDD,17.3 inch · IPS Panel Full HD 1920x1080,Not specified,2.65 kg,study office portable Notebook Windows 10,https://www.kaggle.com/datasets/ironwolf437/laptop-price-dataset,Kaggle laptop-price-dataset (Apache-2.0),2026-08-05T06:07:04.985220+00:00,Laptops,HP,614.52
10000622,250 G4,Intel Core i5 6200U 2.3 GHz,Intel HD Graphics 520,4GB,500GB HDD,15.6 inch · 1366x768,Not specified,2.1 kg,study office portable Notebook No OS,https://www.kaggle.com/datasets/ironwolf437/laptop-price-dataset,Kaggle laptop-price-dataset (Apache-2.0),2026-08-05T06:07:04.985220+00:00,Laptops,HP,515.15
10000623,250 G5,Intel Core i5 7200U 2.5 GHz,Intel HD Graphics 620,4GB,500GB HDD,15.6 inch · 1366x768,Not specified,1.96 kg,study office portable Notebook No OS,https://www.kaggle.com/datasets/ironwolf437/laptop-price-dataset,Kaggle laptop-price-dataset (Apache-2.0),2026-08-05T06:07:04.985220+00:00,Laptops,HP,538.92
10000624,250 G5,Intel Pentium Quad Core N3710 1.6 GHz,Intel HD Graphics 405,4GB,1TB HDD,15.6 inch · 1366x768,Not specified,1.96 kg,study office portable Notebook Windows 10,https://www.kaggle.com/datasets/ironwolf437/laptop-price-dataset,Kaggle laptop-price-dataset (Apache-2.0),2026-08-05T06:07:04.985220+00:00,Laptops,HP,540.0
10000625,250 G5,Intel Core i7 6500U 2.5 GHz,Intel HD Graphics 520,8GB,256GB SSD,15.6 inch · Full HD 1920x1080,Not specified,1.96 kg,study office portable Notebook Windows 10,https://www.kaggle.com/datasets/ironwolf437/laptop-price-dataset,Kaggle laptop-price-dataset (Apache-2.0),2026-08-05T06:07:04.985220+00:00,Laptops,HP,733.32
10000626,250 G6,Intel Celeron Dual Core N3060 1.6 GHz,Intel HD Graphics 400,4GB,500GB HDD,15.6 inch · 1366x768,Not specified,1.86 kg,study office portable Notebook No OS,https://www.kaggle.com/datasets/ironwolf437/laptop-price-dataset,Kaggle laptop-price-dataset (Apache-2.0),2026-08-05T06:07:04.985220+00:00,Laptops,HP,279.72
10000627,250 G6,Intel Celeron Dual Core N3060 1.6 GHz,Intel HD Graphics 400,4GB,1TB HDD,15.6 inch · 1366x768,Not specified,1.86 kg,study office portable Notebook No OS,https://www.kaggle.com/datasets/ironwolf437/laptop-price-dataset,Kaggle laptop-price-dataset (Apache-2.0),2026-08-05T06:07:04.985220+00:00,Laptops,HP,312.01
10000628,250 G6,Intel Celeron Dual Core N3060 1.6 GHz,Intel HD Graphics 400,4GB,128GB SSD,15.6 inch · 1366x768,Not specified,1.86 kg,study office portable Notebook No OS,https://www.kaggle.com/datasets/ironwolf437/laptop-price-dataset,Kaggle laptop-price-dataset (Apache-2.0),2026-08-05T06:07:04.985220+00:00,Laptops,HP,322.92
10000629,250 G6,Intel Core i3 6006U 2.0 GHz,Intel HD Graphics 520,4GB,500GB HDD,15.6 inch · Full HD 1920x1080,Not specified,1.86 kg,study office portable Notebook No OS,https://www.kaggle.com/datasets/ironwolf437/laptop-price-dataset,Kaggle laptop-price-dataset (Apache-2.0),2026-08-05T06:07:04.985220+00:00,Laptops,HP,372.59
10000630,250 G6,Intel Core i3 6006U 2.0 GHz,Intel HD Graphics 520,4GB,1TB HDD,15.6 inch · 1366x768,Not specified,1.86 kg,study office portable Notebook No OS,https://www.kaggle.com/datasets/ironwolf437/laptop-price-dataset,Kaggle laptop-price-dataset (Apache-2.0),2026-08-05T06:07:04.985220+00:00,Laptops,HP,373.67
10000631,250 G6,Intel Core i3 6006U 2.0 GHz,Intel HD Graphics 520,4GB,500GB HDD,15.6 inch · 1366x768,Not specified,1.86 kg,study office portable Notebook No OS,https://www.kaggle.com/datasets/ironwolf437/laptop-price-dataset,Kaggle laptop-price-dataset (Apache-2.0),2026-08-05T06:07:04.985220+00:00,Laptops,HP,394.09
10000632,250 G6,Intel Core i5 7200U 2.5 GHz,Intel HD Graphics 620,4GB,500GB HDD,15.6 inch · 1366x768,Not specified,1.86 kg,study office portable Notebook No OS,https://www.kaggle.com/datasets/ironwolf437/laptop-price-dataset,Kaggle laptop-price-dataset (Apache-2.0),2026-08-05T06:07:04.985220+00:00,Laptops,HP,425.41
10000633,250 G6,Intel Core i3 6006U 2.0 GHz,Intel HD Graphics 520,4GB,500GB HDD,15.6 inch · Full HD 1920x1080,Not specified,1.86 kg,study office portable Notebook Windows 10,https://www.kaggle.com/datasets/ironwolf437/laptop-price-dataset,Kaggle laptop-price-dataset (Apache-2.0),2026-08-05T06:07:04.985220+00:00,Laptops,HP,428.76
10000634,250 G6,Intel Pentium Quad Core N3710 1.6 GHz,Intel HD Graphics 405,4GB,256GB SSD,15.6 inch · Full HD 1920x1080,Not specified,1.86 kg,study office portable Notebook Windows 10,https://www.kaggle.com/datasets/ironwolf437/laptop-price-dataset,Kaggle laptop-price-dataset (Apache-2.0),2026-08-05T06:07:04.985220+00:00,Laptops,HP,430.91
10000635,250 G6,Intel Core i3 6006U 2.0 GHz,AMD Radeon 520,4GB,500GB HDD,15.6 inch · 1366x768,Not specified,1.86 kg,study office portable Notebook Windows 10,https://www.kaggle.com/datasets/ironwolf437/laptop-price-dataset,Kaggle laptop-price-dataset (Apache-2.0),2026-08-05T06:07:04.985220+00:00,Laptops,HP,473.79
10000636,250 G6,Intel Core i3 6006U 2.0 GHz,Intel HD Graphics 520,4GB,500GB HDD,15.6 inch · 1366x768,Not specified,1.86 kg,study office portable Notebook Windows 10,https://www.kaggle.com/datasets/ironwolf437/laptop-price-dataset,Kaggle laptop-price-dataset (Apache-2.0),2026-08-05T06:07:04.985220+00:00,Laptops,HP,474.12
10000637,250 G6,Intel Core i3 6006U 2.0 GHz,Intel HD Graphics 520,4GB,1TB HDD,15.6 inch · Full HD 1920x1080,Not specified,1.86 kg,study office portable Notebook Windows 10,https://www.kaggle.com/datasets/ironwolf437/laptop-price-dataset,Kaggle laptop-price-dataset (Apache-2.0),2026-08-05T06:07:04.985220+00:00,Laptops,HP,506.52
10000638,250 G6,Intel Core i5 7200U 2.5 GHz,Intel HD Graphics 620,4GB,500GB HDD,15.6 inch · 1366x768,Not specified,1.86 kg,study office portable Notebook Windows 10,https://www.kaggle.com/datasets/ironwolf437/laptop-price-dataset,Kaggle laptop-price-dataset (Apache-2.0),2026-08-05T06:07:04.985220+00:00,Laptops,HP,523.8
10000639,250 G6,Intel Core i5 7200U 2.5 GHz,Intel HD Graphics 620,4GB,1TB HDD,15.6 inch · 1366x768,Not specified,1.86 kg,study office portable Notebook Windows 10,https://www.kaggle.com/datasets/ironwolf437/laptop-price-dataset,Kaggle laptop-price-dataset (Apache-2.0),2026-08-05T06:07:04.985220+00:00,Laptops,HP,527.79
10000640,250 G6,Intel Core i3 6006U 2.0 GHz,Intel HD Graphics 520,8GB,256GB SSD,15.6 inch · Full HD 1920x1080,Not specified,1.86 kg,study office portable Notebook Windows 10,https://www.kaggle.com/datasets/ironwolf437/laptop-price-dataset,Kaggle laptop-price-dataset (Apache-2.0),2026-08-05T06:07:04.985220+00:00,Laptops,HP,582.12
10000641,250 G6,Intel Core i5 7200U 2.5 GHz,Intel HD Graphics 620,8GB,256GB SSD,15.6 inch · Full HD 1920x1080,Not specified,1.86 kg,study office portable Notebook No OS,https://www.kaggle.com/datasets/ironwolf437/laptop-price-dataset,Kaggle laptop-price-dataset (Apache-2.0),2026-08-05T06:07:04.985220+00:00,Laptops,HP,621.0
10000642,250 G6,Intel Core i5 7200U 2.5 GHz,Intel HD Graphics 620,8GB,256GB SSD,15.6 inch · Full HD 1920x1080,Not specified,1.96 kg,study office portable Notebook Windows 10,https://www.kaggle.com/datasets/ironwolf437/laptop-price-dataset,Kaggle laptop-price-dataset (Apache-2.0),2026-08-05T06:07:04.985220+00:00,Laptops,HP,646.91
10000643,250 G6,Intel Core i5 7200U 2.5 GHz,AMD Radeon 520,4GB,500GB HDD,15.6 inch · 1366x768,Not specified,1.86 kg,study office portable Notebook Windows 10,https://www.kaggle.com/datasets/ironwolf437/laptop-price-dataset,Kaggle laptop-price-dataset (Apache-2.0),2026-08-05T06:07:04.985220+00:00,Laptops,HP,661.62
10000644,250 G6,Intel Core i5 7200U 2.5 GHz,Intel HD Graphics 620,8GB,1TB HDD,15.6 inch · Full HD 1920x1080,Not specified,1.86 kg,study office portable Notebook Windows 10,https://www.kaggle.com/datasets/ironwolf437/laptop-price-dataset,Kaggle laptop-price-dataset (Apache-2.0),2026-08-05T06:07:04.985220+00:00,Laptops,HP,690.12
10000645,250 G6,Intel Core i5 7200U 2.5 GHz,Intel HD Graphics 620,8GB,256GB SSD,15.6 inch · Full HD 1920x1080,Not specified,1.86 kg,study office portable Notebook Windows 10,https://www.kaggle.com/datasets/ironwolf437/laptop-price-dataset,Kaggle laptop-price-dataset (Apache-2.0),2026-08-05T06:07:04.985220+00:00,Laptops,HP,745.2
10000646,250 G6,Intel Core i7 7500U 2.7 GHz,Intel HD Graphics 620,8GB,256GB SSD,15.6 inch · Full HD 1920x1080,Not specified,1.84 kg,study office portable Ultrabook Windows 10,https://www.kaggle.com/datasets/ironwolf437/laptop-price-dataset,Kaggle laptop-price-dataset (Apache-2.0),2026-08-05T06:07:04.985220+00:00,Laptops,HP,812.16
10000647,255 G6,AMD E-Series E2-9000e 1.5 GHz,AMD Radeon R2,4GB,500GB HDD,15.6 inch · 1366x768,Not specified,1.86 kg,study office portable Notebook No OS,https://www.kaggle.com/datasets/ironwolf437/laptop-price-dataset,Kaggle laptop-price-dataset (Apache-2.0),2026-08-05T06:07:04.985220+00:00,Laptops,HP,278.64
10000648,255 G6,AMD A6-Series 9220 2.5 GHz,AMD Radeon R4 Graphics,4GB,256GB SSD,15.6 inch · 1366x768,Not specified,1.86 kg,study office portable Notebook Windows 10,https://www.kaggle.com/datasets/ironwolf437/laptop-price-dataset,Kaggle laptop-price-dataset (Apache-2.0),2026-08-05T06:07:04.985220+00:00,Laptops,HP,398.52
10000649,255 G6,AMD A6-Series 9220 2.5 GHz,AMD Radeon R4 Graphics,4GB,256GB SSD,15.6 inch · Full HD 1920x1080,Not specified,1.86 kg,study office portable Notebook Windows 10,https://www.kaggle.com/datasets/ironwolf437/laptop-price-dataset,Kaggle laptop-price-dataset (Apache-2.0),2026-08-05T06:07:04.985220+00:00,Laptops,HP,430.37
10000650,255 G6,AMD A6-Series 9220 2.5 GHz,AMD Radeon R4 Graphics,4GB,500GB HDD,15.6 inch · 1366x768,Not specified,1.86 kg,study office portable Notebook Windows 10,https://www.kaggle.com/datasets/ironwolf437/laptop-price-dataset,Kaggle laptop-price-dataset (Apache-2.0),2026-08-05T06:07:04.985220+00:00,Laptops,HP,430.92
10000651,Chromebook 11,Intel Celeron Dual Core N3060 1.6 GHz,Intel HD Graphics 400,4GB,16GB Flash Storage,11.6 inch · 1366x768,Not specified,1.23 kg,study office portable Netbook Chrome OS,https://www.kaggle.com/datasets/ironwolf437/laptop-price-dataset,Kaggle laptop-price-dataset (Apache-2.0),2026-08-05T06:07:04.985220+00:00,Laptops,HP,415.8
10000652,Chromebook 13,Intel Pentium Dual Core 4405Y 1.5 GHz,Intel HD Graphics 515,4GB,32GB Flash Storage,13.3 inch · Quad HD+ 3200x1800,Not specified,1.29 kg,study office portable Notebook Chrome OS,https://www.kaggle.com/datasets/ironwolf437/laptop-price-dataset,Kaggle laptop-price-dataset (Apache-2.0),2026-08-05T06:07:04.985220+00:00,Laptops,HP,664.2
10000653,Chromebook X360,Intel Celeron Dual Core N3350 1.1 GHz,Intel HD Graphics 500,8GB,64GB Flash Storage,11.6 inch · Touchscreen 1366x768,Not specified,1.4 kg,study office portable 2 in 1 Convertible Chrome OS,https://www.kaggle.com/datasets/ironwolf437/laptop-price-dataset,Kaggle laptop-price-dataset (Apache-2.0),2026-08-05T06:07:04.985220+00:00,Laptops,HP,534.6
10000654,Chromebook X360,Intel Celeron Dual Core N3350 1.1 GHz,Intel HD Graphics 500,4GB,32GB Flash Storage,11.6 inch · Touchscreen 1366x768,Not specified,1.4 kg,study office portable 2 in 1 Convertible Chrome OS,https://www.kaggle.com/datasets/ironwolf437/laptop-price-dataset,Kaggle laptop-price-dataset (Apache-2.0),2026-08-05T06:07:04.985220+00:00,Laptops,HP,664.2
10000655,EliteBook 1030,Intel Core M 6Y54 1.1 GHz,Intel HD Graphics 515,8GB,256GB SSD,13.3 inch · Quad HD+ / Touchscreen 3200x1800,Not specified,1.16 kg,study office portable Notebook Windows 10,https://www.kaggle.com/datasets/ironwolf437/laptop-price-dataset,Kaggle laptop-price-dataset (Apache-2.0),2026-08-05T06:07:04.985220+00:00,Laptops,HP,1834.92
10000656,EliteBook 1030,Intel Core M 6Y75 1.2 GHz,Intel HD Graphics 515,16GB,512GB SSD,13.3 inch · IPS Panel Quad HD+ / Touchscreen 3200x1800,Not specified,1.16 kg,study office portable Ultrabook Windows 10,https://www.kaggle.com/datasets/ironwolf437/laptop-price-dataset,Kaggle laptop-price-dataset (Apache-2.0),2026-08-05T06:07:04.985220+00:00,Laptops,HP,2122.2
10000657,EliteBook 1040,Intel Core i7 6600U 2.6 GHz,Intel HD Graphics 520,8GB,256GB SSD,14.0 inch · Full HD 1920x1080,Not specified,1.43 kg,study office portable Ultrabook Windows 7,https://www.kaggle.com/datasets/ironwolf437/laptop-price-dataset,Kaggle laptop-price-dataset (Apache-2.0),2026-08-05T06:07:04.985220+00:00,Laptops,HP,1564.92
10000658,EliteBook 1040,Intel Core i5 6200U 2.3 GHz,Intel HD Graphics 520,8GB,256GB SSD,14.0 inch · Full HD 1920x1080,Not specified,1.43 kg,study office portable Notebook Windows 7,https://www.kaggle.com/datasets/ironwolf437/laptop-price-dataset,Kaggle laptop-price-dataset (Apache-2.0),2026-08-05T06:07:04.985220+00:00,Laptops,HP,1586.52
10000659,EliteBook 1040,Intel Core i7 6500U 2.5 GHz,Intel HD Graphics 520,8GB,256GB SSD,14.0 inch · Full HD 1920x1080,Not specified,1.43 kg,study office portable Ultrabook Windows 10,https://www.kaggle.com/datasets/ironwolf437/laptop-price-dataset,Kaggle laptop-price-dataset (Apache-2.0),2026-08-05T06:07:04.985220+00:00,Laptops,HP,1620.0
10000660,EliteBook 1040,Intel Core i5 6200U 2.3 GHz,Intel HD Graphics 520,8GB,256GB SSD,14.0 inch · Full HD 1920x1080,Not specified,1.43 kg,study office portable Notebook Windows 7,https://www.kaggle.com/datasets/ironwolf437/laptop-price-dataset,Kaggle laptop-price-dataset (Apache-2.0),2026-08-05T06:07:04.985220+00:00,Laptops,HP,1634.04
10000661,Elitebook 1040,Intel Core i7 7500U 2.7 GHz,Intel HD Graphics 620,8GB,256GB SSD,14.0 inch · IPS Panel Full HD 1920x1080,Not specified,1.36 kg,study office portable Ultrabook Windows 10,https://www.kaggle.com/datasets/ironwolf437/laptop-price-dataset,Kaggle laptop-price-dataset (Apache-2.0),2026-08-05T06:07:04.985220+00:00,Laptops,HP,1890.0
10000662,EliteBook 1040,Intel Core i7 6500U 2.5 GHz,Intel HD Graphics 520,8GB,256GB SSD,14.0 inch · Full HD 1920x1080,Not specified,1.43 kg,study office portable Notebook Windows 10,https://www.kaggle.com/datasets/ironwolf437/laptop-price-dataset,Kaggle laptop-price-dataset (Apache-2.0),2026-08-05T06:07:04.985220+00:00,Laptops,HP,2407.32
10000663,EliteBook 820,Intel Core i5 6200U 2.3 GHz,Intel HD Graphics 520,8GB,256GB SSD,12.5 inch · Full HD 1920x1080,Not specified,1.26 kg,study office portable Ultrabook Windows 7,https://www.kaggle.com/datasets/ironwolf437/laptop-price-dataset,Kaggle laptop-price-dataset (Apache-2.0),2026-08-05T06:07:04.985220+00:00,Laptops,HP,1294.92
10000664,EliteBook 820,Intel Core i5 6200U 2.3 GHz,Intel HD Graphics 520,4GB,256GB SSD,12.5 inch · 1366x768,Not specified,1.26 kg,study office portable Ultrabook Windows 10,https://www.kaggle.com/datasets/ironwolf437/laptop-price-dataset,Kaggle laptop-price-dataset (Apache-2.0),2026-08-05T06:07:04.985220+00:00,Laptops,HP,1343.52
10000665,Elitebook 820,Intel Core i7 7500U 2.7 GHz,Intel HD Graphics 620,8GB,256GB SSD,12.5 inch · Full HD 1920x1080,Not specified,1.26 kg,study office portable Ultrabook Windows 10,https://www.kaggle.com/datasets/ironwolf437/laptop-price-dataset,Kaggle laptop-price-dataset (Apache-2.0),2026-08-05T06:07:04.985220+00:00,Laptops,HP,1441.8
10000666,EliteBook 820,Intel Core i7 6500U 2.5 GHz,Intel HD Graphics 520,8GB,256GB SSD,12.5 inch · Full HD 1920x1080,Not specified,1.26 kg,study office portable Ultrabook Windows 10,https://www.kaggle.com/datasets/ironwolf437/laptop-price-dataset,Kaggle laptop-price-dataset (Apache-2.0),2026-08-05T06:07:04.985220+00:00,Laptops,HP,1456.92
10000667,EliteBook 820,Intel Core i5 7300U 2.6 GHz,Intel HD Graphics 620,8GB,256GB SSD,12.5 inch · 1366x768,Not specified,1.26 kg,study office portable Netbook Windows 10,https://www.kaggle.com/datasets/ironwolf437/laptop-price-dataset,Kaggle laptop-price-dataset (Apache-2.0),2026-08-05T06:07:04.985220+00:00,Laptops,HP,1500.12
10000668,Elitebook 820,Intel Core i7 7500U 2.7 GHz,Intel HD Graphics 620,8GB,512GB SSD,12.5 inch · Full HD 1920x1080,Not specified,1.26 kg,study office portable Netbook Windows 10,https://www.kaggle.com/datasets/ironwolf437/laptop-price-dataset,Kaggle laptop-price-dataset (Apache-2.0),2026-08-05T06:07:04.985220+00:00,Laptops,HP,1601.64
10000669,EliteBook 820,Intel Core i5 7200U 2.5 GHz,Intel HD Graphics 620,4GB,500GB HDD,12.5 inch · Full HD 1920x1080,Not specified,1.26 kg,study office portable Ultrabook Windows 10,https://www.kaggle.com/datasets/ironwolf437/laptop-price-dataset,Kaggle laptop-price-dataset (Apache-2.0),2026-08-05T06:07:04.985220+00:00,Laptops,HP,1662.12
10000670,Elitebook 820,Intel Core i5 7200U 2.5 GHz,Intel HD Graphics 620,4GB,256GB SSD,12.5 inch · 1366x768,Not specified,1.26 kg,study office portable Ultrabook Windows 10,https://www.kaggle.com/datasets/ironwolf437/laptop-price-dataset,Kaggle laptop-price-dataset (Apache-2.0),2026-08-05T06:07:04.985220+00:00,Laptops,HP,1683.72
10000671,EliteBook 820,Intel Core i5 6200U 2.3 GHz,Intel HD Graphics 520,4GB,500GB HDD,12.5 inch · Full HD 1920x1080,Not specified,1.26 kg,study office portable Ultrabook Windows 10,https://www.kaggle.com/datasets/ironwolf437/laptop-price-dataset,Kaggle laptop-price-dataset (Apache-2.0),2026-08-05T06:07:04.985220+00:00,Laptops,HP,1705.32
10000672,Elitebook 820,Intel Core i5 6200U 2.3 GHz,Intel HD Graphics 520,4GB,128GB SSD,12.5 inch · 1366x768,Not specified,2.4 kg,study office portable Netbook Windows 7,https://www.kaggle.com/datasets/ironwolf437/laptop-price-dataset,Kaggle laptop-price-dataset (Apache-2.0),2026-08-05T06:07:04.985220+00:00,Laptops,HP,1726.92
10000673,EliteBook 820,Intel Core i5 6200U 2.3 GHz,Intel HD Graphics 520,8GB,256GB SSD,12.5 inch · Full HD 1920x1080,Not specified,1.26 kg,study office portable Netbook Windows 10,https://www.kaggle.com/datasets/ironwolf437/laptop-price-dataset,Kaggle laptop-price-dataset (Apache-2.0),2026-08-05T06:07:04.985220+00:00,Laptops,HP,1802.52
10000674,EliteBook 820,Intel Core i5 6300U 2.4 GHz,Intel HD Graphics 520,8GB,256GB SSD,12.5 inch · 1366x768,Not specified,1.26 kg,study office portable Ultrabook Windows 7,https://www.kaggle.com/datasets/ironwolf437/laptop-price-dataset,Kaggle laptop-price-dataset (Apache-2.0),2026-08-05T06:07:04.985220+00:00,Laptops,HP,2046.6
10000675,EliteBook 820,Intel Core i7 6500U 2.5 GHz,Intel HD Graphics 520,8GB,256GB SSD,12.5 inch · Full HD 1920x1080,Not specified,1.26 kg,study office portable Ultrabook Windows 7,https://www.kaggle.com/datasets/ironwolf437/laptop-price-dataset,Kaggle laptop-price-dataset (Apache-2.0),2026-08-05T06:07:04.985220+00:00,Laptops,HP,2480.71
10000676,EliteBook 840,Intel Core i5 6200U 2.3 GHz,Intel HD Graphics 520,4GB,500GB HDD,14.0 inch · Full HD 1920x1080,Not specified,1.54 kg,study office portable Notebook Windows 10,https://www.kaggle.com/datasets/ironwolf437/laptop-price-dataset,Kaggle laptop-price-dataset (Apache-2.0),2026-08-05T06:07:04.985220+00:00,Laptops,HP,1080.0
10000677,EliteBook 840,Intel Core i5 6200U 2.3 GHz,Intel HD Graphics 520,4GB,500GB HDD,14.0 inch · Full HD 1920x1080,Not specified,1.54 kg,study office portable Notebook Windows 7,https://www.kaggle.com/datasets/ironwolf437/laptop-price-dataset,Kaggle laptop-price-dataset (Apache-2.0),2026-08-05T06:07:04.985220+00:00,Laptops,HP,1113.47
10000678,EliteBook 840,Intel Core i5 7500U 2.7 GHz,Intel HD Graphics 620,4GB,256GB SSD,14.0 inch · Full HD 1920x1080,Not specified,1.48 kg,study office portable Ultrabook Windows 10,https://www.kaggle.com/datasets/ironwolf437/laptop-price-dataset,Kaggle laptop-price-dataset (Apache-2.0),2026-08-05T06:07:04.985220+00:00,Laptops,HP,1168.56
10000679,EliteBook 840,Intel Core i5 6300U 2.4 GHz,Intel HD Graphics 520,4GB,256GB SSD,14.0 inch · 1366x768,Not specified,1.48 kg,study office portable Notebook Windows 10,https://www.kaggle.com/datasets/ironwolf437/laptop-price-dataset,Kaggle laptop-price-dataset (Apache-2.0),2026-08-05T06:07:04.985220+00:00,Laptops,HP,1187.99
10000680,EliteBook 840,Intel Core i5 6200U 2.3 GHz,Intel HD Graphics 520,4GB,256GB SSD,14.0 inch · Full HD 1920x1080,Not specified,1.54 kg,study office portable Notebook Windows 7,https://www.kaggle.com/datasets/ironwolf437/laptop-price-dataset,Kaggle laptop-price-dataset (Apache-2.0),2026-08-05T06:07:04.985220+00:00,Laptops,HP,1187.99
10000681,EliteBook 840,Intel Core i5 7300U 2.6 GHz,Intel HD Graphics 620,8GB,256GB SSD,14.0 inch · Full HD 1920x1080,Not specified,1.48 kg,study office portable Notebook Windows 10,https://www.kaggle.com/datasets/ironwolf437/laptop-price-dataset,Kaggle laptop-price-dataset (Apache-2.0),2026-08-05T06:07:04.985220+00:00,Laptops,HP,1369.44
10000682,Elitebook 840,Intel Core i7 7500U 2.7 GHz,Intel HD Graphics 620,8GB,256GB SSD,14.0 inch · Full HD 1920x1080,Not specified,1.48 kg,study office portable Notebook Windows 10,https://www.kaggle.com/datasets/ironwolf437/laptop-price-dataset,Kaggle laptop-price-dataset (Apache-2.0),2026-08-05T06:07:04.985220+00:00,Laptops,HP,1395.36
10000683,EliteBook 840,Intel Core i7 6500U 2.5 GHz,Intel HD Graphics 520,8GB,512GB SSD,14.0 inch · Full HD 1920x1080,Not specified,1.54 kg,study office portable Ultrabook Windows 10,https://www.kaggle.com/datasets/ironwolf437/laptop-price-dataset,Kaggle laptop-price-dataset (Apache-2.0),2026-08-05T06:07:04.985220+00:00,Laptops,HP,1585.44
10000684,Elitebook 840,Intel Core i5 7200U 2.5 GHz,Intel HD Graphics 620,4GB,256GB SSD,14.0 inch · Full HD 1920x1080,Not specified,1.48 kg,study office portable Notebook Windows 10,https://www.kaggle.com/datasets/ironwolf437/laptop-price-dataset,Kaggle laptop-price-dataset (Apache-2.0),2026-08-05T06:07:04.985220+00:00,Laptops,HP,1717.2
10000685,EliteBook 840,Intel Core i7 7600U 2.8 GHz,Intel HD Graphics 620,8GB,1TB SSD,14.0 inch · Full HD 1920x1080,Not specified,1.48 kg,study office portable Notebook Windows 10,https://www.kaggle.com/datasets/ironwolf437/laptop-price-dataset,Kaggle laptop-price-dataset (Apache-2.0),2026-08-05T06:07:04.985220+00:00,Laptops,HP,1888.92
10000686,EliteBook 840,Intel Core i7 6500U 2.5 GHz,Intel HD Graphics 520,8GB,512GB SSD,14.0 inch · Full HD 1920x1080,Not specified,1.54 kg,study office portable Ultrabook Windows 7,https://www.kaggle.com/datasets/ironwolf437/laptop-price-dataset,Kaggle laptop-price-dataset (Apache-2.0),2026-08-05T06:07:04.985220+00:00,Laptops,HP,2019.6
10000687,EliteBook 840,Intel Core i7 6500U 2.5 GHz,Intel HD Graphics 520,8GB,256GB SSD,14.0 inch · Full HD 1920x1080,Not specified,1.54 kg,study office portable Ultrabook Windows 10,https://www.kaggle.com/datasets/ironwolf437/laptop-price-dataset,Kaggle laptop-price-dataset (Apache-2.0),2026-08-05T06:07:04.985220+00:00,Laptops,HP,2038.19
10000688,EliteBook 840,Intel Core i7 7500U 2.7 GHz,Intel HD Graphics 620,8GB,512GB SSD,14.0 inch · Full HD 1920x1080,Not specified,1.48 kg,study office portable Ultrabook Windows 10,https://www.kaggle.com/datasets/ironwolf437/laptop-price-dataset,Kaggle laptop-price-dataset (Apache-2.0),2026-08-05T06:07:04.985220+00:00,Laptops,HP,2256.12
10000689,EliteBook 840,Intel Core i7 6500U 2.5 GHz,Intel HD Graphics 520,8GB,256GB SSD,14.0 inch · 2560x1440,Not specified,1.54 kg,study office portable Ultrabook Windows 7,https://www.kaggle.com/datasets/ironwolf437/laptop-price-dataset,Kaggle laptop-price-dataset (Apache-2.0),2026-08-05T06:07:04.985220+00:00,Laptops,HP,2374.05
10000690,EliteBook 850,Intel Core i5 6200U 2.3 GHz,Intel HD Graphics 520,4GB,500GB HDD,15.6 inch · 1366x768,Not specified,1.88 kg,study office portable Notebook Windows 7,https://www.kaggle.com/datasets/ironwolf437/laptop-price-dataset,Kaggle laptop-price-dataset (Apache-2.0),2026-08-05T06:07:04.985220+00:00,Laptops,HP,1006.56
10000691,Elitebook 850,Intel Core i5 7200U 2.5 GHz,Intel HD Graphics 620,8GB,256GB SSD,15.6 inch · Full HD 1920x1080,Not specified,1.84 kg,study office portable Notebook Windows 10,https://www.kaggle.com/datasets/ironwolf437/laptop-price-dataset,Kaggle laptop-price-dataset (Apache-2.0),2026-08-05T06:07:04.985220+00:00,Laptops,HP,1235.52
10000692,EliteBook 850,Intel Core i7 7500U 2.7 GHz,Intel HD Graphics 620,8GB,256GB SSD,15.6 inch · Full HD 1920x1080,Not specified,1.84 kg,study office portable Notebook Windows 10,https://www.kaggle.com/datasets/ironwolf437/laptop-price-dataset,Kaggle laptop-price-dataset (Apache-2.0),2026-08-05T06:07:04.985220+00:00,Laptops,HP,1316.52
10000693,EliteBook 850,Intel Core i7 6500U 2.5 GHz,Intel HD Graphics 520,8GB,256GB SSD,15.6 inch · Full HD 1920x1080,Not specified,1.84 kg,study office portable Notebook Windows 10,https://www.kaggle.com/datasets/ironwolf437/laptop-price-dataset,Kaggle laptop-price-dataset (Apache-2.0),2026-08-05T06:07:04.985220+00:00,Laptops,HP,1327.31
10000694,EliteBook 850,Intel Core i7 6500U 2.5 GHz,AMD Radeon R7 M365X,8GB,256GB SSD,15.6 inch · Full HD 1920x1080,Not specified,1.84 kg,study office portable Ultrabook Windows 10,https://www.kaggle.com/datasets/ironwolf437/laptop-price-dataset,Kaggle laptop-price-dataset (Apache-2.0),2026-08-05T06:07:04.985220+00:00,Laptops,HP,1400.75
10000695,Elitebook 850,Intel Core i7 7500U 2.7 GHz,Intel HD Graphics 620,8GB,256GB SSD,15.6 inch · Full HD 1920x1080,Not specified,1.84 kg,study office portable Notebook Windows 10,https://www.kaggle.com/datasets/ironwolf437/laptop-price-dataset,Kaggle laptop-price-dataset (Apache-2.0),2026-08-05T06:07:04.985220+00:00,Laptops,HP,1408.32
10000696,EliteBook 850,Intel Core i5 7300U 2.6 GHz,AMD Radeon R7 M465,8GB,256GB SSD,15.6 inch · Full HD 1920x1080,Not specified,1.84 kg,study office portable Notebook Windows 10,https://www.kaggle.com/datasets/ironwolf437/laptop-price-dataset,Kaggle laptop-price-dataset (Apache-2.0),2026-08-05T06:07:04.985220+00:00,Laptops,HP,1456.92
10000697,EliteBook 850,Intel Core i7 7500U 2.7 GHz,Intel HD Graphics 620,8GB,512GB SSD,15.6 inch · Full HD 1920x1080,Not specified,1.84 kg,study office portable Ultrabook Windows 10,https://www.kaggle.com/datasets/ironwolf437/laptop-price-dataset,Kaggle laptop-price-dataset (Apache-2.0),2026-08-05T06:07:04.985220+00:00,Laptops,HP,1500.12
10000698,EliteBook 850,Intel Core i5 6200U 2.3 GHz,Intel HD Graphics 520,8GB,256GB SSD,15.6 inch · Full HD 1920x1080,Not specified,1.88 kg,study office portable Notebook Windows 7,https://www.kaggle.com/datasets/ironwolf437/laptop-price-dataset,Kaggle laptop-price-dataset (Apache-2.0),2026-08-05T06:07:04.985220+00:00,Laptops,HP,1705.32
10000699,EliteBook 850,Intel Core i5 6300U 2.4 GHz,Intel HD Graphics 520,8GB,256GB SSD,15.6 inch · Full HD 1920x1080,Not specified,1.84 kg,study office portable Notebook Windows 10,https://www.kaggle.com/datasets/ironwolf437/laptop-price-dataset,Kaggle laptop-price-dataset (Apache-2.0),2026-08-05T06:07:04.985220+00:00,Laptops,HP,2052.0
10000700,EliteBook 850,Intel Core i5 6300U 2.4 GHz,Intel HD Graphics 520,8GB,256GB SSD + 500GB HDD,15.6 inch · Full HD 1920x1080,Not specified,1.84 kg,study office portable Notebook Windows 10,https://www.kaggle.com/datasets/ironwolf437/laptop-price-dataset,Kaggle laptop-price-dataset (Apache-2.0),2026-08-05T06:07:04.985220+00:00,Laptops,HP,2271.61
10000701,EliteBook 850,Intel Core i7 6500U 2.5 GHz,Intel HD Graphics 520,8GB,256GB SSD,15.6 inch · Full HD 1920x1080,Not specified,1.88 kg,study office portable Ultrabook Windows 7,https://www.kaggle.com/datasets/ironwolf437/laptop-price-dataset,Kaggle laptop-price-dataset (Apache-2.0),2026-08-05T06:07:04.985220+00:00,Laptops,HP,2345.46
10000702,EliteBook Folio,Intel Core M 6Y75 1.2 GHz,Intel HD Graphics 515,8GB,512GB SSD,12.5 inch · Full HD 1920x1080,Not specified,0.97 kg,study office portable Netbook Windows 10,https://www.kaggle.com/datasets/ironwolf437/laptop-price-dataset,Kaggle laptop-price-dataset (Apache-2.0),2026-08-05T06:07:04.985220+00:00,Laptops,HP,2060.64
10000703,EliteBook Folio,Intel Core M 6Y75 1.2 GHz,Intel HD Graphics 515,8GB,512GB SSD,12.5 inch · IPS Panel 4K Ultra HD / Touchscreen 3840x2160,Not specified,0.97 kg,study office portable Ultrabook Windows 10,https://www.kaggle.com/datasets/ironwolf437/laptop-price-dataset,Kaggle laptop-price-dataset (Apache-2.0),2026-08-05T06:07:04.985220+00:00,Laptops,HP,2175.12
10000704,Elitebook Folio,Intel Core M 6Y75 1.2 GHz,Intel HD Graphics 515,8GB,240GB SSD,12.5 inch · 4K Ultra HD / Touchscreen 3840x2160,Not specified,1.09 kg,study office portable Ultrabook Windows 10,https://www.kaggle.com/datasets/ironwolf437/laptop-price-dataset,Kaggle laptop-price-dataset (Apache-2.0),2026-08-05T06:07:04.985220+00:00,Laptops,HP,3348.0
10000705,EliteBook x360,Intel Core i5 7200U 2.5 GHz,Intel HD Graphics 620,4GB,256GB SSD,13.3 inch · Full HD / Touchscreen 1920x1080,Not specified,1.28 kg,study office portable 2 in 1 Convertible Windows 10,https://www.kaggle.com/datasets/ironwolf437/laptop-price-dataset,Kaggle laptop-price-dataset (Apache-2.0),2026-08-05T06:07:04.985220+00:00,Laptops,HP,1836.0
10000706,EliteBook x360,Intel Core i5 7200U 2.5 GHz,Intel HD Graphics 620,4GB,256GB SSD,13.3 inch · Full HD / Touchscreen 1920x1080,Not specified,1.28 kg,study office portable 2 in 1 Convertible Windows 10,https://www.kaggle.com/datasets/ironwolf437/laptop-price-dataset,Kaggle laptop-price-dataset (Apache-2.0),2026-08-05T06:07:04.985220+00:00,Laptops,HP,1942.92
10000707,EliteBook x360,Intel Core i7 7600U 2.8 GHz,Intel HD Graphics 620,16GB,256GB SSD,13.3 inch · Full HD / Touchscreen 1920x1080,Not specified,1.28 kg,study office portable 2 in 1 Convertible Windows 10,https://www.kaggle.com/datasets/ironwolf437/laptop-price-dataset,Kaggle laptop-price-dataset (Apache-2.0),2026-08-05T06:07:04.985220+00:00,Laptops,HP,2133.0
10000708,EliteBook x360,Intel Core i5 7200U 2.5 GHz,Intel HD Graphics 620,8GB,256GB SSD,13.3 inch · Full HD / Touchscreen 1920x1080,Not specified,1.28 kg,study office portable 2 in 1 Convertible Windows 10,https://www.kaggle.com/datasets/ironwolf437/laptop-price-dataset,Kaggle laptop-price-dataset (Apache-2.0),2026-08-05T06:07:04.985220+00:00,Laptops,HP,2459.16
10000709,EliteBook x360,Intel Core i7 7600U 2.8 GHz,Intel HD Graphics 620,8GB,256GB SSD,13.3 inch · Full HD / Touchscreen 1920x1080,Not specified,1.28 kg,study office portable 2 in 1 Convertible Windows 10,https://www.kaggle.com/datasets/ironwolf437/laptop-price-dataset,Kaggle laptop-price-dataset (Apache-2.0),2026-08-05T06:07:04.985220+00:00,Laptops,HP,2763.72
10000710,ENVY -,Intel Core i5 7200U 2.5 GHz,Intel HD Graphics 620,8GB,256GB SSD,13.3 inch · IPS Panel Full HD 1920x1080,Not specified,1.34 kg,study office portable Notebook Windows 10,https://www.kaggle.com/datasets/ironwolf437/laptop-price-dataset,Kaggle laptop-price-dataset (Apache-2.0),2026-08-05T06:07:04.985220+00:00,Laptops,HP,1284.12
10000711,Envy 13-AB002nv,Intel Core i7 7500U 2.7 GHz,Intel HD Graphics 620,8GB,512GB SSD,13.3 inch · IPS Panel Full HD 1920x1080,Not specified,1.34 kg,study office portable Ultrabook Windows 10,https://www.kaggle.com/datasets/ironwolf437/laptop-price-dataset,Kaggle laptop-price-dataset (Apache-2.0),2026-08-05T06:07:04.985220+00:00,Laptops,HP,1428.84
10000712,Envy 13-AB020nr,Intel Core i7 7500U 2.7 GHz,Intel HD Graphics 620,8GB,256GB SSD,13.3 inch · IPS Panel Quad HD+ 3200x1800,Not specified,1.34 kg,study office portable Ultrabook Windows 10,https://www.kaggle.com/datasets/ironwolf437/laptop-price-dataset,Kaggle laptop-price-dataset (Apache-2.0),2026-08-05T06:07:04.985220+00:00,Laptops,HP,1236.6
10000713,Envy 13-AB077cl,Intel Core i7 7500U 2.7 GHz,Intel HD Graphics 620,8GB,256GB SSD,13.3 inch · Quad HD+ / Touchscreen 3200x1800,Not specified,1.39 kg,study office portable Ultrabook Windows 10,https://www.kaggle.com/datasets/ironwolf437/laptop-price-dataset,Kaggle laptop-price-dataset (Apache-2.0),2026-08-05T06:07:04.985220+00:00,Laptops,HP,1240.92
10000714,Envy 13-AD007nv,Intel Core i5 7200U 2.5 GHz,Intel HD Graphics 620,4GB,256GB SSD,13.3 inch · IPS Panel Full HD 1920x1080,Not specified,1.32 kg,study office portable Notebook Windows 10,https://www.kaggle.com/datasets/ironwolf437/laptop-price-dataset,Kaggle laptop-price-dataset (Apache-2.0),2026-08-05T06:07:04.985220+00:00,Laptops,HP,754.92
10000715,Envy 13-ad009n,Intel Core i7 7500U 2.7 GHz,Nvidia GeForce MX150,8GB,256GB SSD,13.3 inch · IPS Panel Full HD 1920x1080,Not specified,1.38 kg,study office portable Ultrabook Windows 10,https://www.kaggle.com/datasets/ironwolf437/laptop-price-dataset,Kaggle laptop-price-dataset (Apache-2.0),2026-08-05T06:07:04.985220+00:00,Laptops,HP,1208.52
10000716,Envy 17-U275cl,Intel Core i7 8550U 1.8 GHz,Nvidia GeForce MX150,16GB,1TB HDD,17.3 inch · IPS Panel Full HD 1920x1080,Not specified,2.9 kg,study office portable Notebook Windows 10,https://www.kaggle.com/datasets/ironwolf437/laptop-price-dataset,Kaggle laptop-price-dataset (Apache-2.0),2026-08-05T06:07:04.985220+00:00,Laptops,HP,1143.72
10000717,Envy x360,Intel Core i7 7500U 2.7 GHz,Intel HD Graphics 620,16GB,256GB SSD,13.3 inch · Quad HD+ / Touchscreen 3200x1800,Not specified,1.42 kg,study office portable 2 in 1 Convertible Windows 10,https://www.kaggle.com/datasets/ironwolf437/laptop-price-dataset,Kaggle laptop-price-dataset (Apache-2.0),2026-08-05T06:07:04.985220+00:00,Laptops,HP,1510.92
10000718,Noteb Pav,Intel Core i7 7500U 2.7 GHz,Nvidia GeForce 940MX,8GB,1TB HDD,15.6 inch · IPS Panel Full HD 1920x1080,Not specified,1.91 kg,study office portable Notebook Windows 10,https://www.kaggle.com/datasets/ironwolf437/laptop-price-dataset,Kaggle laptop-price-dataset (Apache-2.0),2026-08-05T06:07:04.985220+00:00,Laptops,HP,1057.32
10000719,Omen -,Intel Core i5 6300HQ 2.3 GHz,Nvidia GeForce GTX 1060,8GB,128GB SSD + 1TB HDD,17.3 inch · IPS Panel Full HD 1920x1080,Not specified,3.35 kg,study office portable Gaming Windows 10,https://www.kaggle.com/datasets/ironwolf437/laptop-price-dataset,Kaggle laptop-price-dataset (Apache-2.0),2026-08-05T06:07:04.985220+00:00,Laptops,HP,1219.32
10000720,Omen 15-AX205na,Intel Core i7 7700HQ 2.8 GHz,Nvidia GeForce GTX 1050,8GB,128GB SSD + 1TB HDD,15.6 inch · IPS Panel Full HD 1920x1080,Not specified,2.2 kg,study office portable Gaming Windows 10,https://www.kaggle.com/datasets/ironwolf437/laptop-price-dataset,Kaggle laptop-price-dataset (Apache-2.0),2026-08-05T06:07:04.985220+00:00,Laptops,HP,1186.92
10000721,Omen 15-ce006nv,Intel Core i7 7700HQ 2.8 GHz,Nvidia GeForce GTX 1060,12GB,1TB HDD,17.3 inch · Full HD 1920x1080,Not specified,2.62 kg,study office portable Gaming Windows 10,https://www.kaggle.com/datasets/ironwolf437/laptop-price-dataset,Kaggle laptop-price-dataset (Apache-2.0),2026-08-05T06:07:04.985220+00:00,Laptops,HP,1942.92
10000722,Omen 15-ce007nv,Intel Core i7 7700HQ 2.8 GHz,Nvidia GeForce GTX 1050,12GB,128GB SSD + 1TB HDD,15.6 inch · IPS Panel Full HD 1920x1080,Not specified,2.62 kg,study office portable Gaming Windows 10,https://www.kaggle.com/datasets/ironwolf437/laptop-price-dataset,Kaggle laptop-price-dataset (Apache-2.0),2026-08-05T06:07:04.985220+00:00,Laptops,HP,1348.92
10000723,Omen 17-an006nv,Intel Core i7 7700HQ 2.8 GHz,Nvidia GeForce GTX 1060,12GB,1TB HDD,17.3 inch · IPS Panel Full HD 1920x1080,Not specified,3.78 kg,study office portable Gaming Windows 10,https://www.kaggle.com/datasets/ironwolf437/laptop-price-dataset,Kaggle laptop-price-dataset (Apache-2.0),2026-08-05T06:07:04.985220+00:00,Laptops,HP,1834.92
10000724,Omen 17-AN010nv,Intel Core i7 7700HQ 2.8 GHz,Nvidia GeForce GTX 1050,16GB,256GB SSD + 1TB HDD,17.3 inch · IPS Panel Full HD 1920x1080,Not specified,3.78 kg,study office portable Gaming Windows 10,https://www.kaggle.com/datasets/ironwolf437/laptop-price-dataset,Kaggle laptop-price-dataset (Apache-2.0),2026-08-05T06:07:04.985220+00:00,Laptops,HP,1617.84
10000725,Omen 17-an012dx,Intel Core i7 7700HQ 2.8 GHz,AMD Radeon RX 580,12GB,1TB HDD,17.3 inch · IPS Panel Full HD 1920x1080,Not specified,3.74 kg,study office portable Gaming Windows 10,https://www.kaggle.com/datasets/ironwolf437/laptop-price-dataset,Kaggle laptop-price-dataset (Apache-2.0),2026-08-05T06:07:04.985220+00:00,Laptops,HP,1888.92
10000726,Omen 17-W006na,Intel Core i5 6300HQ 2.3 GHz,Nvidia GeForce GTX 965M,8GB,128GB SSD + 1TB HDD,17.3 inch · IPS Panel Full HD 1920x1080,Not specified,2.75 kg,study office portable Gaming Windows 10,https://www.kaggle.com/datasets/ironwolf437/laptop-price-dataset,Kaggle laptop-price-dataset (Apache-2.0),2026-08-05T06:07:04.985220+00:00,Laptops,HP,1510.92
10000727,Omen 17-w207nv,Intel Core i7 7700HQ 2.8 GHz,Nvidia GeForce GTX 1070,12GB,256GB SSD + 1TB HDD,17.3 inch · Full HD 1920x1080,Not specified,3.35 kg,study office portable Gaming Windows 10,https://www.kaggle.com/datasets/ironwolf437/laptop-price-dataset,Kaggle laptop-price-dataset (Apache-2.0),2026-08-05T06:07:04.985220+00:00,Laptops,HP,2158.92
10000728,Omen 17-w212nv,Intel Core i7 7700HQ 2.8 GHz,Nvidia GeForce GTX 1050,8GB,128GB SSD + 1TB HDD,17.3 inch · IPS Panel Full HD 1920x1080,Not specified,3.35 kg,study office portable Gaming Windows 10,https://www.kaggle.com/datasets/ironwolf437/laptop-price-dataset,Kaggle laptop-price-dataset (Apache-2.0),2026-08-05T06:07:04.985220+00:00,Laptops,HP,1286.28
10000729,Omen 17-W295,Intel Core i7 7700HQ 2.8 GHz,Nvidia GeForce GTX 1050,16GB,256GB SSD + 1TB HDD,17.3 inch · IPS Panel Full HD 1920x1080,Not specified,3.35 kg,study office portable Gaming Windows 10,https://www.kaggle.com/datasets/ironwolf437/laptop-price-dataset,Kaggle laptop-price-dataset (Apache-2.0),2026-08-05T06:07:04.985220+00:00,Laptops,HP,1489.32
10000730,Pavilion 14-BK001nv,Intel Core i5 7200U 2.5 GHz,Nvidia GeForce 940MX,6GB,256GB SSD,14.0 inch · IPS Panel Full HD 1920x1080,Not specified,1.58 kg,study office portable Notebook Windows 10,https://www.kaggle.com/datasets/ironwolf437/laptop-price-dataset,Kaggle laptop-price-dataset (Apache-2.0),2026-08-05T06:07:04.985220+00:00,Laptops,HP,711.72
10000731,Pavilion 15-AW003nv,AMD A9-Series 9410 2.9 GHz,AMD Radeon R7 M440,6GB,1.0TB Hybrid,15.6 inch · Full HD 1920x1080,Not specified,2.04 kg,study office portable Notebook Windows 10,https://www.kaggle.com/datasets/ironwolf437/laptop-price-dataset,Kaggle laptop-price-dataset (Apache-2.0),2026-08-05T06:07:04.985220+00:00,Laptops,HP,593.99
10000732,Pavilion 15-BC000nv,Intel Core i7 6700HQ 2.6 GHz,Nvidia GeForce GTX 960M,6GB,1TB HDD,15.6 inch · IPS Panel Full HD 1920x1080,Not specified,2.18 kg,study office portable Notebook Windows 10,https://www.kaggle.com/datasets/ironwolf437/laptop-price-dataset,Kaggle laptop-price-dataset (Apache-2.0),2026-08-05T06:07:04.985220+00:00,Laptops,HP,862.92
10000733,Pavilion 15-cb003nv,Intel Core i7 7700HQ 2.8 GHz,Nvidia GeForce GTX 1050,8GB,1TB HDD,15.6 inch · IPS Panel Full HD 1920x1080,Not specified,2.62 kg,study office portable Gaming Windows 10,https://www.kaggle.com/datasets/ironwolf437/laptop-price-dataset,Kaggle laptop-price-dataset (Apache-2.0),2026-08-05T06:07:04.985220+00:00,Laptops,HP,970.92
10000734,Pavilion 15-CK000nv,Intel Core i7 8550U 1.8 GHz,Nvidia GeForce GTX 940MX,8GB,256GB SSD,15.6 inch · IPS Panel Full HD 1920x1080,Not specified,1.83 kg,study office portable Ultrabook Windows 10,https://www.kaggle.com/datasets/ironwolf437/laptop-price-dataset,Kaggle laptop-price-dataset (Apache-2.0),2026-08-05T06:07:04.985220+00:00,Laptops,HP,754.92
10000735,Pavilion Power,Intel Core i7 7700HQ 2.8 GHz,Nvidia GeForce GTX 1050,12GB,128GB SSD + 1TB HDD,15.6 inch · IPS Panel Full HD 1920x1080,Not specified,2.21 kg,study office portable Notebook Windows 10,https://www.kaggle.com/datasets/ironwolf437/laptop-price-dataset,Kaggle laptop-price-dataset (Apache-2.0),2026-08-05T06:07:04.985220+00:00,Laptops,HP,1433.16
10000736,Pavilion x360,Intel Core i5 7200U 2.5 GHz,Intel HD Graphics 620,4GB,500GB HDD,15.6 inch · Touchscreen 1366x768,Not specified,2.3 kg,study office portable 2 in 1 Convertible Windows 10,https://www.kaggle.com/datasets/ironwolf437/laptop-price-dataset,Kaggle laptop-price-dataset (Apache-2.0),2026-08-05T06:07:04.985220+00:00,Laptops,HP,739.58
10000737,Pavilion X360,Intel Core i3 7100U 2.4 GHz,Nvidia GeForce 940MX,4GB,128GB SSD,14.0 inch · IPS Panel Full HD / Touchscreen 1920x1080,Not specified,1.63 kg,study office portable 2 in 1 Convertible Windows 10,https://www.kaggle.com/datasets/ironwolf437/laptop-price-dataset,Kaggle laptop-price-dataset (Apache-2.0),2026-08-05T06:07:04.985220+00:00,Laptops,HP,754.92
10000738,Pavilion X360,Intel Core i5 7200U 2.5 GHz,Intel HD Graphics 620,8GB,256GB SSD,13.3 inch · IPS Panel Touchscreen 1366x768,Not specified,1.58 kg,study office portable 2 in 1 Convertible Windows 10,https://www.kaggle.com/datasets/ironwolf437/laptop-price-dataset,Kaggle laptop-price-dataset (Apache-2.0),2026-08-05T06:07:04.985220+00:00,Laptops,HP,903.53
10000739,ProBook 430,Intel Core i5 8250U 1.6 GHz,Intel UHD Graphics 620,4GB,500GB HDD,13.3 inch · IPS Panel Full HD 1920x1080,Not specified,1.49 kg,study office portable Notebook Windows 10,https://www.kaggle.com/datasets/ironwolf437/laptop-price-dataset,Kaggle laptop-price-dataset (Apache-2.0),2026-08-05T06:07:04.985220+00:00,Laptops,HP,729.0
10000740,ProBook 430,Intel Core i3 7100U 2.4 GHz,Intel HD Graphics 620,4GB,128GB SSD,13.3 inch · Full HD 1920x1080,Not specified,1.49 kg,study office portable Notebook Windows 10,https://www.kaggle.com/datasets/ironwolf437/laptop-price-dataset,Kaggle laptop-price-dataset (Apache-2.0),2026-08-05T06:07:04.985220+00:00,Laptops,HP,776.52
10000741,ProBook 430,Intel Core i5 8250U 1.6 GHz,Intel UHD Graphics 620,4GB,128GB SSD,13.3 inch · IPS Panel Full HD 1920x1080,Not specified,1.49 kg,study office portable Notebook Windows 10,https://www.kaggle.com/datasets/ironwolf437/laptop-price-dataset,Kaggle laptop-price-dataset (Apache-2.0),2026-08-05T06:07:04.985220+00:00,Laptops,HP,784.08
10000742,ProBook 430,Intel Core i5 8250U 1.6 GHz,Intel UHD Graphics 620,4GB,500GB HDD,13.3 inch · IPS Panel Full HD 1920x1080,Not specified,1.49 kg,study office portable Notebook Windows 10,https://www.kaggle.com/datasets/ironwolf437/laptop-price-dataset,Kaggle laptop-price-dataset (Apache-2.0),2026-08-05T06:07:04.985220+00:00,Laptops,HP,814.32
10000743,Probook 430,Intel Core i3 7100U 2.4 GHz,Intel HD Graphics 620,4GB,500GB HDD,13.3 inch · 1366x768,Not specified,1.49 kg,study office portable Notebook Windows 10,https://www.kaggle.com/datasets/ironwolf437/laptop-price-dataset,Kaggle laptop-price-dataset (Apache-2.0),2026-08-05T06:07:04.985220+00:00,Laptops,HP,864.0
10000744,ProBook 430,Intel Core i5 8250U 1.6 GHz,Intel UHD Graphics 620,8GB,512GB SSD,13.3 inch · Full HD 1920x1080,Not specified,1.49 kg,study office portable Notebook Windows 10,https://www.kaggle.com/datasets/ironwolf437/laptop-price-dataset,Kaggle laptop-price-dataset (Apache-2.0),2026-08-05T06:07:04.985220+00:00,Laptops,HP,1035.72
10000745,Probook 430,Intel Core i5 7200U 2.5 GHz,Intel HD Graphics 620,8GB,256GB SSD,13.3 inch · Full HD 1920x1080,Not specified,1.49 kg,study office portable Notebook Windows 10,https://www.kaggle.com/datasets/ironwolf437/laptop-price-dataset,Kaggle laptop-price-dataset (Apache-2.0),2026-08-05T06:07:04.985220+00:00,Laptops,HP,1036.8
10000746,ProBook 430,Intel Core i7 7500U 2.7 GHz,Intel HD Graphics 620,8GB,256GB SSD,13.3 inch · Full HD 1920x1080,Not specified,1.49 kg,study office portable Notebook Windows 10,https://www.kaggle.com/datasets/ironwolf437/laptop-price-dataset,Kaggle laptop-price-dataset (Apache-2.0),2026-08-05T06:07:04.985220+00:00,Laptops,HP,1177.2
10000747,ProBook 430,Intel Core i7 8550U 1.8 GHz,Intel UHD Graphics 620,8GB,512GB SSD,13.3 inch · Full HD 1920x1080,Not specified,1.49 kg,study office portable Notebook Windows 10,https://www.kaggle.com/datasets/ironwolf437/laptop-price-dataset,Kaggle laptop-price-dataset (Apache-2.0),2026-08-05T06:07:04.985220+00:00,Laptops,HP,1191.24
10000748,Probook 430,Intel Core i7 8550U 1.8 GHz,Intel UHD Graphics 620,16GB,512GB SSD,13.3 inch · Full HD 1920x1080,Not specified,1.49 kg,study office portable Notebook Windows 10,https://www.kaggle.com/datasets/ironwolf437/laptop-price-dataset,Kaggle laptop-price-dataset (Apache-2.0),2026-08-05T06:07:04.985220+00:00,Laptops,HP,1292.76
10000749,Probook 440,Intel Core i3 7100U 2.4 GHz,Intel HD Graphics 620,4GB,500GB HDD,14.0 inch · 1366x768,Not specified,1.64 kg,study office portable Notebook Windows 10,https://www.kaggle.com/datasets/ironwolf437/laptop-price-dataset,Kaggle laptop-price-dataset (Apache-2.0),2026-08-05T06:07:04.985220+00:00,Laptops,HP,738.72
10000750,ProBook 440,Intel Core i3 6006U 2.0 GHz,Intel HD Graphics 520,4GB,128GB SSD,15.6 inch · 1366x768,Not specified,1.63 kg,study office portable Notebook Windows 10,https://www.kaggle.com/datasets/ironwolf437/laptop-price-dataset,Kaggle laptop-price-dataset (Apache-2.0),2026-08-05T06:07:04.985220+00:00,Laptops,HP,744.12
10000751,Probook 440,Intel Core i5 8250U 1.6 GHz,Intel UHD Graphics 620,4GB,500GB HDD,14.0 inch · IPS Panel 1366x768,Not specified,1.63 kg,study office portable Notebook Windows 10,https://www.kaggle.com/datasets/ironwolf437/laptop-price-dataset,Kaggle laptop-price-dataset (Apache-2.0),2026-08-05T06:07:04.985220+00:00,Laptops,HP,779.76
10000752,Probook 440,Intel Core i5 7200U 2.5 GHz,Intel HD Graphics 620,4GB,500GB HDD,14.0 inch · 1366x768,Not specified,1.64 kg,study office portable Notebook Windows 10,https://www.kaggle.com/datasets/ironwolf437/laptop-price-dataset,Kaggle laptop-price-dataset (Apache-2.0),2026-08-05T06:07:04.985220+00:00,Laptops,HP,841.32
10000753,Probook 440,Intel Core i5 8250U 1.6 GHz,Intel UHD Graphics 620,8GB,1TB HDD,14.0 inch · Full HD 1920x1080,Not specified,1.63 kg,study office portable Notebook Windows 10,https://www.kaggle.com/datasets/ironwolf437/laptop-price-dataset,Kaggle laptop-price-dataset (Apache-2.0),2026-08-05T06:07:04.985220+00:00,Laptops,HP,876.96
10000754,ProBook 440,Intel Core i5 8250U 1.6 GHz,Intel HD Graphics 620,8GB,256GB SSD,14.0 inch · Full HD 1920x1080,Not specified,1.63 kg,study office portable Notebook Windows 10,https://www.kaggle.com/datasets/ironwolf437/laptop-price-dataset,Kaggle laptop-price-dataset (Apache-2.0),2026-08-05T06:07:04.985220+00:00,Laptops,HP,928.8
10000755,ProBook 440,Intel Core i5 7200U 2.5 GHz,Intel HD Graphics 620,4GB,256GB SSD,14.0 inch · 1366x768,Not specified,1.64 kg,study office portable Notebook Windows 10,https://www.kaggle.com/datasets/ironwolf437/laptop-price-dataset,Kaggle laptop-price-dataset (Apache-2.0),2026-08-05T06:07:04.985220+00:00,Laptops,HP,1050.84
10000756,Probook 440,Intel Core i7 8550U 1.8 GHz,Intel UHD Graphics 620,8GB,256GB SSD,14.0 inch · Full HD 1920x1080,Not specified,1.63 kg,study office portable Notebook Windows 10,https://www.kaggle.com/datasets/ironwolf437/laptop-price-dataset,Kaggle laptop-price-dataset (Apache-2.0),2026-08-05T06:07:04.985220+00:00,Laptops,HP,1067.04
10000757,ProBook 440,Intel Core i5 7200U 2.5 GHz,Intel HD Graphics 620,8GB,256GB SSD,14.0 inch · Full HD 1920x1080,Not specified,1.64 kg,study office portable Notebook Windows 10,https://www.kaggle.com/datasets/ironwolf437/laptop-price-dataset,Kaggle laptop-price-dataset (Apache-2.0),2026-08-05T06:07:04.985220+00:00,Laptops,HP,1091.35
10000758,Probook 440,Intel Core i7 8550U 1.8 GHz,Nvidia GeForce 930MX,8GB,256GB SSD,14.0 inch · Full HD 1920x1080,Not specified,1.63 kg,study office portable Notebook Windows 10,https://www.kaggle.com/datasets/ironwolf437/laptop-price-dataset,Kaggle laptop-price-dataset (Apache-2.0),2026-08-05T06:07:04.985220+00:00,Laptops,HP,1113.48
10000759,ProBook 440,Intel Core i5 7200U 2.5 GHz,Nvidia GeForce 930MX,8GB,256GB SSD,14.0 inch · Full HD 1920x1080,Not specified,1.64 kg,study office portable Notebook Windows 10,https://www.kaggle.com/datasets/ironwolf437/laptop-price-dataset,Kaggle laptop-price-dataset (Apache-2.0),2026-08-05T06:07:04.985220+00:00,Laptops,HP,1133.2
10000760,Probook 440,Intel Core i7 8550U 1.8 GHz,Intel UHD Graphics 620,8GB,512GB SSD,14.0 inch · Full HD 1920x1080,Not specified,1.63 kg,study office portable Notebook Windows 10,https://www.kaggle.com/datasets/ironwolf437/laptop-price-dataset,Kaggle laptop-price-dataset (Apache-2.0),2026-08-05T06:07:04.985220+00:00,Laptops,HP,1170.72
10000761,ProBook 440,Intel Core i7 7500U 2.7 GHz,Nvidia GeForce 930MX,8GB,256GB SSD,14.0 inch · Full HD 1920x1080,Not specified,1.64 kg,study office portable Notebook Windows 10,https://www.kaggle.com/datasets/ironwolf437/laptop-price-dataset,Kaggle laptop-price-dataset (Apache-2.0),2026-08-05T06:07:04.985220+00:00,Laptops,HP,1280.26
10000762,ProBook 450,Intel Core i3 6100U 2.3 GHz,Intel HD Graphics 520,4GB,500GB HDD,15.6 inch · 1366x768,Not specified,2.07 kg,study office portable Notebook Windows 10,https://www.kaggle.com/datasets/ironwolf437/laptop-price-dataset,Kaggle laptop-price-dataset (Apache-2.0),2026-08-05T06:07:04.985220+00:00,Laptops,HP,702.0
10000763,ProBook 450,Intel Core i3 7100U 2.4 GHz,Intel HD Graphics 620,4GB,500GB HDD,15.6 inch · 1366x768,Not specified,2.1 kg,study office portable Notebook Windows 10,https://www.kaggle.com/datasets/ironwolf437/laptop-price-dataset,Kaggle laptop-price-dataset (Apache-2.0),2026-08-05T06:07:04.985220+00:00,Laptops,HP,721.96
10000764,ProBook 450,Intel Core i3 7100U 2.4 GHz,Intel HD Graphics 620,4GB,500GB HDD,15.6 inch · Full HD 1920x1080,Not specified,2.04 kg,study office portable Notebook Windows 10,https://www.kaggle.com/datasets/ironwolf437/laptop-price-dataset,Kaggle laptop-price-dataset (Apache-2.0),2026-08-05T06:07:04.985220+00:00,Laptops,HP,739.8
10000765,ProBook 450,Intel Core i3 7100U 2.4 GHz,Intel HD Graphics 620,4GB,128GB SSD,15.6 inch · Full HD 1920x1080,Not specified,2.1 kg,study office portable Notebook Windows 10,https://www.kaggle.com/datasets/ironwolf437/laptop-price-dataset,Kaggle laptop-price-dataset (Apache-2.0),2026-08-05T06:07:04.985220+00:00,Laptops,HP,761.94
10000766,ProBook 450,Intel Core i3 7100U 2.4 GHz,Nvidia GeForce 930MX,8GB,1TB HDD,15.6 inch · IPS Panel Full HD 1920x1080,Not specified,2.1 kg,study office portable Notebook Windows 10,https://www.kaggle.com/datasets/ironwolf437/laptop-price-dataset,Kaggle laptop-price-dataset (Apache-2.0),2026-08-05T06:07:04.985220+00:00,Laptops,HP,773.28
10000767,ProBook 450,Intel Core i5 8250U 1.6 GHz,Intel HD Graphics 620,4GB,500GB HDD,15.6 inch · IPS Panel Full HD 1920x1080,Not specified,2.1 kg,study office portable Notebook Windows 10,https://www.kaggle.com/datasets/ironwolf437/laptop-price-dataset,Kaggle laptop-price-dataset (Apache-2.0),2026-08-05T06:07:04.985220+00:00,Laptops,HP,779.76
10000768,ProBook 450,Intel Core i5 7200U 2.5 GHz,Intel HD Graphics 620,4GB,500GB HDD,15.6 inch · 1366x768,Not specified,2.04 kg,study office portable Notebook Windows 10,https://www.kaggle.com/datasets/ironwolf437/laptop-price-dataset,Kaggle laptop-price-dataset (Apache-2.0),2026-08-05T06:07:04.985220+00:00,Laptops,HP,801.36
10000769,ProBook 450,Intel Core i3 7100U 2.4 GHz,Intel HD Graphics 620,4GB,256GB SSD,15.6 inch · 1366x768,Not specified,2.04 kg,study office portable Notebook Windows 10,https://www.kaggle.com/datasets/ironwolf437/laptop-price-dataset,Kaggle laptop-price-dataset (Apache-2.0),2026-08-05T06:07:04.985220+00:00,Laptops,HP,831.59
10000770,ProBook 450,Intel Core i5 8250U 1.6 GHz,Intel UHD Graphics 620,8GB,1TB HDD,15.6 inch · Full HD 1920x1080,Not specified,2.1 kg,study office portable Notebook Windows 10,https://www.kaggle.com/datasets/ironwolf437/laptop-price-dataset,Kaggle laptop-price-dataset (Apache-2.0),2026-08-05T06:07:04.985220+00:00,Laptops,HP,857.52
10000771,Probook 450,Intel Core i5 7200U 2.5 GHz,Intel HD Graphics 620,8GB,1TB HDD,15.6 inch · Full HD 1920x1080,Not specified,2.04 kg,study office portable Notebook Windows 10,https://www.kaggle.com/datasets/ironwolf437/laptop-price-dataset,Kaggle laptop-price-dataset (Apache-2.0),2026-08-05T06:07:04.985220+00:00,Laptops,HP,870.48
10000772,ProBook 450,Intel Core i5 7200U 2.5 GHz,Intel HD Graphics 620,4GB,256GB SSD,15.6 inch · Full HD 1920x1080,Not specified,2.04 kg,study office portable Notebook Windows 10,https://www.kaggle.com/datasets/ironwolf437/laptop-price-dataset,Kaggle laptop-price-dataset (Apache-2.0),2026-08-05T06:07:04.985220+00:00,Laptops,HP,906.12
10000773,ProBook 450,Intel Core i5 7200U 2.5 GHz,Nvidia GeForce 930MX,8GB,1TB HDD,15.6 inch · 1366x768,Not specified,2.04 kg,study office portable Notebook Windows 10,https://www.kaggle.com/datasets/ironwolf437/laptop-price-dataset,Kaggle laptop-price-dataset (Apache-2.0),2026-08-05T06:07:04.985220+00:00,Laptops,HP,914.22
10000774,ProBook 450,Intel Core i5 8250U 1.6 GHz,Nvidia GeForce 930MX,8GB,256GB SSD,15.6 inch · Full HD 1920x1080,Not specified,2.1 kg,study office portable Notebook Windows 10,https://www.kaggle.com/datasets/ironwolf437/laptop-price-dataset,Kaggle laptop-price-dataset (Apache-2.0),2026-08-05T06:07:04.985220+00:00,Laptops,HP,949.32
10000775,Probook 450,Intel Core i5 7200U 2.5 GHz,Nvidia GeForce 930MX,8GB,256GB SSD,15.6 inch · Full HD 1920x1080,Not specified,2.04 kg,study office portable Notebook Windows 10,https://www.kaggle.com/datasets/ironwolf437/laptop-price-dataset,Kaggle laptop-price-dataset (Apache-2.0),2026-08-05T06:07:04.985220+00:00,Laptops,HP,960.12
10000776,ProBook 450,Intel Core i7 7500U 2.7 GHz,Nvidia GeForce 930MX,8GB,1TB HDD,15.6 inch · Full HD 1920x1080,Not specified,2.04 kg,study office portable Notebook Windows 10,https://www.kaggle.com/datasets/ironwolf437/laptop-price-dataset,Kaggle laptop-price-dataset (Apache-2.0),2026-08-05T06:07:04.985220+00:00,Laptops,HP,972.0
10000777,ProBook 450,Intel Core i7 8550U 1.8 GHz,Intel UHD Graphics 620,8GB,1TB HDD,15.6 inch · IPS Panel Full HD 1366x768,Not specified,2.1 kg,study office portable Notebook Windows 10,https://www.kaggle.com/datasets/ironwolf437/laptop-price-dataset,Kaggle laptop-price-dataset (Apache-2.0),2026-08-05T06:07:04.985220+00:00,Laptops,HP,974.16
10000778,Probook 450,Intel Core i5 6200U 2.3 GHz,Intel HD Graphics 520,4GB,500GB HDD,15.6 inch · Full HD 1920x1080,Not specified,2.07 kg,study office portable Notebook Windows 10,https://www.kaggle.com/datasets/ironwolf437/laptop-price-dataset,Kaggle laptop-price-dataset (Apache-2.0),2026-08-05T06:07:04.985220+00:00,Laptops,HP,982.8
10000779,Probook 450,Intel Core i5 7200U 2.7 GHz,Nvidia GeForce 930MX,8GB,128GB SSD + 1TB HDD,15.6 inch · IPS Panel Full HD 1920x1080,Not specified,2.04 kg,study office portable Notebook Windows 10,https://www.kaggle.com/datasets/ironwolf437/laptop-price-dataset,Kaggle laptop-price-dataset (Apache-2.0),2026-08-05T06:07:04.985220+00:00,Laptops,HP,1057.32
10000780,ProBook 450,Intel Core i5 7200U 2.5 GHz,Intel HD Graphics 620,4GB,256GB SSD,15.6 inch · 1366x768,Not specified,2.04 kg,study office portable Notebook Windows 10,https://www.kaggle.com/datasets/ironwolf437/laptop-price-dataset,Kaggle laptop-price-dataset (Apache-2.0),2026-08-05T06:07:04.985220+00:00,Laptops,HP,1057.32
10000781,ProBook 450,Intel Core i7 7500U 2.7 GHz,Nvidia GeForce 930MX,8GB,256GB SSD,15.6 inch · Full HD 1920x1080,Not specified,2.04 kg,study office portable Notebook Windows 10,https://www.kaggle.com/datasets/ironwolf437/laptop-price-dataset,Kaggle laptop-price-dataset (Apache-2.0),2026-08-05T06:07:04.985220+00:00,Laptops,HP,1100.51
10000782,ProBook 450,Intel Core i7 7500U 2.7 GHz,Intel HD Graphics 620,8GB,256GB SSD,15.6 inch · Full HD 1920x1080,Not specified,2.04 kg,study office portable Notebook Windows 10,https://www.kaggle.com/datasets/ironwolf437/laptop-price-dataset,Kaggle laptop-price-dataset (Apache-2.0),2026-08-05T06:07:04.985220+00:00,Laptops,HP,1155.6
10000783,ProBook 450,Intel Core i7 8550U 1.8 GHz,Intel UHD Graphics 620,16GB,512GB SSD,15.6 inch · Full HD 1920x1080,Not specified,2.1 kg,study office portable Notebook Windows 10,https://www.kaggle.com/datasets/ironwolf437/laptop-price-dataset,Kaggle laptop-price-dataset (Apache-2.0),2026-08-05T06:07:04.985220+00:00,Laptops,HP,1251.72
10000784,ProBook 470,Intel Core i5 8250U 1.6 GHz,Nvidia GeForce 930MX,8GB,1TB HDD,17.3 inch · Full HD 1920x1080,Not specified,2.5 kg,study office portable Notebook Windows 10,https://www.kaggle.com/datasets/ironwolf437/laptop-price-dataset,Kaggle laptop-price-dataset (Apache-2.0),2026-08-05T06:07:04.985220+00:00,Laptops,HP,967.68
10000785,ProBook 470,Intel Core i5 7200U 2.5 GHz,Nvidia GeForce 930MX,8GB,1TB HDD,17.3 inch · 1600x900,Not specified,2.63 kg,study office portable Notebook Windows 10,https://www.kaggle.com/datasets/ironwolf437/laptop-price-dataset,Kaggle laptop-price-dataset (Apache-2.0),2026-08-05T06:07:04.985220+00:00,Laptops,HP,982.8
10000786,ProBook 470,Intel Core i5 8250U 1.6 GHz,Nvidia GeForce 930MX,8GB,1TB HDD,17.3 inch · IPS Panel Full HD 1920x1080,Not specified,2.5 kg,study office portable Notebook Windows 10,https://www.kaggle.com/datasets/ironwolf437/laptop-price-dataset,Kaggle laptop-price-dataset (Apache-2.0),2026-08-05T06:07:04.985220+00:00,Laptops,HP,987.12
10000787,ProBook 470,Intel Core i5 8250U 1.6 GHz,Nvidia GeForce 930MX,8GB,256GB SSD,17.3 inch · Full HD 1920x1080,Not specified,2.5 kg,study office portable Notebook Windows 10,https://www.kaggle.com/datasets/ironwolf437/laptop-price-dataset,Kaggle laptop-price-dataset (Apache-2.0),2026-08-05T06:07:04.985220+00:00,Laptops,HP,996.84
10000788,ProBook 470,Intel Core i5 8250U 1.6 GHz,Intel UHD Graphics 620,8GB,256GB SSD,17.3 inch · Full HD 1920x1080,Not specified,2.5 kg,study office portable Notebook Windows 10,https://www.kaggle.com/datasets/ironwolf437/laptop-price-dataset,Kaggle laptop-price-dataset (Apache-2.0),2026-08-05T06:07:04.985220+00:00,Laptops,HP,1002.24
10000789,ProBook 470,Intel Core i5 8250U 1.6 GHz,Nvidia GeForce 930MX,8GB,128GB SSD + 1TB HDD,17.3 inch · Full HD 1920x1080,Not specified,2.5 kg,study office portable Notebook Windows 10,https://www.kaggle.com/datasets/ironwolf437/laptop-price-dataset,Kaggle laptop-price-dataset (Apache-2.0),2026-08-05T06:07:04.985220+00:00,Laptops,HP,1055.16
10000790,Probook 470,Intel Core i7 8550U 1.8 GHz,Nvidia GeForce 930MX,8GB,1TB HDD,17.3 inch · Full HD 1920x1080,Not specified,2.5 kg,study office portable Notebook Windows 10,https://www.kaggle.com/datasets/ironwolf437/laptop-price-dataset,Kaggle laptop-price-dataset (Apache-2.0),2026-08-05T06:07:04.985220+00:00,Laptops,HP,1099.44
10000791,Probook 470,Intel Core i7 8550U 1.8 GHz,Nvidia GeForce 930MX,8GB,256GB SSD,17.3 inch · Full HD 1920x1080,Not specified,2.5 kg,study office portable Notebook Windows 10,https://www.kaggle.com/datasets/ironwolf437/laptop-price-dataset,Kaggle laptop-price-dataset (Apache-2.0),2026-08-05T06:07:04.985220+00:00,Laptops,HP,1128.6
10000792,Probook 470,Intel Core i5 7200U 2.5 GHz,Nvidia GeForce 930MX,8GB,256GB SSD,17.3 inch · Full HD 1920x1080,Not specified,2.63 kg,study office portable Notebook Windows 10,https://www.kaggle.com/datasets/ironwolf437/laptop-price-dataset,Kaggle laptop-price-dataset (Apache-2.0),2026-08-05T06:07:04.985220+00:00,Laptops,HP,1166.4
10000793,ProBook 470,Intel Core i7 7500U 2.7 GHz,Nvidia GeForce 930MX,8GB,256GB SSD,17.3 inch · Full HD 1920x1080,Not specified,2.63 kg,study office portable Notebook Windows 10,https://www.kaggle.com/datasets/ironwolf437/laptop-price-dataset,Kaggle laptop-price-dataset (Apache-2.0),2026-08-05T06:07:04.985220+00:00,Laptops,HP,1296.0
10000794,Probook 470,Intel Core i7 8550U 1.8 GHz,Nvidia GeForce 930MX,16GB,512GB SSD,17.3 inch · Full HD 1920x1080,Not specified,2.5 kg,study office portable Notebook Windows 10,https://www.kaggle.com/datasets/ironwolf437/laptop-price-dataset,Kaggle laptop-price-dataset (Apache-2.0),2026-08-05T06:07:04.985220+00:00,Laptops,HP,1372.68
10000795,ProBook 470,Intel Core i7 7500U 2.7 GHz,Nvidia GeForce 930MX,8GB,1TB HDD,17.3 inch · Full HD 1920x1080,Not specified,2.63 kg,study office portable Notebook Windows 10,https://www.kaggle.com/datasets/ironwolf437/laptop-price-dataset,Kaggle laptop-price-dataset (Apache-2.0),2026-08-05T06:07:04.985220+00:00,Laptops,HP,1382.4
10000796,ProBook 640,Intel Core i5 7200U 2.5 GHz,Intel HD Graphics 620,8GB,256GB SSD,14.0 inch · Full HD 1920x1080,Not specified,1.95 kg,study office portable Notebook Windows 10,https://www.kaggle.com/datasets/ironwolf437/laptop-price-dataset,Kaggle laptop-price-dataset (Apache-2.0),2026-08-05T06:07:04.985220+00:00,Laptops,HP,1058.4
10000797,ProBook 640,Intel Core i5 7200U 2.5 GHz,Intel HD Graphics 620,4GB,500GB HDD,14.0 inch · 1366x768,Not specified,1.95 kg,study office portable Notebook Windows 10,https://www.kaggle.com/datasets/ironwolf437/laptop-price-dataset,Kaggle laptop-price-dataset (Apache-2.0),2026-08-05T06:07:04.985220+00:00,Laptops,HP,1144.8
10000798,ProBook 640,Intel Core i5 6200U 2.3 GHz,Intel HD Graphics 520,4GB,500GB HDD,14.0 inch · 1366x768,Not specified,1.95 kg,study office portable Notebook Windows 10,https://www.kaggle.com/datasets/ironwolf437/laptop-price-dataset,Kaggle laptop-price-dataset (Apache-2.0),2026-08-05T06:07:04.985220+00:00,Laptops,HP,1240.92
10000799,Probook 640,Intel Core i5 6200U 2.3 GHz,Intel HD Graphics 520,8GB,256GB SSD,14.0 inch · Full HD 1920x1080,Not specified,1.95 kg,study office portable Notebook Windows 7,https://www.kaggle.com/datasets/ironwolf437/laptop-price-dataset,Kaggle laptop-price-dataset (Apache-2.0),2026-08-05T06:07:04.985220+00:00,Laptops,HP,1290.6
10000800,ProBook 640,Intel Core i5 7200U 2.5 GHz,Intel HD Graphics 620,4GB,256GB SSD,14.0 inch · Full HD 1920x1080,Not specified,1.95 kg,study office portable Notebook Windows 10,https://www.kaggle.com/datasets/ironwolf437/laptop-price-dataset,Kaggle laptop-price-dataset (Apache-2.0),2026-08-05T06:07:04.985220+00:00,Laptops,HP,1301.4
10000801,Apple iPhone 11,bionic · 6 cores · 2.65 GHz,Not specified,4GB,64GB,6.1 inch · 828×1792 · 60Hz,3110 mAh capacity,Not specified,camera communication portable ios 4G,https://www.kaggle.com/datasets/muzammilbaloch/smartphone-dataset,Kaggle smartphone-dataset (Apache-2.0),2026-08-05T06:07:04.985220+00:00,Smartphones,Apple,469.87
10000802,Apple iPhone 11 (128GB),bionic · 6 cores · 2.65 GHz,Not specified,4GB,128GB,6.1 inch · 828×1792 · 60Hz,3110 mAh capacity,Not specified,camera communication portable ios 4G,https://www.kaggle.com/datasets/muzammilbaloch/smartphone-dataset,Kaggle smartphone-dataset (Apache-2.0),2026-08-05T06:07:04.985220+00:00,Smartphones,Apple,566.25
10000803,Apple iPhone 11 Pro Max,bionic · 6 cores · 2.65 GHz,Not specified,4GB,64GB,6.5 inch · 1242×2688 · 60Hz,3500 mAh capacity,Not specified,camera communication portable ios 4G,https://www.kaggle.com/datasets/muzammilbaloch/smartphone-dataset,Kaggle smartphone-dataset (Apache-2.0),2026-08-05T06:07:04.985220+00:00,Smartphones,Apple,1324.1
10000804,Apple iPhone 12,bionic · 6 cores · 3.1 GHz,Not specified,4GB,64GB,6.1 inch · 1170×2532 · 60Hz,mAh capacity,Not specified,camera communication portable ios 5G,https://www.kaggle.com/datasets/muzammilbaloch/smartphone-dataset,Kaggle smartphone-dataset (Apache-2.0),2026-08-05T06:07:04.985220+00:00,Smartphones,Apple,626.49
10000805,Apple iPhone 12 (128GB),bionic · 6 cores · 3.1 GHz,Not specified,4GB,128GB,6.1 inch · 1170×2532 · 60Hz,mAh capacity,Not specified,camera communication portable ios 5G,https://www.kaggle.com/datasets/muzammilbaloch/smartphone-dataset,Kaggle smartphone-dataset (Apache-2.0),2026-08-05T06:07:04.985220+00:00,Smartphones,Apple,674.69
10000806,Apple iPhone 12 (256GB),bionic · 6 cores · 3.1 GHz,Not specified,4GB,256GB,6.1 inch · 1170×2532 · 60Hz,mAh capacity,Not specified,camera communication portable ios 5G,https://www.kaggle.com/datasets/muzammilbaloch/smartphone-dataset,Kaggle smartphone-dataset (Apache-2.0),2026-08-05T06:07:04.985220+00:00,Smartphones,Apple,819.27
10000807,Apple iPhone 12 Mini,bionic · 6 cores · 3.1 GHz,Not specified,4GB,64GB,5.4 inch · 1080×2340 · 60Hz,mAh capacity,Not specified,camera communication portable ios 5G,https://www.kaggle.com/datasets/muzammilbaloch/smartphone-dataset,Kaggle smartphone-dataset (Apache-2.0),2026-08-05T06:07:04.985220+00:00,Smartphones,Apple,493.96
10000808,Apple iPhone 12 Mini (128GB),bionic · 6 cores · 3.1 GHz,Not specified,4GB,128GB,5.4 inch · 1080×2340 · 60Hz,mAh capacity,Not specified,camera communication portable ios 5G,https://www.kaggle.com/datasets/muzammilbaloch/smartphone-dataset,Kaggle smartphone-dataset (Apache-2.0),2026-08-05T06:07:04.985220+00:00,Smartphones,Apple,554.2
10000809,Apple iPhone 12 Mini (256GB),bionic · 6 cores · 3.1 GHz,Not specified,4GB,256GB,5.4 inch · 1080×2340 · 60Hz,mAh capacity,Not specified,camera communication portable ios 5G,https://www.kaggle.com/datasets/muzammilbaloch/smartphone-dataset,Kaggle smartphone-dataset (Apache-2.0),2026-08-05T06:07:04.985220+00:00,Smartphones,Apple,674.69
10000810,Apple iPhone 12 Pro (256GB),bionic · 6 cores · 3.1 GHz,Not specified,6GB,256GB,6.1 inch · 1170×2532 · 60Hz,mAh capacity,Not specified,camera communication portable ios 5G,https://www.kaggle.com/datasets/muzammilbaloch/smartphone-dataset,Kaggle smartphone-dataset (Apache-2.0),2026-08-05T06:07:04.985220+00:00,Smartphones,Apple,1444.58
10000811,Apple iPhone 12 Pro (512GB),bionic · 6 cores · 3.1 GHz,Not specified,6GB,512GB,6.1 inch · 1170×2532 · 60Hz,mAh capacity,Not specified,camera communication portable ios 5G,https://www.kaggle.com/datasets/muzammilbaloch/smartphone-dataset,Kaggle smartphone-dataset (Apache-2.0),2026-08-05T06:07:04.985220+00:00,Smartphones,Apple,1685.54
10000812,Apple iPhone 13,bionic · 6 cores · 3.22 GHz,Not specified,4GB,128GB,6.1 inch · 1170×2532 · 60Hz,3240 mAh capacity,Not specified,camera communication portable ios 5G,https://www.kaggle.com/datasets/muzammilbaloch/smartphone-dataset,Kaggle smartphone-dataset (Apache-2.0),2026-08-05T06:07:04.985220+00:00,Smartphones,Apple,759.02
10000813,Apple iPhone 13 (256GB),bionic · 6 cores · 3.22 GHz,Not specified,4GB,256GB,6.1 inch · 1170×2532 · 60Hz,3240 mAh capacity,Not specified,camera communication portable ios 5G,https://www.kaggle.com/datasets/muzammilbaloch/smartphone-dataset,Kaggle smartphone-dataset (Apache-2.0),2026-08-05T06:07:04.985220+00:00,Smartphones,Apple,879.51
10000814,Apple iPhone 13 (512GB),bionic · 6 cores · 3.22 GHz,Not specified,4GB,512GB,6.1 inch · 1170×2532 · 60Hz,3240 mAh capacity,Not specified,camera communication portable ios 5G,https://www.kaggle.com/datasets/muzammilbaloch/smartphone-dataset,Kaggle smartphone-dataset (Apache-2.0),2026-08-05T06:07:04.985220+00:00,Smartphones,Apple,1108.42
10000815,Apple iPhone 13 Mini,bionic · 6 cores · 3.22 GHz,Not specified,4GB,128GB,5.4 inch · 1080×2340 · 60Hz,2438 mAh capacity,Not specified,camera communication portable ios 5G,https://www.kaggle.com/datasets/muzammilbaloch/smartphone-dataset,Kaggle smartphone-dataset (Apache-2.0),2026-08-05T06:07:04.985220+00:00,Smartphones,Apple,781.93
10000816,Apple iPhone 13 Pro,bionic · 6 cores · 3.22 GHz,Not specified,6GB,128GB,6.1 inch · 1170×2532 · 120Hz,3095 mAh capacity,Not specified,camera communication portable ios 5G,https://www.kaggle.com/datasets/muzammilbaloch/smartphone-dataset,Kaggle smartphone-dataset (Apache-2.0),2026-08-05T06:07:04.985220+00:00,Smartphones,Apple,1444.58
10000817,Apple iPhone 13 Pro (1TB),bionic · 6 cores · 3.22 GHz,Not specified,6GB,1024GB,6.1 inch · 1170×2532 · 120Hz,3095 mAh capacity,Not specified,camera communication portable ios 5G,https://www.kaggle.com/datasets/muzammilbaloch/smartphone-dataset,Kaggle smartphone-dataset (Apache-2.0),2026-08-05T06:07:04.985220+00:00,Smartphones,Apple,1781.93
10000818,Apple iPhone 13 Pro (256GB),bionic · 6 cores · 3.22 GHz,Not specified,6GB,256GB,6.1 inch · 1170×2532 · 120Hz,3095 mAh capacity,Not specified,camera communication portable ios 5G,https://www.kaggle.com/datasets/muzammilbaloch/smartphone-dataset,Kaggle smartphone-dataset (Apache-2.0),2026-08-05T06:07:04.985220+00:00,Smartphones,Apple,1565.06
10000819,Apple iPhone 13 Pro Max,bionic · 6 cores · 3.22 GHz,Not specified,6GB,128GB,6.7 inch · 1284×2778 · 120Hz,4352 mAh capacity,Not specified,camera communication portable ios 5G,https://www.kaggle.com/datasets/muzammilbaloch/smartphone-dataset,Kaggle smartphone-dataset (Apache-2.0),2026-08-05T06:07:04.985220+00:00,Smartphones,Apple,1565.06
10000820,Apple iPhone 13 Pro Max (1TB),bionic · 6 cores · 3.22 GHz,Not specified,6GB,1024GB,6.7 inch · 1284×2778 · 120Hz,4352 mAh capacity,Not specified,camera communication portable ios 5G,https://www.kaggle.com/datasets/muzammilbaloch/smartphone-dataset,Kaggle smartphone-dataset (Apache-2.0),2026-08-05T06:07:04.985220+00:00,Smartphones,Apple,2167.47
10000821,Apple iPhone 13 Pro Max (256GB),bionic · 6 cores · 3.22 GHz,Not specified,6GB,256GB,6.7 inch · 1284×2778 · 120Hz,4352 mAh capacity,Not specified,camera communication portable ios 5G,https://www.kaggle.com/datasets/muzammilbaloch/smartphone-dataset,Kaggle smartphone-dataset (Apache-2.0),2026-08-05T06:07:04.985220+00:00,Smartphones,Apple,1685.54
10000822,Apple iPhone 14,bionic · 6 cores · 3.22 GHz,Not specified,6GB,128GB,6.1 inch · 1170×2532 · 60Hz,3279 mAh capacity,Not specified,camera communication portable ios 5G,https://www.kaggle.com/datasets/muzammilbaloch/smartphone-dataset,Kaggle smartphone-dataset (Apache-2.0),2026-08-05T06:07:04.985220+00:00,Smartphones,Apple,795.17
10000823,Apple iPhone 14 (256GB),bionic · 6 cores · 3.22 GHz,Not specified,6GB,256GB,6.1 inch · 1170×2532 · 60Hz,3279 mAh capacity,Not specified,camera communication portable ios 5G,https://www.kaggle.com/datasets/muzammilbaloch/smartphone-dataset,Kaggle smartphone-dataset (Apache-2.0),2026-08-05T06:07:04.985220+00:00,Smartphones,Apple,915.65
10000824,Apple iPhone 14 (512GB),bionic · 6 cores · 3.22 GHz,Not specified,6GB,512GB,6.1 inch · 1170×2532 · 60Hz,3279 mAh capacity,Not specified,camera communication portable ios 5G,https://www.kaggle.com/datasets/muzammilbaloch/smartphone-dataset,Kaggle smartphone-dataset (Apache-2.0),2026-08-05T06:07:04.985220+00:00,Smartphones,Apple,1156.61
10000825,Apple iPhone 14 Mini,bionic · cores · GHz,Not specified,6GB,128GB,5.42 inch · 1080×2340 · 60Hz,3500 mAh capacity,Not specified,camera communication portable ios 4G,https://www.kaggle.com/datasets/muzammilbaloch/smartphone-dataset,Kaggle smartphone-dataset (Apache-2.0),2026-08-05T06:07:04.985220+00:00,Smartphones,Apple,843.25
10000826,Apple iPhone 14 Plus,bionic · 6 cores · 3.22 GHz,Not specified,6GB,128GB,6.7 inch · 1284×2778 · 60Hz,4325 mAh capacity,Not specified,camera communication portable ios 5G,https://www.kaggle.com/datasets/muzammilbaloch/smartphone-dataset,Kaggle smartphone-dataset (Apache-2.0),2026-08-05T06:07:04.985220+00:00,Smartphones,Apple,903.6
10000827,Apple iPhone 14 Plus (256GB),bionic · 6 cores · 3.22 GHz,Not specified,6GB,256GB,6.7 inch · 1284×2778 · 60Hz,4325 mAh capacity,Not specified,camera communication portable ios 5G,https://www.kaggle.com/datasets/muzammilbaloch/smartphone-dataset,Kaggle smartphone-dataset (Apache-2.0),2026-08-05T06:07:04.985220+00:00,Smartphones,Apple,1024.08
10000828,Apple iPhone 14 Plus (512GB),bionic · 6 cores · 3.22 GHz,Not specified,6GB,512GB,6.7 inch · 1284×2778 · 60Hz,4325 mAh capacity,Not specified,camera communication portable ios 5G,https://www.kaggle.com/datasets/muzammilbaloch/smartphone-dataset,Kaggle smartphone-dataset (Apache-2.0),2026-08-05T06:07:04.985220+00:00,Smartphones,Apple,1265.05
10000829,Apple iPhone 14 Pro,bionic · 6 cores · GHz,Not specified,6GB,128GB,6.1 inch · 1179×2556 · 120Hz,3200 mAh capacity,Not specified,camera communication portable ios 5G,https://www.kaggle.com/datasets/muzammilbaloch/smartphone-dataset,Kaggle smartphone-dataset (Apache-2.0),2026-08-05T06:07:04.985220+00:00,Smartphones,Apple,1445.66
10000830,Apple iPhone 14 Pro (1TB),bionic · 6 cores · GHz,Not specified,6GB,1024GB,6.1 inch · 1179×2556 · 120Hz,3200 mAh capacity,Not specified,camera communication portable ios 5G,https://www.kaggle.com/datasets/muzammilbaloch/smartphone-dataset,Kaggle smartphone-dataset (Apache-2.0),2026-08-05T06:07:04.985220+00:00,Smartphones,Apple,2084.33
10000831,Apple iPhone 14 Pro (256GB),bionic · 6 cores · GHz,Not specified,6GB,256GB,6.1 inch · 1179×2556 · 120Hz,3200 mAh capacity,Not specified,camera communication portable ios 5G,https://www.kaggle.com/datasets/muzammilbaloch/smartphone-dataset,Kaggle smartphone-dataset (Apache-2.0),2026-08-05T06:07:04.985220+00:00,Smartphones,Apple,1566.14
10000832,Apple iPhone 14 Pro Max,bionic · 6 cores · GHz,Not specified,6GB,128GB,6.7 inch · 1290×2796 · 120Hz,4323 mAh capacity,Not specified,camera communication portable ios 5G,https://www.kaggle.com/datasets/muzammilbaloch/smartphone-dataset,Kaggle smartphone-dataset (Apache-2.0),2026-08-05T06:07:04.985220+00:00,Smartphones,Apple,1566.14
10000833,Apple iPhone 14 Pro Max (1TB),bionic · 6 cores · GHz,Not specified,6GB,1024GB,6.7 inch · 1290×2796 · 120Hz,4323 mAh capacity,Not specified,camera communication portable ios 5G,https://www.kaggle.com/datasets/muzammilbaloch/smartphone-dataset,Kaggle smartphone-dataset (Apache-2.0),2026-08-05T06:07:04.985220+00:00,Smartphones,Apple,2204.81
10000834,Apple iPhone 14 Pro Max (256GB),bionic · 6 cores · GHz,Not specified,6GB,256GB,6.7 inch · 1290×2796 · 120Hz,4323 mAh capacity,Not specified,camera communication portable ios 5G,https://www.kaggle.com/datasets/muzammilbaloch/smartphone-dataset,Kaggle smartphone-dataset (Apache-2.0),2026-08-05T06:07:04.985220+00:00,Smartphones,Apple,1686.63
10000835,Apple iPhone 14 Pro Max (512GB),bionic · 6 cores · GHz,Not specified,6GB,512GB,6.7 inch · 1290×2796 · 120Hz,4323 mAh capacity,Not specified,camera communication portable ios 5G,https://www.kaggle.com/datasets/muzammilbaloch/smartphone-dataset,Kaggle smartphone-dataset (Apache-2.0),2026-08-05T06:07:04.985220+00:00,Smartphones,Apple,2046.99
10000836,Apple iPhone 15,bionic · cores · GHz,Not specified,6GB,128GB,6.06 inch · 1170×2532 · 60Hz,3285 mAh capacity,Not specified,camera communication portable ios 4G,https://www.kaggle.com/datasets/muzammilbaloch/smartphone-dataset,Kaggle smartphone-dataset (Apache-2.0),2026-08-05T06:07:04.985220+00:00,Smartphones,Apple,999.88
10000837,Apple iPhone 15 Plus,bionic · 6 cores · GHz,Not specified,8GB,128GB,6.71 inch · 1284×2778 · 120Hz,4532 mAh capacity,Not specified,camera communication portable ios 5G,https://www.kaggle.com/datasets/muzammilbaloch/smartphone-dataset,Kaggle smartphone-dataset (Apache-2.0),2026-08-05T06:07:04.985220+00:00,Smartphones,Apple,1023.98
10000838,Apple iPhone 15 Pro,bionic · cores · GHz,Not specified,8GB,128GB,6.06 inch · 1170×2532 · 120Hz,mAh capacity,Not specified,camera communication portable ios 5G,https://www.kaggle.com/datasets/muzammilbaloch/smartphone-dataset,Kaggle smartphone-dataset (Apache-2.0),2026-08-05T06:07:04.985220+00:00,Smartphones,Apple,1578.19
10000839,Apple iPhone 15 Pro Max,bionic · cores · GHz,Not specified,8GB,256GB,6.68 inch · 1284×2778 · 120Hz,4352 mAh capacity,Not specified,camera communication portable ios 5G,https://www.kaggle.com/datasets/muzammilbaloch/smartphone-dataset,Kaggle smartphone-dataset (Apache-2.0),2026-08-05T06:07:04.985220+00:00,Smartphones,Apple,1722.77
10000840,Apple iPhone 15 Ultra,bionic · 8 cores · GHz,Not specified,8GB,128GB,6.73 inch · 1290×2796 · 120Hz,4700 mAh capacity,Not specified,camera communication portable ios 5G,https://www.kaggle.com/datasets/muzammilbaloch/smartphone-dataset,Kaggle smartphone-dataset (Apache-2.0),2026-08-05T06:07:04.985220+00:00,Smartphones,Apple,1806.02
10000841,Apple iPhone 7s,fusion · 4 cores · 2.37 GHz,Not specified,3GB,32GB,4.7 inch · 750×1334 · 60Hz,2230 mAh capacity,Not specified,camera communication portable ios 4G,https://www.kaggle.com/datasets/muzammilbaloch/smartphone-dataset,Kaggle smartphone-dataset (Apache-2.0),2026-08-05T06:07:04.985220+00:00,Smartphones,Apple,638.43
10000842,Apple iPhone 9,bionic · 6 cores · 2.65 GHz,Not specified,3GB,64GB,4.7 inch · 750×1334 · 60Hz,2050 mAh capacity,Not specified,camera communication portable ios 4G,https://www.kaggle.com/datasets/muzammilbaloch/smartphone-dataset,Kaggle smartphone-dataset (Apache-2.0),2026-08-05T06:07:04.985220+00:00,Smartphones,Apple,361.33
10000843,Apple iPhone SE 2020,bionic · 6 cores · 2.65 GHz,Not specified,3GB,64GB,4.7 inch · 750×1334 · 60Hz,1821 mAh capacity,Not specified,camera communication portable ios 4G,https://www.kaggle.com/datasets/muzammilbaloch/smartphone-dataset,Kaggle smartphone-dataset (Apache-2.0),2026-08-05T06:07:04.985220+00:00,Smartphones,Apple,480.72
10000844,Apple iPhone SE 3 2022,bionic · 6 cores · 3.22 GHz,Not specified,4GB,64GB,4.7 inch · 750×1334 · 60Hz,mAh capacity,Not specified,camera communication portable ios 5G,https://www.kaggle.com/datasets/muzammilbaloch/smartphone-dataset,Kaggle smartphone-dataset (Apache-2.0),2026-08-05T06:07:04.985220+00:00,Smartphones,Apple,528.92
10000845,Apple iPhone SE 4,bionic · 6 cores · 3.22 GHz,Not specified,4GB,64GB,6.1 inch · 750×1580 · 60Hz,mAh capacity,Not specified,camera communication portable ios 5G,https://www.kaggle.com/datasets/muzammilbaloch/smartphone-dataset,Kaggle smartphone-dataset (Apache-2.0),2026-08-05T06:07:04.985220+00:00,Smartphones,Apple,602.29
10000846,Apple iPhone XR2,bionic · cores · GHz,Not specified,4GB,64GB,6.1 inch · 828×1792 · 60Hz,3060 mAh capacity,Not specified,camera communication portable ios 4G,https://www.kaggle.com/datasets/muzammilbaloch/smartphone-dataset,Kaggle smartphone-dataset (Apache-2.0),2026-08-05T06:07:04.985220+00:00,Smartphones,Apple,867.46
10000847,Asus ROG Phone 5s 5G,snapdragon · 8 cores · 2.9 GHz,Not specified,8GB,128GB,6.78 inch · 1080×2448 · 144Hz,6000 mAh capacity,Not specified,camera communication portable android 5G,https://www.kaggle.com/datasets/muzammilbaloch/smartphone-dataset,Kaggle smartphone-dataset (Apache-2.0),2026-08-05T06:07:04.985220+00:00,Smartphones,Asus,481.92
10000848,Asus ROG Phone 6,snapdragon · 8 cores · 3.2 GHz,Not specified,12GB,256GB,6.78 inch · 1080×2448 · 165Hz,6000 mAh capacity,Not specified,camera communication portable android 5G,https://www.kaggle.com/datasets/muzammilbaloch/smartphone-dataset,Kaggle smartphone-dataset (Apache-2.0),2026-08-05T06:07:04.985220+00:00,Smartphones,Asus,867.46
10000849,Asus ROG Phone 6 Batman Edition,dimensity · 8 cores · 3.2 GHz,Not specified,16GB,256GB,6.78 inch · 1080×2448 · 165Hz,6000 mAh capacity,Not specified,camera communication portable android 5G,https://www.kaggle.com/datasets/muzammilbaloch/smartphone-dataset,Kaggle smartphone-dataset (Apache-2.0),2026-08-05T06:07:04.985220+00:00,Smartphones,Asus,879.51
10000850,Asus ROG Phone 6 Pro 5G,snapdragon · 8 cores · 3.2 GHz,Not specified,18GB,512GB,6.78 inch · 1080×2448 · 165Hz,6000 mAh capacity,Not specified,camera communication portable android 5G,https://www.kaggle.com/datasets/muzammilbaloch/smartphone-dataset,Kaggle smartphone-dataset (Apache-2.0),2026-08-05T06:07:04.985220+00:00,Smartphones,Asus,1084.33
10000851,Asus ROG Phone 6D Ultimate,dimensity · 8 cores · 3.2 GHz,Not specified,16GB,512GB,6.78 inch · 1080×2448 · 165Hz,6000 mAh capacity,Not specified,camera communication portable 5G,https://www.kaggle.com/datasets/muzammilbaloch/smartphone-dataset,Kaggle smartphone-dataset (Apache-2.0),2026-08-05T06:07:04.985220+00:00,Smartphones,Asus,1301.08
10000852,Asus ROG Phone 7,snapdragon · 8 cores · 3.2 GHz,Not specified,18GB,256GB,6.8 inch · 1080×2448 · 165Hz,6000 mAh capacity,Not specified,camera communication portable android 5G,https://www.kaggle.com/datasets/muzammilbaloch/smartphone-dataset,Kaggle smartphone-dataset (Apache-2.0),2026-08-05T06:07:04.985220+00:00,Smartphones,Asus,915.54
10000853,Asus ZenFone 9,snapdragon · 8 cores · 3.2 GHz,Not specified,8GB,128GB,5.9 inch · 1080×2400 · 120Hz,4300 mAh capacity,Not specified,camera communication portable android 5G,https://www.kaggle.com/datasets/muzammilbaloch/smartphone-dataset,Kaggle smartphone-dataset (Apache-2.0),2026-08-05T06:07:04.985220+00:00,Smartphones,Asus,770.96
10000854,Blackview BV5200 Pro,helio · 8 cores · 2.3 GHz,Not specified,4GB,64GB,6.1 inch · 720×1560 · 60Hz,5180 mAh capacity,Not specified,camera communication portable android 5G,https://www.kaggle.com/datasets/muzammilbaloch/smartphone-dataset,Kaggle smartphone-dataset (Apache-2.0),2026-08-05T06:07:04.985220+00:00,Smartphones,Blackview,108.31
10000855,BLU F91 5G,dimensity · 8 cores · 2.4 GHz,Not specified,8GB,128GB,6.8 inch · 1080×2460 · 60Hz,5000 mAh capacity,Not specified,camera communication portable android 5G,https://www.kaggle.com/datasets/muzammilbaloch/smartphone-dataset,Kaggle smartphone-dataset (Apache-2.0),2026-08-05T06:07:04.985220+00:00,Smartphones,Blu,180.6
10000856,CAT S22 Flip,snapdragon · 4 cores · 1.3 GHz,Not specified,2GB,16GB,4 inch · 480×640 · 60Hz,2000 mAh capacity,Not specified,camera communication portable 4G,https://www.kaggle.com/datasets/muzammilbaloch/smartphone-dataset,Kaggle smartphone-dataset (Apache-2.0),2026-08-05T06:07:04.985220+00:00,Smartphones,Cat,180.71
10000857,Cola Phone,helio · 8 cores · 2.2 GHz,Not specified,4GB,64GB,6.4 inch · 1080×2400 · 90Hz,5000 mAh capacity,Not specified,camera communication portable android 4G,https://www.kaggle.com/datasets/muzammilbaloch/smartphone-dataset,Kaggle smartphone-dataset (Apache-2.0),2026-08-05T06:07:04.985220+00:00,Smartphones,Cola,180.71
10000858,Doogee S99,helio · 8 cores · 2.05 GHz,Not specified,8GB,128GB,6.3 inch · 1080×2340 · 60Hz,6000 mAh capacity,Not specified,camera communication portable android 4G,https://www.kaggle.com/datasets/muzammilbaloch/smartphone-dataset,Kaggle smartphone-dataset (Apache-2.0),2026-08-05T06:07:04.985220+00:00,Smartphones,Doogee,180.71
10000859,Doogee V Max,dimensity · 8 cores · 2.6 GHz,Not specified,12GB,256GB,6.58 inch · 1080×2408 · 120Hz,22000 mAh capacity,Not specified,camera communication portable android 5G,https://www.kaggle.com/datasets/muzammilbaloch/smartphone-dataset,Kaggle smartphone-dataset (Apache-2.0),2026-08-05T06:07:04.985220+00:00,Smartphones,Doogee,554.2
10000860,Duoqin F22 Pro,helio · 8 cores · 2 GHz,Not specified,4GB,64GB,3.54 inch · 640×960 · 60Hz,2150 mAh capacity,Not specified,camera communication portable android 4G,https://www.kaggle.com/datasets/muzammilbaloch/smartphone-dataset,Kaggle smartphone-dataset (Apache-2.0),2026-08-05T06:07:04.985220+00:00,Smartphones,Duoqin,120.36
10000861,Gionee G13 Pro,tiger · 4 cores · 2 GHz,Not specified,4GB,32GB,6.26 inch · 720×1600 · 60Hz,3500 mAh capacity,Not specified,camera communication portable other 4G,https://www.kaggle.com/datasets/muzammilbaloch/smartphone-dataset,Kaggle smartphone-dataset (Apache-2.0),2026-08-05T06:07:04.985220+00:00,Smartphones,Gionee,74.58
10000862,Gionee K10,tiger · 4 cores · 2 GHz,Not specified,3GB,32GB,6.8 inch · 720×1600 · 60Hz,4800 mAh capacity,Not specified,camera communication portable android 4G,https://www.kaggle.com/datasets/muzammilbaloch/smartphone-dataset,Kaggle smartphone-dataset (Apache-2.0),2026-08-05T06:07:04.985220+00:00,Smartphones,Gionee,84.33
10000863,Gionee M12 Pro,helio · 8 cores · 1.99 GHz,Not specified,6GB,128GB,6.2 inch · 720×1520 · 60Hz,4000 mAh capacity,Not specified,camera communication portable android 4G,https://www.kaggle.com/datasets/muzammilbaloch/smartphone-dataset,Kaggle smartphone-dataset (Apache-2.0),2026-08-05T06:07:04.985220+00:00,Smartphones,Gionee,90.35
10000864,Google Pixel 2 XL,snapdragon · 8 cores · 2.35 GHz,Not specified,4GB,128GB,6 inch · 1440×2880 · 60Hz,3520 mAh capacity,Not specified,camera communication portable android 4G,https://www.kaggle.com/datasets/muzammilbaloch/smartphone-dataset,Kaggle smartphone-dataset (Apache-2.0),2026-08-05T06:07:04.985220+00:00,Smartphones,Google,192.65
10000865,Google Pixel 3a XL,snapdragon · 8 cores · 2 GHz,Not specified,4GB,64GB,6 inch · 1080×2160 · 60Hz,3700 mAh capacity,Not specified,camera communication portable android 4G,https://www.kaggle.com/datasets/muzammilbaloch/smartphone-dataset,Kaggle smartphone-dataset (Apache-2.0),2026-08-05T06:07:04.985220+00:00,Smartphones,Google,192.76
10000866,Google Pixel 4,snapdragon · 8 cores · 2.8 GHz,Not specified,6GB,64GB,5.7 inch · 1080×2280 · 60Hz,2800 mAh capacity,Not specified,camera communication portable android 4G,https://www.kaggle.com/datasets/muzammilbaloch/smartphone-dataset,Kaggle smartphone-dataset (Apache-2.0),2026-08-05T06:07:04.985220+00:00,Smartphones,Google,242.41
10000867,Google Pixel 5,snapdragon · 8 cores · 2.4 GHz,Not specified,8GB,128GB,6 inch · 1080×2340 · 90Hz,4080 mAh capacity,Not specified,camera communication portable android 5G,https://www.kaggle.com/datasets/muzammilbaloch/smartphone-dataset,Kaggle smartphone-dataset (Apache-2.0),2026-08-05T06:07:04.985220+00:00,Smartphones,Google,433.73
10000868,Google Pixel 5A,snapdragon · 8 cores · 2.4 GHz,Not specified,6GB,128GB,6.34 inch · 1080×2400 · 60Hz,4620 mAh capacity,Not specified,camera communication portable android 5G,https://www.kaggle.com/datasets/muzammilbaloch/smartphone-dataset,Kaggle smartphone-dataset (Apache-2.0),2026-08-05T06:07:04.985220+00:00,Smartphones,Google,397.58
10000869,Google Pixel 6,google · 8 cores · 2.8 GHz,Not specified,8GB,128GB,6.4 inch · 1080×2400 · 90Hz,4614 mAh capacity,Not specified,camera communication portable android 5G,https://www.kaggle.com/datasets/muzammilbaloch/smartphone-dataset,Kaggle smartphone-dataset (Apache-2.0),2026-08-05T06:07:04.985220+00:00,Smartphones,Google,487.71
10000870,Google Pixel 6 Pro,google · 8 cores · 2.8 GHz,Not specified,12GB,128GB,6.71 inch · 1440×3120 · 120Hz,5003 mAh capacity,Not specified,camera communication portable android 5G,https://www.kaggle.com/datasets/muzammilbaloch/smartphone-dataset,Kaggle smartphone-dataset (Apache-2.0),2026-08-05T06:07:04.985220+00:00,Smartphones,Google,654.22
10000871,Google Pixel 6 Pro (12GB RAM + 256GB),google · 8 cores · 2.8 GHz,Not specified,12GB,256GB,6.71 inch · 1440×3120 · 120Hz,5003 mAh capacity,Not specified,camera communication portable android 5G,https://www.kaggle.com/datasets/muzammilbaloch/smartphone-dataset,Kaggle smartphone-dataset (Apache-2.0),2026-08-05T06:07:04.985220+00:00,Smartphones,Google,960.24
10000872,Google Pixel 6A,google · 8 cores · GHz,Not specified,6GB,128GB,6.14 inch · 1080×2400 · 60Hz,4410 mAh capacity,Not specified,camera communication portable android 5G,https://www.kaggle.com/datasets/muzammilbaloch/smartphone-dataset,Kaggle smartphone-dataset (Apache-2.0),2026-08-05T06:07:04.985220+00:00,Smartphones,Google,361.43
10000873,Google Pixel 7 5G,google · 8 cores · 2.85 GHz,Not specified,8GB,128GB,6.3 inch · 1080×2400 · 90Hz,4355 mAh capacity,Not specified,camera communication portable android 5G,https://www.kaggle.com/datasets/muzammilbaloch/smartphone-dataset,Kaggle smartphone-dataset (Apache-2.0),2026-08-05T06:07:04.985220+00:00,Smartphones,Google,639.76
10000874,Google Pixel 7 Pro 5G,google · 8 cores · 2.85 GHz,Not specified,12GB,128GB,6.7 inch · 1440×3120 · 120Hz,5000 mAh capacity,Not specified,camera communication portable android 5G,https://www.kaggle.com/datasets/muzammilbaloch/smartphone-dataset,Kaggle smartphone-dataset (Apache-2.0),2026-08-05T06:07:04.985220+00:00,Smartphones,Google,987.94
10000875,Google Pixel 7A,google · 8 cores · GHz,Not specified,6GB,128GB,6.1 inch · 1080×2400 · 90Hz,4410 mAh capacity,Not specified,camera communication portable android 5G,https://www.kaggle.com/datasets/muzammilbaloch/smartphone-dataset,Kaggle smartphone-dataset (Apache-2.0),2026-08-05T06:07:04.985220+00:00,Smartphones,Google,421.57
10000876,Google Pixel 8,google · 8 cores · GHz,Not specified,8GB,128GB,6.6 inch · 1080×2400 · 120Hz,4830 mAh capacity,Not specified,camera communication portable android 5G,https://www.kaggle.com/datasets/muzammilbaloch/smartphone-dataset,Kaggle smartphone-dataset (Apache-2.0),2026-08-05T06:07:04.985220+00:00,Smartphones,Google,650.48
10000877,Google Pixel 8 Pro,google · 8 cores · GHz,Not specified,12GB,256GB,6.73 inch · 1440×3120 · 120Hz,5000 mAh capacity,Not specified,camera communication portable android 5G,https://www.kaggle.com/datasets/muzammilbaloch/smartphone-dataset,Kaggle smartphone-dataset (Apache-2.0),2026-08-05T06:07:04.985220+00:00,Smartphones,Google,855.3
10000878,Honor 50,snapdragon · 8 cores · 2.4 GHz,Not specified,6GB,128GB,6.57 inch · 1080×2340 · 120Hz,4300 mAh capacity,Not specified,camera communication portable android 5G,https://www.kaggle.com/datasets/muzammilbaloch/smartphone-dataset,Kaggle smartphone-dataset (Apache-2.0),2026-08-05T06:07:04.985220+00:00,Smartphones,Honor,397.47
10000879,Honor 60 SE 5G,dimensity · 8 cores · 2 GHz,Not specified,8GB,128GB,6.67 inch · 1080×2340 · 120Hz,4300 mAh capacity,Not specified,camera communication portable android 5G,https://www.kaggle.com/datasets/muzammilbaloch/smartphone-dataset,Kaggle smartphone-dataset (Apache-2.0),2026-08-05T06:07:04.985220+00:00,Smartphones,Honor,301.08
10000880,Honor 70 5G,snapdragon · 8 cores · 2.5 GHz,Not specified,12GB,512GB,6.67 inch · 1080×2400 · 120Hz,4800 mAh capacity,Not specified,camera communication portable android 5G,https://www.kaggle.com/datasets/muzammilbaloch/smartphone-dataset,Kaggle smartphone-dataset (Apache-2.0),2026-08-05T06:07:04.985220+00:00,Smartphones,Honor,481.81
10000881,Honor 70 5G (8GB RAM + 256GB),snapdragon · 8 cores · 2.5 GHz,Not specified,8GB,256GB,6.67 inch · 1080×2400 · 120Hz,4800 mAh capacity,Not specified,camera communication portable android 5G,https://www.kaggle.com/datasets/muzammilbaloch/smartphone-dataset,Kaggle smartphone-dataset (Apache-2.0),2026-08-05T06:07:04.985220+00:00,Smartphones,Honor,373.37
10000882,Honor 80 Pro Plus,snapdragon · 8 cores · 3 GHz,Not specified,12GB,256GB,6.78 inch · 1200×2652 · 120Hz,4500 mAh capacity,Not specified,camera communication portable android 5G,https://www.kaggle.com/datasets/muzammilbaloch/smartphone-dataset,Kaggle smartphone-dataset (Apache-2.0),2026-08-05T06:07:04.985220+00:00,Smartphones,Honor,662.53
10000883,Honor Magic 4 Pro Plus 5G,snapdragon · 8 cores · 3 GHz,Not specified,12GB,512GB,6.76 inch · 1344×2772 · 120Hz,4600 mAh capacity,Not specified,camera communication portable android 5G,https://www.kaggle.com/datasets/muzammilbaloch/smartphone-dataset,Kaggle smartphone-dataset (Apache-2.0),2026-08-05T06:07:04.985220+00:00,Smartphones,Honor,1144.46
10000884,Honor Play 30,snapdragon · 8 cores · 2.2 GHz,Not specified,4GB,128GB,6.5 inch · 720×1600 · 60Hz,5000 mAh capacity,Not specified,camera communication portable android 5G,https://www.kaggle.com/datasets/muzammilbaloch/smartphone-dataset,Kaggle smartphone-dataset (Apache-2.0),2026-08-05T06:07:04.985220+00:00,Smartphones,Honor,120.47
10000885,Honor X6,helio · 8 cores · 2 GHz,Not specified,4GB,64GB,6.5 inch · 720×1600 · 60Hz,5000 mAh capacity,Not specified,camera communication portable android 4G,https://www.kaggle.com/datasets/muzammilbaloch/smartphone-dataset,Kaggle smartphone-dataset (Apache-2.0),2026-08-05T06:07:04.985220+00:00,Smartphones,Honor,168.66
10000886,Honor X7a,helio · 8 cores · 2.3 GHz,Not specified,6GB,128GB,6.75 inch · 720×1600 · 90Hz,5000 mAh capacity,Not specified,camera communication portable android 4G,https://www.kaggle.com/datasets/muzammilbaloch/smartphone-dataset,Kaggle smartphone-dataset (Apache-2.0),2026-08-05T06:07:04.985220+00:00,Smartphones,Honor,168.66
10000887,Honor X8,snapdragon · 8 cores · 2.4 GHz,Not specified,6GB,128GB,6.7 inch · 1080×2388 · 90Hz,4000 mAh capacity,Not specified,camera communication portable android 4G,https://www.kaggle.com/datasets/muzammilbaloch/smartphone-dataset,Kaggle smartphone-dataset (Apache-2.0),2026-08-05T06:07:04.985220+00:00,Smartphones,Honor,204.81
10000888,Honor X8 5G,snapdragon · 8 cores · 2.2 GHz,Not specified,6GB,128GB,6.5 inch · 720×1600 · 60Hz,5000 mAh capacity,Not specified,camera communication portable android 5G,https://www.kaggle.com/datasets/muzammilbaloch/smartphone-dataset,Kaggle smartphone-dataset (Apache-2.0),2026-08-05T06:07:04.985220+00:00,Smartphones,Honor,180.6
10000889,Honor X9 5G,snapdragon · 8 cores · 2.2 GHz,Not specified,8GB,128GB,6.81 inch · 1080×2388 · 60Hz,4800 mAh capacity,Not specified,camera communication portable android 5G,https://www.kaggle.com/datasets/muzammilbaloch/smartphone-dataset,Kaggle smartphone-dataset (Apache-2.0),2026-08-05T06:07:04.985220+00:00,Smartphones,Honor,204.81
10000890,Honor X9a,snapdragon · 8 cores · 2.2 GHz,Not specified,8GB,256GB,6.67 inch · 1080×2400 · 120Hz,5100 mAh capacity,Not specified,camera communication portable android 5G,https://www.kaggle.com/datasets/muzammilbaloch/smartphone-dataset,Kaggle smartphone-dataset (Apache-2.0),2026-08-05T06:07:04.985220+00:00,Smartphones,Honor,337.34
10000891,Huawei Honor 9N,kirin · 8 cores · 2.36 GHz,Not specified,4GB,64GB,5.84 inch · 1080×2280 · 60Hz,3000 mAh capacity,Not specified,camera communication portable android 4G,https://www.kaggle.com/datasets/muzammilbaloch/smartphone-dataset,Kaggle smartphone-dataset (Apache-2.0),2026-08-05T06:07:04.985220+00:00,Smartphones,Huawei,131.92
10000892,Huawei Mate 30 RS Porsche Design,kirin · 8 cores · 2.86 GHz,Not specified,12GB,512GB,6.53 inch · 1176×2400 · 60Hz,4500 mAh capacity,Not specified,camera communication portable android 5G,https://www.kaggle.com/datasets/muzammilbaloch/smartphone-dataset,Kaggle smartphone-dataset (Apache-2.0),2026-08-05T06:07:04.985220+00:00,Smartphones,Huawei,2590.24
10000893,Huawei Mate 40 Pro 4G,kirin · 8 cores · 3.13 GHz,Not specified,8GB,128GB,6.76 inch · 1344×2772 · 90Hz,4400 mAh capacity,Not specified,camera communication portable other 4G,https://www.kaggle.com/datasets/muzammilbaloch/smartphone-dataset,Kaggle smartphone-dataset (Apache-2.0),2026-08-05T06:07:04.985220+00:00,Smartphones,Huawei,843.25
10000894,Huawei Mate 50 Pro 5G,kirin · 8 cores · 3.13 GHz,Not specified,8GB,256GB,6.76 inch · 1440×3200 · 120Hz,4500 mAh capacity,Not specified,camera communication portable other 5G,https://www.kaggle.com/datasets/muzammilbaloch/smartphone-dataset,Kaggle smartphone-dataset (Apache-2.0),2026-08-05T06:07:04.985220+00:00,Smartphones,Huawei,1204.7
10000895,Huawei Mate 50 RS Porsche Design,snapdragon · 8 cores · 3.2 GHz,Not specified,12GB,512GB,6.74 inch · 1212×2616 · 120Hz,4700 mAh capacity,Not specified,camera communication portable other 4G,https://www.kaggle.com/datasets/muzammilbaloch/smartphone-dataset,Kaggle smartphone-dataset (Apache-2.0),2026-08-05T06:07:04.985220+00:00,Smartphones,Huawei,2891.55
10000896,Huawei Mate X,kirin · 8 cores · 2.86 GHz,Not specified,8GB,512GB,8 inch · 2200×2480 · 60Hz,4500 mAh capacity,Not specified,camera communication portable 5G,https://www.kaggle.com/datasets/muzammilbaloch/smartphone-dataset,Kaggle smartphone-dataset (Apache-2.0),2026-08-05T06:07:04.985220+00:00,Smartphones,Huawei,2036.14
10000897,Huawei Mate Xs 2,snapdragon · 8 cores · 2.84 GHz,Not specified,8GB,512GB,7.8 inch · 2200×2480 · 120Hz,4600 mAh capacity,Not specified,camera communication portable 4G,https://www.kaggle.com/datasets/muzammilbaloch/smartphone-dataset,Kaggle smartphone-dataset (Apache-2.0),2026-08-05T06:07:04.985220+00:00,Smartphones,Huawei,1963.73
10000898,Huawei Nova 10,snapdragon · 8 cores · 2.4 GHz,Not specified,8GB,128GB,6.67 inch · 1080×2400 · 120Hz,4000 mAh capacity,Not specified,camera communication portable other 4G,https://www.kaggle.com/datasets/muzammilbaloch/smartphone-dataset,Kaggle smartphone-dataset (Apache-2.0),2026-08-05T06:07:04.985220+00:00,Smartphones,Huawei,361.33
10000899,Huawei Nova 10 SE,snapdragon · 8 cores · 2.4 GHz,Not specified,8GB,256GB,6.67 inch · 1080×2160 · 90Hz,4500 mAh capacity,Not specified,camera communication portable android 4G,https://www.kaggle.com/datasets/muzammilbaloch/smartphone-dataset,Kaggle smartphone-dataset (Apache-2.0),2026-08-05T06:07:04.985220+00:00,Smartphones,Huawei,289.14
10000900,Huawei Nova 7i,kirin · 8 cores · 2.2 GHz,Not specified,8GB,128GB,6.4 inch · 1080×2340 · 60Hz,4200 mAh capacity,Not specified,camera communication portable android 4G,https://www.kaggle.com/datasets/muzammilbaloch/smartphone-dataset,Kaggle smartphone-dataset (Apache-2.0),2026-08-05T06:07:04.985220+00:00,Smartphones,Huawei,264.94
10000901,Huawei Nova 9,snapdragon · 8 cores · 2.4 GHz,Not specified,8GB,128GB,6.57 inch · 1080×2340 · 120Hz,4300 mAh capacity,Not specified,camera communication portable other 4G,https://www.kaggle.com/datasets/muzammilbaloch/smartphone-dataset,Kaggle smartphone-dataset (Apache-2.0),2026-08-05T06:07:04.985220+00:00,Smartphones,Huawei,361.33
10000902,Huawei Nova 9 SE,snapdragon · 8 cores · 2.4 GHz,Not specified,8GB,128GB,6.78 inch · 1080×2388 · 90Hz,4000 mAh capacity,Not specified,camera communication portable android 4G,https://www.kaggle.com/datasets/muzammilbaloch/smartphone-dataset,Kaggle smartphone-dataset (Apache-2.0),2026-08-05T06:07:04.985220+00:00,Smartphones,Huawei,240.84
10000903,Huawei Nova Y61,· 8 cores · GHz,Not specified,4GB,64GB,6.52 inch · 720×1600 · 60Hz,5000 mAh capacity,Not specified,camera communication portable other 4G,https://www.kaggle.com/datasets/muzammilbaloch/smartphone-dataset,Kaggle smartphone-dataset (Apache-2.0),2026-08-05T06:07:04.985220+00:00,Smartphones,Huawei,264.94
10000904,Huawei Nova Y90,snapdragon · 8 cores · 2.4 GHz,Not specified,8GB,128GB,6.7 inch · 1080×2388 · 90Hz,5000 mAh capacity,Not specified,camera communication portable other 4G,https://www.kaggle.com/datasets/muzammilbaloch/smartphone-dataset,Kaggle smartphone-dataset (Apache-2.0),2026-08-05T06:07:04.985220+00:00,Smartphones,Huawei,276.99
10000905,Huawei P40 Pro,kirin · 8 cores · 2.86 GHz,Not specified,8GB,256GB,6.58 inch · 1200×2640 · 90Hz,4200 mAh capacity,Not specified,camera communication portable android 5G,https://www.kaggle.com/datasets/muzammilbaloch/smartphone-dataset,Kaggle smartphone-dataset (Apache-2.0),2026-08-05T06:07:04.985220+00:00,Smartphones,Huawei,999.88
10000906,Huawei P50 Pro 4G,snapdragon · 8 cores · 2.84 GHz,Not specified,8GB,256GB,6.6 inch · 1288×2700 · 120Hz,4360 mAh capacity,Not specified,camera communication portable other 4G,https://www.kaggle.com/datasets/muzammilbaloch/smartphone-dataset,Kaggle smartphone-dataset (Apache-2.0),2026-08-05T06:07:04.985220+00:00,Smartphones,Huawei,734.93
10000907,iKall Z18,· 4 cores · 1.3 GHz,Not specified,4GB,64GB,6.82 inch · 720×1560 · 60Hz,5000 mAh capacity,Not specified,camera communication portable android 4G,https://www.kaggle.com/datasets/muzammilbaloch/smartphone-dataset,Kaggle smartphone-dataset (Apache-2.0),2026-08-05T06:07:04.985220+00:00,Smartphones,Ikall,81.92
10000908,iKall Z19,· 4 cores · 1.6 GHz,Not specified,4GB,32GB,6.5 inch · 720×1600 · 60Hz,5000 mAh capacity,Not specified,camera communication portable android 4G,https://www.kaggle.com/datasets/muzammilbaloch/smartphone-dataset,Kaggle smartphone-dataset (Apache-2.0),2026-08-05T06:07:04.985220+00:00,Smartphones,Ikall,96.37
10000909,iKall Z19 Pro,· 4 cores · 1.6 GHz,Not specified,4GB,64GB,6.5 inch · 720×1600 · 60Hz,5000 mAh capacity,Not specified,camera communication portable android 4G,https://www.kaggle.com/datasets/muzammilbaloch/smartphone-dataset,Kaggle smartphone-dataset (Apache-2.0),2026-08-05T06:07:04.985220+00:00,Smartphones,Ikall,97.58
10000910,Infinix Hot 11S,helio · 8 cores · 2 GHz,Not specified,4GB,64GB,6.78 inch · 1080×2480 · 90Hz,5000 mAh capacity,Not specified,camera communication portable android 4G,https://www.kaggle.com/datasets/muzammilbaloch/smartphone-dataset,Kaggle smartphone-dataset (Apache-2.0),2026-08-05T06:07:04.985220+00:00,Smartphones,Infinix,116.75
10000911,Infinix Hot 12,helio · 8 cores · 2.3 GHz,Not specified,4GB,64GB,6.82 inch · 720×1640 · 90Hz,6000 mAh capacity,Not specified,camera communication portable android 4G,https://www.kaggle.com/datasets/muzammilbaloch/smartphone-dataset,Kaggle smartphone-dataset (Apache-2.0),2026-08-05T06:07:04.985220+00:00,Smartphones,Infinix,120.47
10000912,Infinix Hot 12 Play,tiger · 8 cores · 1.82 GHz,Not specified,4GB,64GB,6.82 inch · 1640×720 · 90Hz,6000 mAh capacity,Not specified,camera communication portable android 4G,https://www.kaggle.com/datasets/muzammilbaloch/smartphone-dataset,Kaggle smartphone-dataset (Apache-2.0),2026-08-05T06:07:04.985220+00:00,Smartphones,Infinix,107.35
10000913,Infinix Hot 12 Pro,tiger · 8 cores · 2 GHz,Not specified,6GB,64GB,6.6 inch · 720×1612 · 90Hz,5000 mAh capacity,Not specified,camera communication portable android 4G,https://www.kaggle.com/datasets/muzammilbaloch/smartphone-dataset,Kaggle smartphone-dataset (Apache-2.0),2026-08-05T06:07:04.985220+00:00,Smartphones,Infinix,130.72
10000914,Infinix Hot 12 Pro (8GB RAM+ 128GB),tiger · 8 cores · 2 GHz,Not specified,8GB,128GB,6.6 inch · 720×1612 · 90Hz,5000 mAh capacity,Not specified,camera communication portable android 4G,https://www.kaggle.com/datasets/muzammilbaloch/smartphone-dataset,Kaggle smartphone-dataset (Apache-2.0),2026-08-05T06:07:04.985220+00:00,Smartphones,Infinix,148.67
10000915,Infinix Hot 20,dimensity · 8 cores · 2.4 GHz,Not specified,4GB,64GB,6.6 inch · 1080×2408 · 120Hz,5000 mAh capacity,Not specified,camera communication portable android 5G,https://www.kaggle.com/datasets/muzammilbaloch/smartphone-dataset,Kaggle smartphone-dataset (Apache-2.0),2026-08-05T06:07:04.985220+00:00,Smartphones,Infinix,216.86
10000916,Infinix Hot 20 (6GB RAM+ 128GB),dimensity · 8 cores · 2.4 GHz,Not specified,6GB,128GB,6.6 inch · 1080×2408 · 120Hz,5000 mAh capacity,Not specified,camera communication portable android 5G,https://www.kaggle.com/datasets/muzammilbaloch/smartphone-dataset,Kaggle smartphone-dataset (Apache-2.0),2026-08-05T06:07:04.985220+00:00,Smartphones,Infinix,240.95
10000917,Infinix Hot 20 Play,helio · 8 cores · 2.3 GHz,Not specified,4GB,64GB,6.82 inch · 720×1640 · 90Hz,6000 mAh capacity,Not specified,camera communication portable android 4G,https://www.kaggle.com/datasets/muzammilbaloch/smartphone-dataset,Kaggle smartphone-dataset (Apache-2.0),2026-08-05T06:07:04.985220+00:00,Smartphones,Infinix,108.42
10000918,Infinix Hot 20i,helio · 8 cores · 2 GHz,Not specified,3GB,64GB,6.6 inch · 720×1612 · 60Hz,5000 mAh capacity,Not specified,camera communication portable android 4G,https://www.kaggle.com/datasets/muzammilbaloch/smartphone-dataset,Kaggle smartphone-dataset (Apache-2.0),2026-08-05T06:07:04.985220+00:00,Smartphones,Infinix,120.47
10000919,Infinix Hot 20S,helio · 8 cores · 2.05 GHz,Not specified,8GB,128GB,6.78 inch · 1080×2460 · 60Hz,5000 mAh capacity,Not specified,camera communication portable android 4G,https://www.kaggle.com/datasets/muzammilbaloch/smartphone-dataset,Kaggle smartphone-dataset (Apache-2.0),2026-08-05T06:07:04.985220+00:00,Smartphones,Infinix,156.61
10000920,Infinix Note 11 (6GB RAM + 128GB),helio · 8 cores · 2 GHz,Not specified,6GB,128GB,6.7 inch · 1080×2400 · 60Hz,5000 mAh capacity,Not specified,camera communication portable android 4G,https://www.kaggle.com/datasets/muzammilbaloch/smartphone-dataset,Kaggle smartphone-dataset (Apache-2.0),2026-08-05T06:07:04.985220+00:00,Smartphones,Infinix,154.2
10000921,Infinix Note 11S (8GB RAM + 128GB),helio · 8 cores · 2.05 GHz,Not specified,8GB,128GB,6.95 inch · 1080×2460 · 120Hz,5000 mAh capacity,Not specified,camera communication portable android 4G,https://www.kaggle.com/datasets/muzammilbaloch/smartphone-dataset,Kaggle smartphone-dataset (Apache-2.0),2026-08-05T06:07:04.985220+00:00,Smartphones,Infinix,192.76
10000922,Infinix Note 12,helio · 8 cores · 2 GHz,Not specified,4GB,64GB,6.7 inch · 2400×1080 · 60Hz,5000 mAh capacity,Not specified,camera communication portable android 4G,https://www.kaggle.com/datasets/muzammilbaloch/smartphone-dataset,Kaggle smartphone-dataset (Apache-2.0),2026-08-05T06:07:04.985220+00:00,Smartphones,Infinix,140.96
10000923,Infinix Note 12 (6GB RAM + 128GB),helio · 8 cores · 2 GHz,Not specified,6GB,128GB,6.7 inch · 2400×1080 · 60Hz,5000 mAh capacity,Not specified,camera communication portable android 4G,https://www.kaggle.com/datasets/muzammilbaloch/smartphone-dataset,Kaggle smartphone-dataset (Apache-2.0),2026-08-05T06:07:04.985220+00:00,Smartphones,Infinix,156.61
10000924,Infinix Note 12 (G96),helio · 8 cores · 2.05 GHz,Not specified,8GB,128GB,6.7 inch · 1080×2400 · 60Hz,5000 mAh capacity,Not specified,camera communication portable android 4G,https://www.kaggle.com/datasets/muzammilbaloch/smartphone-dataset,Kaggle smartphone-dataset (Apache-2.0),2026-08-05T06:07:04.985220+00:00,Smartphones,Infinix,204.81
10000925,Infinix Note 12 5G,dimensity · 8 cores · 2.4 GHz,Not specified,6GB,64GB,6.7 inch · 1080×2400 · 60Hz,5000 mAh capacity,Not specified,camera communication portable android 5G,https://www.kaggle.com/datasets/muzammilbaloch/smartphone-dataset,Kaggle smartphone-dataset (Apache-2.0),2026-08-05T06:07:04.985220+00:00,Smartphones,Infinix,192.76
10000926,Infinix Note 12 Pro,helio · 8 cores · 2.2 GHz,Not specified,8GB,256GB,6.7 inch · 1080×2400 · 60Hz,5000 mAh capacity,Not specified,camera communication portable android 4G,https://www.kaggle.com/datasets/muzammilbaloch/smartphone-dataset,Kaggle smartphone-dataset (Apache-2.0),2026-08-05T06:07:04.985220+00:00,Smartphones,Infinix,203.61
10000927,Infinix Note 12 Pro 5G,dimensity · 8 cores · 2.4 GHz,Not specified,8GB,128GB,6.7 inch · 1080×2400 · 60Hz,5000 mAh capacity,Not specified,camera communication portable android 5G,https://www.kaggle.com/datasets/muzammilbaloch/smartphone-dataset,Kaggle smartphone-dataset (Apache-2.0),2026-08-05T06:07:04.985220+00:00,Smartphones,Infinix,228.9
10000928,Infinix Note 12 Turbo,helio · 8 cores · 2 GHz,Not specified,8GB,128GB,6.7 inch · 2400×1080 · 60Hz,5000 mAh capacity,Not specified,camera communication portable android 4G,https://www.kaggle.com/datasets/muzammilbaloch/smartphone-dataset,Kaggle smartphone-dataset (Apache-2.0),2026-08-05T06:07:04.985220+00:00,Smartphones,Infinix,180.71
10000929,Infinix Note 12 VIP,helio · 8 cores · 2.05 GHz,Not specified,8GB,128GB,6.7 inch · 1080×2400 · 120Hz,4500 mAh capacity,Not specified,camera communication portable android 4G,https://www.kaggle.com/datasets/muzammilbaloch/smartphone-dataset,Kaggle smartphone-dataset (Apache-2.0),2026-08-05T06:07:04.985220+00:00,Smartphones,Infinix,240.95
10000930,Infinix Note 12i (2022),helio · 8 cores · 2 GHz,Not specified,4GB,64GB,6.7 inch · 1080×2400 · 60Hz,5000 mAh capacity,Not specified,camera communication portable android 4G,https://www.kaggle.com/datasets/muzammilbaloch/smartphone-dataset,Kaggle smartphone-dataset (Apache-2.0),2026-08-05T06:07:04.985220+00:00,Smartphones,Infinix,120.47
10000931,Infinix Note 13 Pro,helio · 8 cores · 2.2 GHz,Not specified,6GB,128GB,6.91 inch · 1080×2460 · 60Hz,5000 mAh capacity,Not specified,camera communication portable android 4G,https://www.kaggle.com/datasets/muzammilbaloch/smartphone-dataset,Kaggle smartphone-dataset (Apache-2.0),2026-08-05T06:07:04.985220+00:00,Smartphones,Infinix,204.81
10000932,Infinix Smart 6,helio · 4 cores · 2 GHz,Not specified,2GB,64GB,6.6 inch · 720×1600 · 60Hz,5000 mAh capacity,Not specified,camera communication portable android 4G,https://www.kaggle.com/datasets/muzammilbaloch/smartphone-dataset,Kaggle smartphone-dataset (Apache-2.0),2026-08-05T06:07:04.985220+00:00,Smartphones,Infinix,88.19
10000933,Infinix Smart 6 HD,helio · 4 cores · 2 GHz,Not specified,2GB,32GB,6.6 inch · 720×1600 · 60Hz,5000 mAh capacity,Not specified,camera communication portable android 4G,https://www.kaggle.com/datasets/muzammilbaloch/smartphone-dataset,Kaggle smartphone-dataset (Apache-2.0),2026-08-05T06:07:04.985220+00:00,Smartphones,Infinix,84.33
10000934,Infinix Smart 6 Plus,helio · 8 cores · 2 GHz,Not specified,3GB,64GB,6.82 inch · 720×1600 · 60Hz,5000 mAh capacity,Not specified,camera communication portable android 4G,https://www.kaggle.com/datasets/muzammilbaloch/smartphone-dataset,Kaggle smartphone-dataset (Apache-2.0),2026-08-05T06:07:04.985220+00:00,Smartphones,Infinix,99.99
10000935,Infinix Zero 20,helio · 8 cores · 2.2 GHz,Not specified,8GB,128GB,6.7 inch · 1080×2400 · 90Hz,4500 mAh capacity,Not specified,camera communication portable android 4G,https://www.kaggle.com/datasets/muzammilbaloch/smartphone-dataset,Kaggle smartphone-dataset (Apache-2.0),2026-08-05T06:07:04.985220+00:00,Smartphones,Infinix,216.86
10000936,Infinix Zero 5G 2023,dimensity · 8 cores · 2.6 GHz,Not specified,8GB,256GB,6.78 inch · 1080×2460 · 120Hz,5000 mAh capacity,Not specified,camera communication portable android 5G,https://www.kaggle.com/datasets/muzammilbaloch/smartphone-dataset,Kaggle smartphone-dataset (Apache-2.0),2026-08-05T06:07:04.985220+00:00,Smartphones,Infinix,234.93
10000937,Infinix Zero Ultra,dimensity · 8 cores · 2.5 GHz,Not specified,8GB,256GB,6.8 inch · 1080×2400 · 120Hz,4500 mAh capacity,Not specified,camera communication portable android 5G,https://www.kaggle.com/datasets/muzammilbaloch/smartphone-dataset,Kaggle smartphone-dataset (Apache-2.0),2026-08-05T06:07:04.985220+00:00,Smartphones,Infinix,445.77
10000938,Infinix Zero X Pro,helio · 8 cores · 2.05 GHz,Not specified,8GB,128GB,6.67 inch · 1080×2400 · 120Hz,4500 mAh capacity,Not specified,camera communication portable android 5G,https://www.kaggle.com/datasets/muzammilbaloch/smartphone-dataset,Kaggle smartphone-dataset (Apache-2.0),2026-08-05T06:07:04.985220+00:00,Smartphones,Infinix,264.94
10000939,iQOO 11 (16GB RAM + 256GB),snapdragon · 8 cores · 3.2 GHz,Not specified,16GB,256GB,6.78 inch · 1440×3200 · 144Hz,5000 mAh capacity,Not specified,camera communication portable android 5G,https://www.kaggle.com/datasets/muzammilbaloch/smartphone-dataset,Kaggle smartphone-dataset (Apache-2.0),2026-08-05T06:07:04.985220+00:00,Smartphones,Iqoo,783.12
10000940,iQOO 11 5G,snapdragon · 8 cores · 3.2 GHz,Not specified,8GB,256GB,6.78 inch · 1440×3200 · 144Hz,5000 mAh capacity,Not specified,camera communication portable android 5G,https://www.kaggle.com/datasets/muzammilbaloch/smartphone-dataset,Kaggle smartphone-dataset (Apache-2.0),2026-08-05T06:07:04.985220+00:00,Smartphones,Iqoo,722.88
10000941,iQOO 11 Pro 5G,snapdragon · 8 cores · 3.2 GHz,Not specified,8GB,256GB,6.78 inch · 1440×3200 · 144Hz,4700 mAh capacity,Not specified,camera communication portable android 5G,https://www.kaggle.com/datasets/muzammilbaloch/smartphone-dataset,Kaggle smartphone-dataset (Apache-2.0),2026-08-05T06:07:04.985220+00:00,Smartphones,Iqoo,710.72
10000942,iQOO 7,snapdragon · 8 cores · 3.2 GHz,Not specified,8GB,128GB,6.62 inch · 1080×2400 · 120Hz,4400 mAh capacity,Not specified,camera communication portable android 5G,https://www.kaggle.com/datasets/muzammilbaloch/smartphone-dataset,Kaggle smartphone-dataset (Apache-2.0),2026-08-05T06:07:04.985220+00:00,Smartphones,Iqoo,301.08
10000943,iQOO 7 (12GB RAM + 256GB),snapdragon · 8 cores · 3.2 GHz,Not specified,12GB,256GB,6.62 inch · 1080×2400 · 120Hz,4400 mAh capacity,Not specified,camera communication portable android 5G,https://www.kaggle.com/datasets/muzammilbaloch/smartphone-dataset,Kaggle smartphone-dataset (Apache-2.0),2026-08-05T06:07:04.985220+00:00,Smartphones,Iqoo,433.61
10000944,iQOO 7 Legend,snapdragon · 8 cores · 2.84 GHz,Not specified,8GB,128GB,6.62 inch · 1080×2400 · 120Hz,4000 mAh capacity,Not specified,camera communication portable android 5G,https://www.kaggle.com/datasets/muzammilbaloch/smartphone-dataset,Kaggle smartphone-dataset (Apache-2.0),2026-08-05T06:07:04.985220+00:00,Smartphones,Iqoo,481.81
10000945,iQOO 9 5G,snapdragon · 8 cores · 2.9 GHz,Not specified,8GB,128GB,6.56 inch · 1080×2376 · 120Hz,4350 mAh capacity,Not specified,camera communication portable android 5G,https://www.kaggle.com/datasets/muzammilbaloch/smartphone-dataset,Kaggle smartphone-dataset (Apache-2.0),2026-08-05T06:07:04.985220+00:00,Smartphones,Iqoo,421.57
10000946,iQOO 9 5G (12GB RAM + 256GB),snapdragon · 8 cores · 2.9 GHz,Not specified,12GB,256GB,6.56 inch · 1080×2376 · 120Hz,4350 mAh capacity,Not specified,camera communication portable android 5G,https://www.kaggle.com/datasets/muzammilbaloch/smartphone-dataset,Kaggle smartphone-dataset (Apache-2.0),2026-08-05T06:07:04.985220+00:00,Smartphones,Iqoo,481.81
10000947,iQOO 9 Pro 5G,snapdragon · 8 cores · 3 GHz,Not specified,8GB,256GB,6.78 inch · 1440×3200 · 120Hz,4700 mAh capacity,Not specified,camera communication portable android 5G,https://www.kaggle.com/datasets/muzammilbaloch/smartphone-dataset,Kaggle smartphone-dataset (Apache-2.0),2026-08-05T06:07:04.985220+00:00,Smartphones,Iqoo,722.77
10000948,iQOO 9 SE 5G,snapdragon · 8 cores · 2.84 GHz,Not specified,8GB,128GB,6.62 inch · 1080×2400 · 120Hz,4500 mAh capacity,Not specified,camera communication portable android 5G,https://www.kaggle.com/datasets/muzammilbaloch/smartphone-dataset,Kaggle smartphone-dataset (Apache-2.0),2026-08-05T06:07:04.985220+00:00,Smartphones,Iqoo,373.37
10000949,iQOO 9 SE 5G (12GB RAM + 256GB),snapdragon · 8 cores · 2.84 GHz,Not specified,12GB,256GB,6.62 inch · 1080×2400 · 120Hz,4500 mAh capacity,Not specified,camera communication portable android 5G,https://www.kaggle.com/datasets/muzammilbaloch/smartphone-dataset,Kaggle smartphone-dataset (Apache-2.0),2026-08-05T06:07:04.985220+00:00,Smartphones,Iqoo,421.07
10000950,iQOO 9T 5G,snapdragon · 8 cores · 3.2 GHz,Not specified,8GB,128GB,6.78 inch · 1080×2400 · 120Hz,4700 mAh capacity,Not specified,camera communication portable android 5G,https://www.kaggle.com/datasets/muzammilbaloch/smartphone-dataset,Kaggle smartphone-dataset (Apache-2.0),2026-08-05T06:07:04.985220+00:00,Smartphones,Iqoo,578.19
10000951,iQOO Neo 6 5G,snapdragon · 8 cores · 3.2 GHz,Not specified,8GB,128GB,6.62 inch · 1080×2400 · 120Hz,4700 mAh capacity,Not specified,camera communication portable android 5G,https://www.kaggle.com/datasets/muzammilbaloch/smartphone-dataset,Kaggle smartphone-dataset (Apache-2.0),2026-08-05T06:07:04.985220+00:00,Smartphones,Iqoo,349.39
10000952,iQOO Neo 6 5G (12GB RAM + 256GB),snapdragon · 8 cores · 3.2 GHz,Not specified,12GB,256GB,6.62 inch · 1080×2400 · 120Hz,4700 mAh capacity,Not specified,camera communication portable android 5G,https://www.kaggle.com/datasets/muzammilbaloch/smartphone-dataset,Kaggle smartphone-dataset (Apache-2.0),2026-08-05T06:07:04.985220+00:00,Smartphones,Iqoo,406.61
10000953,iQOO Neo 6 SE 5G,snapdragon · 8 cores · 3.2 GHz,Not specified,8GB,128GB,6.62 inch · 1080×2400 · 120Hz,4700 mAh capacity,Not specified,camera communication portable android 5G,https://www.kaggle.com/datasets/muzammilbaloch/smartphone-dataset,Kaggle smartphone-dataset (Apache-2.0),2026-08-05T06:07:04.985220+00:00,Smartphones,Iqoo,276.99
10000954,iQOO Neo 7 5G,dimensity · 8 cores · 3.1 GHz,Not specified,8GB,128GB,6.78 inch · 1080×2400 · 120Hz,5000 mAh capacity,Not specified,camera communication portable android 5G,https://www.kaggle.com/datasets/muzammilbaloch/smartphone-dataset,Kaggle smartphone-dataset (Apache-2.0),2026-08-05T06:07:04.985220+00:00,Smartphones,Iqoo,361.43
10000955,iQOO Neo 7 Racing Edition,snapdragon · 8 cores · 3.2 GHz,Not specified,8GB,256GB,6.78 inch · 1080×2400 · 120Hz,5000 mAh capacity,Not specified,camera communication portable android 5G,https://www.kaggle.com/datasets/muzammilbaloch/smartphone-dataset,Kaggle smartphone-dataset (Apache-2.0),2026-08-05T06:07:04.985220+00:00,Smartphones,Iqoo,397.47
10000956,iQOO Neo 7 SE 5G,dimensity · 8 cores · 3.1 GHz,Not specified,8GB,128GB,6.78 inch · 1080×2400 · 120Hz,5000 mAh capacity,Not specified,camera communication portable android 5G,https://www.kaggle.com/datasets/muzammilbaloch/smartphone-dataset,Kaggle smartphone-dataset (Apache-2.0),2026-08-05T06:07:04.985220+00:00,Smartphones,Iqoo,301.08
10000957,iQOO Z6 4G,snapdragon · 8 cores · 2.4 GHz,Not specified,4GB,128GB,6.44 inch · 1080×2400 · 120Hz,5000 mAh capacity,Not specified,camera communication portable android 4G,https://www.kaggle.com/datasets/muzammilbaloch/smartphone-dataset,Kaggle smartphone-dataset (Apache-2.0),2026-08-05T06:07:04.985220+00:00,Smartphones,Iqoo,174.57
10000958,iQOO Z6 4G (6GB RAM + 128GB),snapdragon · 8 cores · 2.4 GHz,Not specified,6GB,128GB,6.44 inch · 1080×2400 · 120Hz,5000 mAh capacity,Not specified,camera communication portable android 4G,https://www.kaggle.com/datasets/muzammilbaloch/smartphone-dataset,Kaggle smartphone-dataset (Apache-2.0),2026-08-05T06:07:04.985220+00:00,Smartphones,Iqoo,192.76
10000959,iQOO Z6 5G,snapdragon · 8 cores · 2.2 GHz,Not specified,4GB,128GB,6.58 inch · 1080×2408 · 120Hz,5000 mAh capacity,Not specified,camera communication portable android 5G,https://www.kaggle.com/datasets/muzammilbaloch/smartphone-dataset,Kaggle smartphone-dataset (Apache-2.0),2026-08-05T06:07:04.985220+00:00,Smartphones,Iqoo,186.73
10000960,iQOO Z6 5G (6GB RAM + 128GB),snapdragon · 8 cores · 2.2 GHz,Not specified,6GB,128GB,6.58 inch · 1080×2408 · 120Hz,5000 mAh capacity,Not specified,camera communication portable android 5G,https://www.kaggle.com/datasets/muzammilbaloch/smartphone-dataset,Kaggle smartphone-dataset (Apache-2.0),2026-08-05T06:07:04.985220+00:00,Smartphones,Iqoo,204.1
10000961,iQOO Z6 5G (8GB RAM + 128GB),snapdragon · 8 cores · 2.2 GHz,Not specified,8GB,128GB,6.58 inch · 1080×2408 · 120Hz,5000 mAh capacity,Not specified,camera communication portable android 5G,https://www.kaggle.com/datasets/muzammilbaloch/smartphone-dataset,Kaggle smartphone-dataset (Apache-2.0),2026-08-05T06:07:04.985220+00:00,Smartphones,Iqoo,222.87
10000962,iQOO Z6 Lite (6GB RAM + 128GB),snapdragon · 8 cores · 2 GHz,Not specified,6GB,128GB,6.58 inch · 1080×2408 · 120Hz,5000 mAh capacity,Not specified,camera communication portable android 5G,https://www.kaggle.com/datasets/muzammilbaloch/smartphone-dataset,Kaggle smartphone-dataset (Apache-2.0),2026-08-05T06:07:04.985220+00:00,Smartphones,Iqoo,186.73
10000963,iQOO Z6 Lite 5G,snapdragon · 8 cores · 2 GHz,Not specified,4GB,64GB,6.58 inch · 1080×2408 · 120Hz,5000 mAh capacity,Not specified,camera communication portable android 5G,https://www.kaggle.com/datasets/muzammilbaloch/smartphone-dataset,Kaggle smartphone-dataset (Apache-2.0),2026-08-05T06:07:04.985220+00:00,Smartphones,Iqoo,168.54
10000964,iQOO Z6 Pro 5G,snapdragon · 8 cores · 2.4 GHz,Not specified,6GB,128GB,6.44 inch · 1080×2404 · 90Hz,4700 mAh capacity,Not specified,camera communication portable android 5G,https://www.kaggle.com/datasets/muzammilbaloch/smartphone-dataset,Kaggle smartphone-dataset (Apache-2.0),2026-08-05T06:07:04.985220+00:00,Smartphones,Iqoo,262.51
10000965,iQOO Z6 Pro 5G (12GB RAM + 256GB),snapdragon · 8 cores · 2.4 GHz,Not specified,12GB,256GB,6.44 inch · 1080×2404 · 90Hz,4700 mAh capacity,Not specified,camera communication portable android 5G,https://www.kaggle.com/datasets/muzammilbaloch/smartphone-dataset,Kaggle smartphone-dataset (Apache-2.0),2026-08-05T06:07:04.985220+00:00,Smartphones,Iqoo,337.34
10000966,iQOO Z6 Pro 5G (8GB RAM + 128GB),snapdragon · 8 cores · 2.4 GHz,Not specified,8GB,128GB,6.44 inch · 1080×2404 · 90Hz,4700 mAh capacity,Not specified,camera communication portable android 5G,https://www.kaggle.com/datasets/muzammilbaloch/smartphone-dataset,Kaggle smartphone-dataset (Apache-2.0),2026-08-05T06:07:04.985220+00:00,Smartphones,Iqoo,281.92
10000967,iQOO Z7 5G,snapdragon · 8 cores · 2.2 GHz,Not specified,8GB,128GB,6.67 inch · 1080×2400 · 120Hz,4200 mAh capacity,Not specified,camera communication portable android 5G,https://www.kaggle.com/datasets/muzammilbaloch/smartphone-dataset,Kaggle smartphone-dataset (Apache-2.0),2026-08-05T06:07:04.985220+00:00,Smartphones,Iqoo,216.86
10000968,iQOO Z7 Pro 5G,snapdragon · 8 cores · 2.36 GHz,Not specified,6GB,128GB,6.62 inch · 1080×2412 · 144Hz,5000 mAh capacity,Not specified,camera communication portable android 5G,https://www.kaggle.com/datasets/muzammilbaloch/smartphone-dataset,Kaggle smartphone-dataset (Apache-2.0),2026-08-05T06:07:04.985220+00:00,Smartphones,Iqoo,301.19
10000969,iQOO Z8 5G,snapdragon · 8 cores · 2.2 GHz,Not specified,4GB,128GB,6.58 inch · 1080×2412 · 120Hz,5000 mAh capacity,Not specified,camera communication portable android 5G,https://www.kaggle.com/datasets/muzammilbaloch/smartphone-dataset,Kaggle smartphone-dataset (Apache-2.0),2026-08-05T06:07:04.985220+00:00,Smartphones,Iqoo,180.71
10000970,iQOO Z9,snapdragon · 8 cores · GHz,Not specified,8GB,128GB,6.67 inch · 1080×2412 · 120Hz,5000 mAh capacity,Not specified,camera communication portable android 5G,https://www.kaggle.com/datasets/muzammilbaloch/smartphone-dataset,Kaggle smartphone-dataset (Apache-2.0),2026-08-05T06:07:04.985220+00:00,Smartphones,Iqoo,240.84
10000971,Itel A23 Pro,spreadtrum · 4 cores · 1.4 GHz,Not specified,1GB,8GB,5 inch · 854×480 · 60Hz,2400 mAh capacity,Not specified,camera communication portable android 4G,https://www.kaggle.com/datasets/muzammilbaloch/smartphone-dataset,Kaggle smartphone-dataset (Apache-2.0),2026-08-05T06:07:04.985220+00:00,Smartphones,Itel,48.18
10000972,itel A23s,spreadtrum · 4 cores · 1.4 GHz,Not specified,2GB,32GB,5 inch · 854×480 · 60Hz,3020 mAh capacity,Not specified,camera communication portable android 4G,https://www.kaggle.com/datasets/muzammilbaloch/smartphone-dataset,Kaggle smartphone-dataset (Apache-2.0),2026-08-05T06:07:04.985220+00:00,Smartphones,Itel,57.67
10000973,Itel A24 Pro,unisoc · 4 cores · 1.4 GHz,Not specified,2GB,32GB,5 inch · 854×480 · 60Hz,3020 mAh capacity,Not specified,camera communication portable android 4G,https://www.kaggle.com/datasets/muzammilbaloch/smartphone-dataset,Kaggle smartphone-dataset (Apache-2.0),2026-08-05T06:07:04.985220+00:00,Smartphones,Itel,72.17
10000974,itel A56,· 4 cores · 1.3 GHz,Not specified,1GB,16GB,6 inch · 720×1600 · 60Hz,4000 mAh capacity,Not specified,camera communication portable android 4G,https://www.kaggle.com/datasets/muzammilbaloch/smartphone-dataset,Kaggle smartphone-dataset (Apache-2.0),2026-08-05T06:07:04.985220+00:00,Smartphones,Itel,66.14
10000975,itel P36,spreadtrum · 4 cores · 1.3 GHz,Not specified,1GB,16GB,6.5 inch · 1600×720 · 60Hz,5000 mAh capacity,Not specified,camera communication portable android 4G,https://www.kaggle.com/datasets/muzammilbaloch/smartphone-dataset,Kaggle smartphone-dataset (Apache-2.0),2026-08-05T06:07:04.985220+00:00,Smartphones,Itel,78.19
10000976,itel S16,unisoc · 4 cores · 1.3 GHz,Not specified,1GB,16GB,6.5 inch · 1600×720 · 60Hz,4000 mAh capacity,Not specified,camera communication portable android 4G,https://www.kaggle.com/datasets/muzammilbaloch/smartphone-dataset,Kaggle smartphone-dataset (Apache-2.0),2026-08-05T06:07:04.985220+00:00,Smartphones,Itel,72.17
10000977,itel S16 Pro,· 4 cores · 1.3 GHz,Not specified,2GB,32GB,6.6 inch · 1600×720 · 60Hz,4000 mAh capacity,Not specified,camera communication portable android 4G,https://www.kaggle.com/datasets/muzammilbaloch/smartphone-dataset,Kaggle smartphone-dataset (Apache-2.0),2026-08-05T06:07:04.985220+00:00,Smartphones,Itel,84.22
10000978,itel Vision 1 (3GB RAM + 32GB),unisoc · 8 cores · 1.6 GHz,Not specified,3GB,32GB,6.09 inch · 1520×720 · 60Hz,4000 mAh capacity,Not specified,camera communication portable android 4G,https://www.kaggle.com/datasets/muzammilbaloch/smartphone-dataset,Kaggle smartphone-dataset (Apache-2.0),2026-08-05T06:07:04.985220+00:00,Smartphones,Itel,70.96
10000979,itel Vision 3,unisoc · 8 cores · 1.6 GHz,Not specified,3GB,64GB,6.6 inch · 1612×720 · 60Hz,5000 mAh capacity,Not specified,camera communication portable android 4G,https://www.kaggle.com/datasets/muzammilbaloch/smartphone-dataset,Kaggle smartphone-dataset (Apache-2.0),2026-08-05T06:07:04.985220+00:00,Smartphones,Itel,80.71
10000980,itel Vision 3 (2GB RAM + 32GB),unisoc · 8 cores · 1.6 GHz,Not specified,2GB,32GB,6.6 inch · 1612×720 · 60Hz,5000 mAh capacity,Not specified,camera communication portable android 4G,https://www.kaggle.com/datasets/muzammilbaloch/smartphone-dataset,Kaggle smartphone-dataset (Apache-2.0),2026-08-05T06:07:04.985220+00:00,Smartphones,Itel,69.7
10000981,Jio JioPhone 5G,snapdragon · 8 cores · 2.2 GHz,Not specified,4GB,32GB,6.5 inch · 720×1600 · 90Hz,5000 mAh capacity,Not specified,camera communication portable android 5G,https://www.kaggle.com/datasets/muzammilbaloch/smartphone-dataset,Kaggle smartphone-dataset (Apache-2.0),2026-08-05T06:07:04.985220+00:00,Smartphones,Jio,144.46
10000982,Jio JioPhone Next,snapdragon · 4 cores · 1.3 GHz,Not specified,2GB,32GB,5.45 inch · 720×1440 · 60Hz,3500 mAh capacity,Not specified,camera communication portable android 4G,https://www.kaggle.com/datasets/muzammilbaloch/smartphone-dataset,Kaggle smartphone-dataset (Apache-2.0),2026-08-05T06:07:04.985220+00:00,Smartphones,Jio,56.01
10000983,Jio JioPhone Next (3GB RAM + 32GB),snapdragon · 4 cores · 1.3 GHz,Not specified,3GB,32GB,5.5 inch · 720×1440 · 60Hz,3000 mAh capacity,Not specified,camera communication portable android 4G,https://www.kaggle.com/datasets/muzammilbaloch/smartphone-dataset,Kaggle smartphone-dataset (Apache-2.0),2026-08-05T06:07:04.985220+00:00,Smartphones,Jio,90.35
10000984,Jio Phone 3,· 4 cores · 1.4 GHz,Not specified,2GB,64GB,5 inch · 720×1280 · 60Hz,2800 mAh capacity,Not specified,camera communication portable android 4G,https://www.kaggle.com/datasets/muzammilbaloch/smartphone-dataset,Kaggle smartphone-dataset (Apache-2.0),2026-08-05T06:07:04.985220+00:00,Smartphones,Jio,54.2
10000985,Lava Agni 5G,dimensity · 8 cores · 2.4 GHz,Not specified,8GB,128GB,6.78 inch · 1080×2460 · 90Hz,5000 mAh capacity,Not specified,camera communication portable android 5G,https://www.kaggle.com/datasets/muzammilbaloch/smartphone-dataset,Kaggle smartphone-dataset (Apache-2.0),2026-08-05T06:07:04.985220+00:00,Smartphones,Lava,216.75
10000986,Lava Blaze 5G,dimensity · 8 cores · 2.2 GHz,Not specified,4GB,128GB,6.5 inch · 1600×720 · 90Hz,5000 mAh capacity,Not specified,camera communication portable android 5G,https://www.kaggle.com/datasets/muzammilbaloch/smartphone-dataset,Kaggle smartphone-dataset (Apache-2.0),2026-08-05T06:07:04.985220+00:00,Smartphones,Lava,132.52
10000987,Lava Blaze NXT,helio · 8 cores · 2.3 GHz,Not specified,4GB,64GB,6.5 inch · 720×1600 · 60Hz,5000 mAh capacity,Not specified,camera communication portable android 4G,https://www.kaggle.com/datasets/muzammilbaloch/smartphone-dataset,Kaggle smartphone-dataset (Apache-2.0),2026-08-05T06:07:04.985220+00:00,Smartphones,Lava,108.42
10000988,Lava X3,helio · 4 cores · 2 GHz,Not specified,3GB,32GB,6.5 inch · 1600×720 · 60Hz,4000 mAh capacity,Not specified,camera communication portable android 4G,https://www.kaggle.com/datasets/muzammilbaloch/smartphone-dataset,Kaggle smartphone-dataset (Apache-2.0),2026-08-05T06:07:04.985220+00:00,Smartphones,Lava,84.33
10000989,LeEco S1 Pro,tiger · 4 cores · 1.8 GHz,Not specified,8GB,128GB,6.5 inch · 720×1600 · 60Hz,5000 mAh capacity,Not specified,camera communication portable android 4G,https://www.kaggle.com/datasets/muzammilbaloch/smartphone-dataset,Kaggle smartphone-dataset (Apache-2.0),2026-08-05T06:07:04.985220+00:00,Smartphones,Leeco,132.52
10000990,Leitz Phone 2,snapdragon · 8 cores · 3 GHz,Not specified,12GB,256GB,6.6 inch · 1260×2730 · 240Hz,5000 mAh capacity,Not specified,camera communication portable android 5G,https://www.kaggle.com/datasets/muzammilbaloch/smartphone-dataset,Kaggle smartphone-dataset (Apache-2.0),2026-08-05T06:07:04.985220+00:00,Smartphones,Leitz,1505.9
10000991,Lenovo Legion Pro 2,snapdragon · 8 cores · 2.84 GHz,Not specified,16GB,512GB,6.5 inch · 1080×2400 · 144Hz,5000 mAh capacity,Not specified,camera communication portable android 5G,https://www.kaggle.com/datasets/muzammilbaloch/smartphone-dataset,Kaggle smartphone-dataset (Apache-2.0),2026-08-05T06:07:04.985220+00:00,Smartphones,Lenovo,722.88
10000992,Lenovo Legion Y90,snapdragon · 8 cores · 3 GHz,Not specified,12GB,256GB,6.92 inch · 1080×2460 · 144Hz,5600 mAh capacity,Not specified,camera communication portable android 5G,https://www.kaggle.com/datasets/muzammilbaloch/smartphone-dataset,Kaggle smartphone-dataset (Apache-2.0),2026-08-05T06:07:04.985220+00:00,Smartphones,Lenovo,566.14
10000993,Letv Y1 Pro,tiger · 4 cores · 2 GHz,Not specified,4GB,32GB,6.54 inch · 720×1560 · 60Hz,4000 mAh capacity,Not specified,camera communication portable android 4G,https://www.kaggle.com/datasets/muzammilbaloch/smartphone-dataset,Kaggle smartphone-dataset (Apache-2.0),2026-08-05T06:07:04.985220+00:00,Smartphones,Letv,66.25
10000994,Letv Y1 Pro Plus,tiger · 4 cores · 1.8 GHz,Not specified,6GB,64GB,6.5 inch · 720×1560 · 60Hz,4000 mAh capacity,Not specified,camera communication portable android 4G,https://www.kaggle.com/datasets/muzammilbaloch/smartphone-dataset,Kaggle smartphone-dataset (Apache-2.0),2026-08-05T06:07:04.985220+00:00,Smartphones,Letv,72.28
10000995,Letv Y2 Pro,unisoc · 8 cores · GHz,Not specified,4GB,32GB,6.5 inch · 720×1560 · 60Hz,4000 mAh capacity,Not specified,camera communication portable android 4G,https://www.kaggle.com/datasets/muzammilbaloch/smartphone-dataset,Kaggle smartphone-dataset (Apache-2.0),2026-08-05T06:07:04.985220+00:00,Smartphones,Letv,84.33
10000996,LG V60 ThinQ,snapdragon · 8 cores · 2.84 GHz,Not specified,8GB,128GB,6.8 inch · 1080×2460 · 60Hz,5000 mAh capacity,Not specified,camera communication portable 5G,https://www.kaggle.com/datasets/muzammilbaloch/smartphone-dataset,Kaggle smartphone-dataset (Apache-2.0),2026-08-05T06:07:04.985220+00:00,Smartphones,Lg,963.73
10000997,LG Velvet 5G,snapdragon · 8 cores · 2.4 GHz,Not specified,6GB,128GB,6.8 inch · 1080×2460 · 60Hz,4300 mAh capacity,Not specified,camera communication portable android 5G,https://www.kaggle.com/datasets/muzammilbaloch/smartphone-dataset,Kaggle smartphone-dataset (Apache-2.0),2026-08-05T06:07:04.985220+00:00,Smartphones,Lg,662.64
10000998,LG Wing 5G,snapdragon · 8 cores · 2.4 GHz,Not specified,8GB,128GB,6.8 inch · 1080×2460 · 60Hz,4000 mAh capacity,Not specified,camera communication portable 5G,https://www.kaggle.com/datasets/muzammilbaloch/smartphone-dataset,Kaggle smartphone-dataset (Apache-2.0),2026-08-05T06:07:04.985220+00:00,Smartphones,Lg,662.64
10000999,Lyf Earth 1,snapdragon · 8 cores · 1.5 GHz,Not specified,3GB,32GB,5.5 inch · 1080×1920 · 60Hz,3500 mAh capacity,Not specified,camera communication portable android 4G,https://www.kaggle.com/datasets/muzammilbaloch/smartphone-dataset,Kaggle smartphone-dataset (Apache-2.0),2026-08-05T06:07:04.985220+00:00,Smartphones,Lyf,48.07
10001000,Lyf Earth 2,snapdragon · 8 cores · 1.5 GHz,Not specified,3GB,32GB,5 inch · 1080×1920 · 60Hz,2500 mAh capacity,Not specified,camera communication portable android 4G,https://www.kaggle.com/datasets/muzammilbaloch/smartphone-dataset,Kaggle smartphone-dataset (Apache-2.0),2026-08-05T06:07:04.985220+00:00,Smartphones,Lyf,46.87
10001001,Micromax IN 2B,unisoc · 8 cores · 1.8 GHz,Not specified,4GB,64GB,6.52 inch · 720×1600 · 60Hz,5000 mAh capacity,Not specified,camera communication portable android 4G,https://www.kaggle.com/datasets/muzammilbaloch/smartphone-dataset,Kaggle smartphone-dataset (Apache-2.0),2026-08-05T06:07:04.985220+00:00,Smartphones,Micromax,84.33
10001002,Micromax IN 2B (6GB RAM + 64GB),unisoc · 8 cores · 1.8 GHz,Not specified,6GB,64GB,6.52 inch · 720×1600 · 60Hz,5000 mAh capacity,Not specified,camera communication portable android 4G,https://www.kaggle.com/datasets/muzammilbaloch/smartphone-dataset,Kaggle smartphone-dataset (Apache-2.0),2026-08-05T06:07:04.985220+00:00,Smartphones,Micromax,93.86
10001003,Micromax IN 2C,tiger · 8 cores · 1.8 GHz,Not specified,3GB,32GB,6.52 inch · 720×1600 · 60Hz,5000 mAh capacity,Not specified,camera communication portable android 4G,https://www.kaggle.com/datasets/muzammilbaloch/smartphone-dataset,Kaggle smartphone-dataset (Apache-2.0),2026-08-05T06:07:04.985220+00:00,Smartphones,Micromax,72.28
10001004,Motorola Edge 20 Fusion 5G,dimensity · 8 cores · 2.4 GHz,Not specified,6GB,128GB,6.67 inch · 1080×2400 · 90Hz,5000 mAh capacity,Not specified,camera communication portable android 5G,https://www.kaggle.com/datasets/muzammilbaloch/smartphone-dataset,Kaggle smartphone-dataset (Apache-2.0),2026-08-05T06:07:04.985220+00:00,Smartphones,Motorola,228.9
10001005,Motorola Edge 30 5G,snapdragon · 8 cores · 2.5 GHz,Not specified,6GB,128GB,6.5 inch · 1080×2400 · 144Hz,4020 mAh capacity,Not specified,camera communication portable android 5G,https://www.kaggle.com/datasets/muzammilbaloch/smartphone-dataset,Kaggle smartphone-dataset (Apache-2.0),2026-08-05T06:07:04.985220+00:00,Smartphones,Motorola,277.1
10001006,Motorola Edge 30 5G (8GB RAM + 128GB),snapdragon · 8 cores · 2.5 GHz,Not specified,8GB,128GB,6.5 inch · 1080×2400 · 144Hz,4020 mAh capacity,Not specified,camera communication portable android 5G,https://www.kaggle.com/datasets/muzammilbaloch/smartphone-dataset,Kaggle smartphone-dataset (Apache-2.0),2026-08-05T06:07:04.985220+00:00,Smartphones,Motorola,301.19
10001007,Motorola Edge 30 Fusion 5G,snapdragon · 8 cores · 2.9 GHz,Not specified,8GB,128GB,6.55 inch · 1080×2400 · 144Hz,4400 mAh capacity,Not specified,camera communication portable android 5G,https://www.kaggle.com/datasets/muzammilbaloch/smartphone-dataset,Kaggle smartphone-dataset (Apache-2.0),2026-08-05T06:07:04.985220+00:00,Smartphones,Motorola,481.92
10001008,Motorola Edge 30 Pro 5G,snapdragon · 8 cores · 3 GHz,Not specified,8GB,128GB,6.7 inch · 1080×2400 · 144Hz,4800 mAh capacity,Not specified,camera communication portable android 5G,https://www.kaggle.com/datasets/muzammilbaloch/smartphone-dataset,Kaggle smartphone-dataset (Apache-2.0),2026-08-05T06:07:04.985220+00:00,Smartphones,Motorola,421.67
10001009,Motorola Edge 30 Ultra,snapdragon · 8 cores · 3.2 GHz,Not specified,8GB,128GB,6.67 inch · 1080×2400 · 144Hz,4610 mAh capacity,Not specified,camera communication portable android 5G,https://www.kaggle.com/datasets/muzammilbaloch/smartphone-dataset,Kaggle smartphone-dataset (Apache-2.0),2026-08-05T06:07:04.985220+00:00,Smartphones,Motorola,662.64
10001010,Motorola Edge 30 Ultra (12GB RAM + 256GB),snapdragon · 8 cores · 3.2 GHz,Not specified,12GB,256GB,6.67 inch · 1080×2400 · 144Hz,4610 mAh capacity,Not specified,camera communication portable android 5G,https://www.kaggle.com/datasets/muzammilbaloch/smartphone-dataset,Kaggle smartphone-dataset (Apache-2.0),2026-08-05T06:07:04.985220+00:00,Smartphones,Motorola,722.88
10001011,Motorola Edge 40 5G,snapdragon · 8 cores · 2.36 GHz,Not specified,8GB,128GB,6.5 inch · 1080×2412 · 144Hz,4200 mAh capacity,Not specified,camera communication portable android 5G,https://www.kaggle.com/datasets/muzammilbaloch/smartphone-dataset,Kaggle smartphone-dataset (Apache-2.0),2026-08-05T06:07:04.985220+00:00,Smartphones,Motorola,421.67
10001012,Motorola Edge 40 Fusion,snapdragon · 8 cores · 3.2 GHz,Not specified,8GB,128GB,6.67 inch · 1080×2400 · 144Hz,4500 mAh capacity,Not specified,camera communication portable android 5G,https://www.kaggle.com/datasets/muzammilbaloch/smartphone-dataset,Kaggle smartphone-dataset (Apache-2.0),2026-08-05T06:07:04.985220+00:00,Smartphones,Motorola,517.95
10001013,Motorola Edge 40 Pro 5G,snapdragon · 8 cores · 3.2 GHz,Not specified,8GB,128GB,6.7 inch · 1080×2460 · 165Hz,4800 mAh capacity,Not specified,camera communication portable android 5G,https://www.kaggle.com/datasets/muzammilbaloch/smartphone-dataset,Kaggle smartphone-dataset (Apache-2.0),2026-08-05T06:07:04.985220+00:00,Smartphones,Motorola,722.77
10001014,Motorola Edge Plus,snapdragon · 8 cores · 2.84 GHz,Not specified,12GB,256GB,6.7 inch · 1080×2340 · 90Hz,5000 mAh capacity,Not specified,camera communication portable android 5G,https://www.kaggle.com/datasets/muzammilbaloch/smartphone-dataset,Kaggle smartphone-dataset (Apache-2.0),2026-08-05T06:07:04.985220+00:00,Smartphones,Motorola,698.78
10001015,Motorola Edge S,snapdragon · 8 cores · 3.2 GHz,Not specified,6GB,128GB,6.7 inch · 1080×2520 · 90Hz,5000 mAh capacity,Not specified,camera communication portable android 5G,https://www.kaggle.com/datasets/muzammilbaloch/smartphone-dataset,Kaggle smartphone-dataset (Apache-2.0),2026-08-05T06:07:04.985220+00:00,Smartphones,Motorola,270.96
10001016,Motorola Moto E13,tiger · 8 cores · 2 GHz,Not specified,2GB,64GB,6.5 inch · 720×1600 · 60Hz,5000 mAh capacity,Not specified,camera communication portable android 4G,https://www.kaggle.com/datasets/muzammilbaloch/smartphone-dataset,Kaggle smartphone-dataset (Apache-2.0),2026-08-05T06:07:04.985220+00:00,Smartphones,Motorola,126.49
10001017,Motorola Moto E22s,helio · 8 cores · 2.3 GHz,Not specified,4GB,64GB,6.5 inch · 720×1600 · 90Hz,5000 mAh capacity,Not specified,camera communication portable android 4G,https://www.kaggle.com/datasets/muzammilbaloch/smartphone-dataset,Kaggle smartphone-dataset (Apache-2.0),2026-08-05T06:07:04.985220+00:00,Smartphones,Motorola,108.7
10001018,Motorola Moto E32,helio · 8 cores · 2.3 GHz,Not specified,4GB,64GB,6.5 inch · 720×1600 · 90Hz,5000 mAh capacity,Not specified,camera communication portable android 4G,https://www.kaggle.com/datasets/muzammilbaloch/smartphone-dataset,Kaggle smartphone-dataset (Apache-2.0),2026-08-05T06:07:04.985220+00:00,Smartphones,Motorola,108.42
10001019,Motorola Moto E32s,helio · 8 cores · 1.8 GHz,Not specified,3GB,32GB,6.5 inch · 720×1600 · 90Hz,5000 mAh capacity,Not specified,camera communication portable android 4G,https://www.kaggle.com/datasets/muzammilbaloch/smartphone-dataset,Kaggle smartphone-dataset (Apache-2.0),2026-08-05T06:07:04.985220+00:00,Smartphones,Motorola,96.27
10001020,Motorola Moto E32s (4GB RAM + 64GB),helio · 8 cores · 1.8 GHz,Not specified,4GB,64GB,6.5 inch · 720×1600 · 90Hz,5000 mAh capacity,Not specified,camera communication portable android 4G,https://www.kaggle.com/datasets/muzammilbaloch/smartphone-dataset,Kaggle smartphone-dataset (Apache-2.0),2026-08-05T06:07:04.985220+00:00,Smartphones,Motorola,106.73
10001021,Motorola Moto E40,tiger · 8 cores · 1.8 GHz,Not specified,4GB,64GB,6.5 inch · 720×1600 · 90Hz,5000 mAh capacity,Not specified,camera communication portable android 4G,https://www.kaggle.com/datasets/muzammilbaloch/smartphone-dataset,Kaggle smartphone-dataset (Apache-2.0),2026-08-05T06:07:04.985220+00:00,Smartphones,Motorola,96.37
10001022,Motorola Moto Edge 30 Neo,snapdragon · 8 cores · 2.2 GHz,Not specified,8GB,128GB,6.28 inch · 1080×2400 · 120Hz,4020 mAh capacity,Not specified,camera communication portable android 5G,https://www.kaggle.com/datasets/muzammilbaloch/smartphone-dataset,Kaggle smartphone-dataset (Apache-2.0),2026-08-05T06:07:04.985220+00:00,Smartphones,Motorola,385.42
10001023,Motorola Moto Edge S30 5G,snapdragon · 8 cores · 2.9 GHz,Not specified,6GB,128GB,6.8 inch · 1080×2460 · 144Hz,5000 mAh capacity,Not specified,camera communication portable android 5G,https://www.kaggle.com/datasets/muzammilbaloch/smartphone-dataset,Kaggle smartphone-dataset (Apache-2.0),2026-08-05T06:07:04.985220+00:00,Smartphones,Motorola,289.04
10001024,Motorola Moto Edge S30 Pro,snapdragon · 8 cores · 3 GHz,Not specified,8GB,128GB,6.67 inch · 1080×2460 · 120Hz,5000 mAh capacity,Not specified,camera communication portable android 5G,https://www.kaggle.com/datasets/muzammilbaloch/smartphone-dataset,Kaggle smartphone-dataset (Apache-2.0),2026-08-05T06:07:04.985220+00:00,Smartphones,Motorola,421.57
10001025,Motorola Moto Edge X30 Pro,snapdragon · 8 cores · 3.2 GHz,Not specified,8GB,128GB,6.67 inch · 1080×2340 · 144Hz,4450 mAh capacity,Not specified,camera communication portable android 5G,https://www.kaggle.com/datasets/muzammilbaloch/smartphone-dataset,Kaggle smartphone-dataset (Apache-2.0),2026-08-05T06:07:04.985220+00:00,Smartphones,Motorola,722.77
10001026,Motorola Moto G 5G,snapdragon · 8 cores · 2.2 GHz,Not specified,6GB,128GB,6.67 inch · 1080×2400 · 60Hz,5000 mAh capacity,Not specified,camera communication portable android 5G,https://www.kaggle.com/datasets/muzammilbaloch/smartphone-dataset,Kaggle smartphone-dataset (Apache-2.0),2026-08-05T06:07:04.985220+00:00,Smartphones,Motorola,240.84
10001027,Motorola Moto G13,helio · 8 cores · 2 GHz,Not specified,4GB,128GB,6.5 inch · 720×1600 · 90Hz,5000 mAh capacity,Not specified,camera communication portable android 4G,https://www.kaggle.com/datasets/muzammilbaloch/smartphone-dataset,Kaggle smartphone-dataset (Apache-2.0),2026-08-05T06:07:04.985220+00:00,Smartphones,Motorola,192.76
10001028,Motorola Moto G22,helio · 8 cores · 2.3 GHz,Not specified,4GB,64GB,6.53 inch · 720×1600 · 90Hz,5000 mAh capacity,Not specified,camera communication portable android 4G,https://www.kaggle.com/datasets/muzammilbaloch/smartphone-dataset,Kaggle smartphone-dataset (Apache-2.0),2026-08-05T06:07:04.985220+00:00,Smartphones,Motorola,114.45
10001029,Motorola Moto G23,helio · 8 cores · 2 GHz,Not specified,4GB,128GB,6.5 inch · 720×1600 · 90Hz,5000 mAh capacity,Not specified,camera communication portable android 4G,https://www.kaggle.com/datasets/muzammilbaloch/smartphone-dataset,Kaggle smartphone-dataset (Apache-2.0),2026-08-05T06:07:04.985220+00:00,Smartphones,Motorola,240.95
10001030,Motorola Moto G31,helio · 8 cores · 2 GHz,Not specified,4GB,64GB,6.47 inch · 1080×2400 · 60Hz,5000 mAh capacity,Not specified,camera communication portable android 4G,https://www.kaggle.com/datasets/muzammilbaloch/smartphone-dataset,Kaggle smartphone-dataset (Apache-2.0),2026-08-05T06:07:04.985220+00:00,Smartphones,Motorola,120.47
10001031,Motorola Moto G31 (6GB RAM+ 128GB),helio · 8 cores · 2 GHz,Not specified,6GB,128GB,6.47 inch · 1080×2400 · 60Hz,5000 mAh capacity,Not specified,camera communication portable android 4G,https://www.kaggle.com/datasets/muzammilbaloch/smartphone-dataset,Kaggle smartphone-dataset (Apache-2.0),2026-08-05T06:07:04.985220+00:00,Smartphones,Motorola,144.57
10001032,Motorola Moto G32,snapdragon · 8 cores · 2.4 GHz,Not specified,4GB,64GB,6.55 inch · 1080×2400 · 90Hz,5000 mAh capacity,Not specified,camera communication portable android 4G,https://www.kaggle.com/datasets/muzammilbaloch/smartphone-dataset,Kaggle smartphone-dataset (Apache-2.0),2026-08-05T06:07:04.985220+00:00,Smartphones,Motorola,126.49
10001033,Motorola Moto G40 Fusion,snapdragon · 8 cores · 2.3 GHz,Not specified,4GB,64GB,6.78 inch · 1080×2460 · 120Hz,6000 mAh capacity,Not specified,camera communication portable android 4G,https://www.kaggle.com/datasets/muzammilbaloch/smartphone-dataset,Kaggle smartphone-dataset (Apache-2.0),2026-08-05T06:07:04.985220+00:00,Smartphones,Motorola,174.69
10001034,Motorola Moto G42,snapdragon · 8 cores · 2.4 GHz,Not specified,4GB,64GB,6.47 inch · 1080×2400 · 60Hz,5000 mAh capacity,Not specified,camera communication portable android 4G,https://www.kaggle.com/datasets/muzammilbaloch/smartphone-dataset,Kaggle smartphone-dataset (Apache-2.0),2026-08-05T06:07:04.985220+00:00,Smartphones,Motorola,132.52
10001035,Motorola Moto G51 5G,snapdragon · 8 cores · 2.2 GHz,Not specified,4GB,64GB,6.8 inch · 1080×2400 · 120Hz,5000 mAh capacity,Not specified,camera communication portable android 5G,https://www.kaggle.com/datasets/muzammilbaloch/smartphone-dataset,Kaggle smartphone-dataset (Apache-2.0),2026-08-05T06:07:04.985220+00:00,Smartphones,Motorola,156.61
10001036,Motorola Moto G52,snapdragon · 8 cores · 2.4 GHz,Not specified,4GB,64GB,6.6 inch · 2460×1080 · 90Hz,5000 mAh capacity,Not specified,camera communication portable android 4G,https://www.kaggle.com/datasets/muzammilbaloch/smartphone-dataset,Kaggle smartphone-dataset (Apache-2.0),2026-08-05T06:07:04.985220+00:00,Smartphones,Motorola,144.57
10001037,Motorola Moto G52 (6GB RAM + 128GB),snapdragon · 8 cores · 2.4 GHz,Not specified,6GB,128GB,6.6 inch · 2460×1080 · 90Hz,5000 mAh capacity,Not specified,camera communication portable android 4G,https://www.kaggle.com/datasets/muzammilbaloch/smartphone-dataset,Kaggle smartphone-dataset (Apache-2.0),2026-08-05T06:07:04.985220+00:00,Smartphones,Motorola,156.61
10001038,Motorola Moto G52 5G,snapdragon · 8 cores · 2.2 GHz,Not specified,4GB,64GB,6.6 inch · 2460×1080 · 90Hz,5000 mAh capacity,Not specified,camera communication portable android 5G,https://www.kaggle.com/datasets/muzammilbaloch/smartphone-dataset,Kaggle smartphone-dataset (Apache-2.0),2026-08-05T06:07:04.985220+00:00,Smartphones,Motorola,204.81
10001039,Motorola Moto G53,snapdragon · 8 cores · 2.2 GHz,Not specified,4GB,128GB,6.5 inch · 720×1600 · 120Hz,5000 mAh capacity,Not specified,camera communication portable android 5G,https://www.kaggle.com/datasets/muzammilbaloch/smartphone-dataset,Kaggle smartphone-dataset (Apache-2.0),2026-08-05T06:07:04.985220+00:00,Smartphones,Motorola,265.05
10001040,Motorola Moto G60,snapdragon · 8 cores · 2.3 GHz,Not specified,6GB,128GB,6.78 inch · 1080×2460 · 120Hz,6000 mAh capacity,Not specified,camera communication portable android 4G,https://www.kaggle.com/datasets/muzammilbaloch/smartphone-dataset,Kaggle smartphone-dataset (Apache-2.0),2026-08-05T06:07:04.985220+00:00,Smartphones,Motorola,192.76
10001041,Motorola Moto G62 (8GB RAM + 128GB),snapdragon · 8 cores · 2.2 GHz,Not specified,8GB,128GB,6.55 inch · 1080×2400 · 120Hz,5000 mAh capacity,Not specified,camera communication portable android 5G,https://www.kaggle.com/datasets/muzammilbaloch/smartphone-dataset,Kaggle smartphone-dataset (Apache-2.0),2026-08-05T06:07:04.985220+00:00,Smartphones,Motorola,198.78
10001042,Motorola Moto G62 5G,snapdragon · 8 cores · 2.2 GHz,Not specified,6GB,128GB,6.55 inch · 1080×2400 · 120Hz,5000 mAh capacity,Not specified,camera communication portable android 5G,https://www.kaggle.com/datasets/muzammilbaloch/smartphone-dataset,Kaggle smartphone-dataset (Apache-2.0),2026-08-05T06:07:04.985220+00:00,Smartphones,Motorola,180.71
10001043,Motorola Moto G71 5G,snapdragon · 8 cores · 2.2 GHz,Not specified,6GB,128GB,6.4 inch · 1080×2400 · 60Hz,5000 mAh capacity,Not specified,camera communication portable android 5G,https://www.kaggle.com/datasets/muzammilbaloch/smartphone-dataset,Kaggle smartphone-dataset (Apache-2.0),2026-08-05T06:07:04.985220+00:00,Smartphones,Motorola,204.81
10001044,Motorola Moto G72,snapdragon · 8 cores · 2.2 GHz,Not specified,6GB,128GB,6.5 inch · 1080×2400 · 120Hz,5000 mAh capacity,Not specified,camera communication portable android 5G,https://www.kaggle.com/datasets/muzammilbaloch/smartphone-dataset,Kaggle smartphone-dataset (Apache-2.0),2026-08-05T06:07:04.985220+00:00,Smartphones,Motorola,240.84
10001045,Motorola Moto G72 4G,helio · 8 cores · 2.2 GHz,Not specified,6GB,128GB,6.55 inch · 1080×2400 · 120Hz,5000 mAh capacity,Not specified,camera communication portable android 4G,https://www.kaggle.com/datasets/muzammilbaloch/smartphone-dataset,Kaggle smartphone-dataset (Apache-2.0),2026-08-05T06:07:04.985220+00:00,Smartphones,Motorola,192.76
10001046,Motorola Moto G73,dimensity · 8 cores · 2.2 GHz,Not specified,8GB,256GB,6.5 inch · 1080×2400 · 120Hz,5000 mAh capacity,Not specified,camera communication portable android 5G,https://www.kaggle.com/datasets/muzammilbaloch/smartphone-dataset,Kaggle smartphone-dataset (Apache-2.0),2026-08-05T06:07:04.985220+00:00,Smartphones,Motorola,313.24
10001047,Motorola Moto G82 (8GB RAM + 128GB),snapdragon · 8 cores · 2.2 GHz,Not specified,8GB,128GB,6.6 inch · 1080×2400 · 120Hz,5000 mAh capacity,Not specified,camera communication portable android 5G,https://www.kaggle.com/datasets/muzammilbaloch/smartphone-dataset,Kaggle smartphone-dataset (Apache-2.0),2026-08-05T06:07:04.985220+00:00,Smartphones,Motorola,246.98
10001048,Motorola Moto G82 5G,snapdragon · 8 cores · 2.2 GHz,Not specified,6GB,128GB,6.6 inch · 1080×2400 · 120Hz,5000 mAh capacity,Not specified,camera communication portable android 5G,https://www.kaggle.com/datasets/muzammilbaloch/smartphone-dataset,Kaggle smartphone-dataset (Apache-2.0),2026-08-05T06:07:04.985220+00:00,Smartphones,Motorola,228.9
10001049,Motorola Moto G91 5G,snapdragon · 8 cores · 2.2 GHz,Not specified,6GB,128GB,6.8 inch · 1080×2400 · 60Hz,5000 mAh capacity,Not specified,camera communication portable android 5G,https://www.kaggle.com/datasets/muzammilbaloch/smartphone-dataset,Kaggle smartphone-dataset (Apache-2.0),2026-08-05T06:07:04.985220+00:00,Smartphones,Motorola,240.84
10001050,Motorola Moto S30 Pro,snapdragon · 8 cores · 2.9 GHz,Not specified,8GB,128GB,6.55 inch · 1080×2460 · 144Hz,4400 mAh capacity,Not specified,camera communication portable android 5G,https://www.kaggle.com/datasets/muzammilbaloch/smartphone-dataset,Kaggle smartphone-dataset (Apache-2.0),2026-08-05T06:07:04.985220+00:00,Smartphones,Motorola,289.04
10001051,Motorola Moto X30 Pro,snapdragon · 8 cores · 3.2 GHz,Not specified,8GB,128GB,6.67 inch · 1080×2400 · 144Hz,4450 mAh capacity,Not specified,camera communication portable android 5G,https://www.kaggle.com/datasets/muzammilbaloch/smartphone-dataset,Kaggle smartphone-dataset (Apache-2.0),2026-08-05T06:07:04.985220+00:00,Smartphones,Motorola,505.9
10001052,Motorola Moto X40,snapdragon · 8 cores · 3.2 GHz,Not specified,8GB,128GB,6.7 inch · 1080×2400 · 165Hz,4600 mAh capacity,Not specified,camera communication portable android 5G,https://www.kaggle.com/datasets/muzammilbaloch/smartphone-dataset,Kaggle smartphone-dataset (Apache-2.0),2026-08-05T06:07:04.985220+00:00,Smartphones,Motorola,481.92
10001053,Motorola One Fusion Plus,snapdragon · 8 cores · 2.2 GHz,Not specified,6GB,128GB,6.5 inch · 1080×2340 · 60Hz,5000 mAh capacity,Not specified,camera communication portable android 4G,https://www.kaggle.com/datasets/muzammilbaloch/smartphone-dataset,Kaggle smartphone-dataset (Apache-2.0),2026-08-05T06:07:04.985220+00:00,Smartphones,Motorola,234.93
10001054,Motorola One Macro,helio · 8 cores · 2 GHz,Not specified,4GB,64GB,6.2 inch · 720×1520 · 60Hz,4000 mAh capacity,Not specified,camera communication portable android 4G,https://www.kaggle.com/datasets/muzammilbaloch/smartphone-dataset,Kaggle smartphone-dataset (Apache-2.0),2026-08-05T06:07:04.985220+00:00,Smartphones,Motorola,138.43
10001055,Motorola ThinkPhone,snapdragon · 8 cores · 3.2 GHz,Not specified,8GB,128GB,6.6 inch · 1080×2400 · 144Hz,5000 mAh capacity,Not specified,camera communication portable android 5G,https://www.kaggle.com/datasets/muzammilbaloch/smartphone-dataset,Kaggle smartphone-dataset (Apache-2.0),2026-08-05T06:07:04.985220+00:00,Smartphones,Motorola,602.29
10001056,Nokia C01 Plus,unisoc · 8 cores · 1.6 GHz,Not specified,2GB,16GB,5.45 inch · 720×1440 · 60Hz,3000 mAh capacity,Not specified,camera communication portable android 4G,https://www.kaggle.com/datasets/muzammilbaloch/smartphone-dataset,Kaggle smartphone-dataset (Apache-2.0),2026-08-05T06:07:04.985220+00:00,Smartphones,Nokia,63.24
10001057,Nokia C21 Plus (4GB RAM + 64GB),unisoc · 8 cores · 1.6 GHz,Not specified,4GB,64GB,6.52 inch · 720×1600 · 60Hz,5050 mAh capacity,Not specified,camera communication portable android 4G,https://www.kaggle.com/datasets/muzammilbaloch/smartphone-dataset,Kaggle smartphone-dataset (Apache-2.0),2026-08-05T06:07:04.985220+00:00,Smartphones,Nokia,108.42
10001058,Nokia C31,unisoc · 8 cores · 1.6 GHz,Not specified,3GB,32GB,6.74 inch · 720×1600 · 60Hz,5050 mAh capacity,Not specified,camera communication portable android 4G,https://www.kaggle.com/datasets/muzammilbaloch/smartphone-dataset,Kaggle smartphone-dataset (Apache-2.0),2026-08-05T06:07:04.985220+00:00,Smartphones,Nokia,114.45
10001059,Nokia G11 Plus,unisoc · 8 cores · 1.6 GHz,Not specified,4GB,64GB,6.52 inch · 720×1600 · 90Hz,5000 mAh capacity,Not specified,camera communication portable android 4G,https://www.kaggle.com/datasets/muzammilbaloch/smartphone-dataset,Kaggle smartphone-dataset (Apache-2.0),2026-08-05T06:07:04.985220+00:00,Smartphones,Nokia,126.49
10001060,Nokia G21,unisoc · 8 cores · 1.6 GHz,Not specified,4GB,64GB,6.5 inch · 720×1600 · 90Hz,5050 mAh capacity,Not specified,camera communication portable android 4G,https://www.kaggle.com/datasets/muzammilbaloch/smartphone-dataset,Kaggle smartphone-dataset (Apache-2.0),2026-08-05T06:07:04.985220+00:00,Smartphones,Nokia,144.57
10001061,Nokia G21 (6GB RAM + 128GB),unisoc · 8 cores · 1.6 GHz,Not specified,6GB,128GB,6.5 inch · 720×1600 · 90Hz,5050 mAh capacity,Not specified,camera communication portable android 4G,https://www.kaggle.com/datasets/muzammilbaloch/smartphone-dataset,Kaggle smartphone-dataset (Apache-2.0),2026-08-05T06:07:04.985220+00:00,Smartphones,Nokia,162.64
10001062,Nokia G60,snapdragon · 8 cores · 2.2 GHz,Not specified,6GB,128GB,6.58 inch · 1080×2400 · 120Hz,4500 mAh capacity,Not specified,camera communication portable android 5G,https://www.kaggle.com/datasets/muzammilbaloch/smartphone-dataset,Kaggle smartphone-dataset (Apache-2.0),2026-08-05T06:07:04.985220+00:00,Smartphones,Nokia,343.35
10001063,Nokia N73 5G,snapdragon · 8 cores · 3 GHz,Not specified,12GB,256GB,6.9 inch · 1400×3200 · 120Hz,6000 mAh capacity,Not specified,camera communication portable android 5G,https://www.kaggle.com/datasets/muzammilbaloch/smartphone-dataset,Kaggle smartphone-dataset (Apache-2.0),2026-08-05T06:07:04.985220+00:00,Smartphones,Nokia,566.25
10001064,Nokia X100 5G,snapdragon · 8 cores · 2 GHz,Not specified,6GB,128GB,6.67 inch · 1080×2400 · 60Hz,4470 mAh capacity,Not specified,camera communication portable android 5G,https://www.kaggle.com/datasets/muzammilbaloch/smartphone-dataset,Kaggle smartphone-dataset (Apache-2.0),2026-08-05T06:07:04.985220+00:00,Smartphones,Nokia,216.75
10001065,Nokia X30,snapdragon · 8 cores · 2.2 GHz,Not specified,6GB,128GB,6.43 inch · 1080×2400 · 90Hz,4200 mAh capacity,Not specified,camera communication portable android 5G,https://www.kaggle.com/datasets/muzammilbaloch/smartphone-dataset,Kaggle smartphone-dataset (Apache-2.0),2026-08-05T06:07:04.985220+00:00,Smartphones,Nokia,505.9
10001066,Nokia X50 5G,snapdragon · cores · GHz,Not specified,6GB,64GB,6.81 inch · 1080×2400 · 60Hz,6000 mAh capacity,Not specified,camera communication portable android 5G,https://www.kaggle.com/datasets/muzammilbaloch/smartphone-dataset,Kaggle smartphone-dataset (Apache-2.0),2026-08-05T06:07:04.985220+00:00,Smartphones,Nokia,421.67
10001067,Nokia X60 5G,snapdragon · 8 cores · 3.2 GHz,Not specified,6GB,128GB,6.51 inch · 1080×2400 · 144Hz,6000 mAh capacity,Not specified,camera communication portable other 5G,https://www.kaggle.com/datasets/muzammilbaloch/smartphone-dataset,Kaggle smartphone-dataset (Apache-2.0),2026-08-05T06:07:04.985220+00:00,Smartphones,Nokia,481.81
10001068,Nokia X60 Pro 5G,snapdragon · 8 cores · 3.2 GHz,Not specified,8GB,128GB,6.51 inch · 1080×2408 · 144Hz,6000 mAh capacity,Not specified,camera communication portable android 5G,https://www.kaggle.com/datasets/muzammilbaloch/smartphone-dataset,Kaggle smartphone-dataset (Apache-2.0),2026-08-05T06:07:04.985220+00:00,Smartphones,Nokia,602.29
10001069,Nothing Phone 1,snapdragon · 8 cores · 2.5 GHz,Not specified,8GB,128GB,6.55 inch · 1080×2400 · 120Hz,4500 mAh capacity,Not specified,camera communication portable android 5G,https://www.kaggle.com/datasets/muzammilbaloch/smartphone-dataset,Kaggle smartphone-dataset (Apache-2.0),2026-08-05T06:07:04.985220+00:00,Smartphones,Nothing,322.28
10001070,Nothing Phone 1 (12GB RAM + 256GB),snapdragon · 8 cores · 2.5 GHz,Not specified,12GB,256GB,6.55 inch · 1080×2400 · 120Hz,4500 mAh capacity,Not specified,camera communication portable android 5G,https://www.kaggle.com/datasets/muzammilbaloch/smartphone-dataset,Kaggle smartphone-dataset (Apache-2.0),2026-08-05T06:07:04.985220+00:00,Smartphones,Nothing,433.72
10001071,Nothing Phone 1 (8GB RAM + 256GB),snapdragon · 8 cores · 2.5 GHz,Not specified,8GB,256GB,6.55 inch · 1080×2400 · 120Hz,4500 mAh capacity,Not specified,camera communication portable android 5G,https://www.kaggle.com/datasets/muzammilbaloch/smartphone-dataset,Kaggle smartphone-dataset (Apache-2.0),2026-08-05T06:07:04.985220+00:00,Smartphones,Nothing,340.35
10001072,Nothing Phone 1 Lite,snapdragon · 8 cores · 2.5 GHz,Not specified,6GB,128GB,6.55 inch · 1080×2400 · 120Hz,5000 mAh capacity,Not specified,camera communication portable android 5G,https://www.kaggle.com/datasets/muzammilbaloch/smartphone-dataset,Kaggle smartphone-dataset (Apache-2.0),2026-08-05T06:07:04.985220+00:00,Smartphones,Nothing,301.08
10001073,Nothing Phone 2,snapdragon · 8 cores · 3.2 GHz,Not specified,8GB,128GB,6.67 inch · 1080×2400 · 120Hz,4700 mAh capacity,Not specified,camera communication portable android 5G,https://www.kaggle.com/datasets/muzammilbaloch/smartphone-dataset,Kaggle smartphone-dataset (Apache-2.0),2026-08-05T06:07:04.985220+00:00,Smartphones,Nothing,481.81
10001074,Nubia Red Magic 6S 5G,snapdragon · 8 cores · 2.9 GHz,Not specified,8GB,128GB,6.8 inch · 1080×2400 · 165Hz,5050 mAh capacity,Not specified,camera communication portable android 5G,https://www.kaggle.com/datasets/muzammilbaloch/smartphone-dataset,Kaggle smartphone-dataset (Apache-2.0),2026-08-05T06:07:04.985220+00:00,Smartphones,Nubia,542.16
10001075,Nubia Red Magic 7S Pro,snapdragon · 8 cores · 3.2 GHz,Not specified,12GB,256GB,6.8 inch · 1080×2400 · 120Hz,5000 mAh capacity,Not specified,camera communication portable android 5G,https://www.kaggle.com/datasets/muzammilbaloch/smartphone-dataset,Kaggle smartphone-dataset (Apache-2.0),2026-08-05T06:07:04.985220+00:00,Smartphones,Nubia,734.82
10001076,Nubia Red Magic 8 Pro 5G,snapdragon · 8 cores · 3.2 GHz,Not specified,8GB,128GB,6.8 inch · 1116×2480 · 120Hz,6000 mAh capacity,Not specified,camera communication portable android 5G,https://www.kaggle.com/datasets/muzammilbaloch/smartphone-dataset,Kaggle smartphone-dataset (Apache-2.0),2026-08-05T06:07:04.985220+00:00,Smartphones,Nubia,566.14
10001077,Nubia Red Magic 8 Pro Plus,snapdragon · 8 cores · 3.2 GHz,Not specified,12GB,256GB,6.8 inch · 1116×2480 · 120Hz,5000 mAh capacity,Not specified,camera communication portable android 5G,https://www.kaggle.com/datasets/muzammilbaloch/smartphone-dataset,Kaggle smartphone-dataset (Apache-2.0),2026-08-05T06:07:04.985220+00:00,Smartphones,Nubia,734.93
10001078,Nubia Z40 Pro 5G,snapdragon · 8 cores · 3 GHz,Not specified,8GB,128GB,6.67 inch · 1080×2400 · 144Hz,5000 mAh capacity,Not specified,camera communication portable android 5G,https://www.kaggle.com/datasets/muzammilbaloch/smartphone-dataset,Kaggle smartphone-dataset (Apache-2.0),2026-08-05T06:07:04.985220+00:00,Smartphones,Nubia,602.29
10001079,Nubia Z50,snapdragon · 8 cores · 3.2 GHz,Not specified,8GB,128GB,6.67 inch · 1080×2400 · 144Hz,5000 mAh capacity,Not specified,camera communication portable android 5G,https://www.kaggle.com/datasets/muzammilbaloch/smartphone-dataset,Kaggle smartphone-dataset (Apache-2.0),2026-08-05T06:07:04.985220+00:00,Smartphones,Nubia,421.67
10001080,OnePlus 10 Pro 5G,snapdragon · 8 cores · 3 GHz,Not specified,8GB,128GB,6.7 inch · 1440×3216 · 120Hz,5000 mAh capacity,Not specified,camera communication portable android 5G,https://www.kaggle.com/datasets/muzammilbaloch/smartphone-dataset,Kaggle smartphone-dataset (Apache-2.0),2026-08-05T06:07:04.985220+00:00,Smartphones,Oneplus,734.93
10001081,OnePlus 10 Pro 5G (12GB RAM + 256GB),snapdragon · 8 cores · 3 GHz,Not specified,12GB,256GB,6.7 inch · 1440×3216 · 120Hz,5000 mAh capacity,Not specified,camera communication portable android 5G,https://www.kaggle.com/datasets/muzammilbaloch/smartphone-dataset,Kaggle smartphone-dataset (Apache-2.0),2026-08-05T06:07:04.985220+00:00,Smartphones,Oneplus,789.14
10001082,OnePlus 10 Pro 5G (12GB RAM + 512GB),snapdragon · 8 cores · 3 GHz,Not specified,12GB,512GB,6.7 inch · 1440×3216 · 120Hz,5000 mAh capacity,Not specified,camera communication portable android 5G,https://www.kaggle.com/datasets/muzammilbaloch/smartphone-dataset,Kaggle smartphone-dataset (Apache-2.0),2026-08-05T06:07:04.985220+00:00,Smartphones,Oneplus,903.6
10001083,OnePlus 10R 5G,dimensity · 8 cores · 2.85 GHz,Not specified,8GB,128GB,6.7 inch · 1080×2412 · 120Hz,5000 mAh capacity,Not specified,camera communication portable android 5G,https://www.kaggle.com/datasets/muzammilbaloch/smartphone-dataset,Kaggle smartphone-dataset (Apache-2.0),2026-08-05T06:07:04.985220+00:00,Smartphones,Oneplus,397.58
10001084,OnePlus 10R 5G (12GB RAM + 256GB),dimensity · 8 cores · 2.85 GHz,Not specified,12GB,256GB,6.7 inch · 1080×2412 · 120Hz,5000 mAh capacity,Not specified,camera communication portable android 5G,https://www.kaggle.com/datasets/muzammilbaloch/smartphone-dataset,Kaggle smartphone-dataset (Apache-2.0),2026-08-05T06:07:04.985220+00:00,Smartphones,Oneplus,445.77
10001085,OnePlus 10R Prime Edition,dimensity · 8 cores · 2.85 GHz,Not specified,8GB,128GB,6.7 inch · 1080×2412 · 120Hz,5000 mAh capacity,Not specified,camera communication portable android 5G,https://www.kaggle.com/datasets/muzammilbaloch/smartphone-dataset,Kaggle smartphone-dataset (Apache-2.0),2026-08-05T06:07:04.985220+00:00,Smartphones,Oneplus,426.37
10001086,OnePlus 10T,snapdragon · 8 cores · 3.2 GHz,Not specified,8GB,128GB,6.7 inch · 1080×2412 · 120Hz,4800 mAh capacity,Not specified,camera communication portable android 5G,https://www.kaggle.com/datasets/muzammilbaloch/smartphone-dataset,Kaggle smartphone-dataset (Apache-2.0),2026-08-05T06:07:04.985220+00:00,Smartphones,Oneplus,542.16
10001087,OnePlus 10T (12GB RAM + 256GB),snapdragon · 8 cores · 3.2 GHz,Not specified,12GB,256GB,6.7 inch · 1080×2412 · 120Hz,4800 mAh capacity,Not specified,camera communication portable android 5G,https://www.kaggle.com/datasets/muzammilbaloch/smartphone-dataset,Kaggle smartphone-dataset (Apache-2.0),2026-08-05T06:07:04.985220+00:00,Smartphones,Oneplus,614.45
10001088,OnePlus 10T (16GB RAM + 256GB),snapdragon · 8 cores · 3.2 GHz,Not specified,16GB,256GB,6.7 inch · 1080×2412 · 120Hz,4800 mAh capacity,Not specified,camera communication portable android 5G,https://www.kaggle.com/datasets/muzammilbaloch/smartphone-dataset,Kaggle smartphone-dataset (Apache-2.0),2026-08-05T06:07:04.985220+00:00,Smartphones,Oneplus,674.69
10001089,OnePlus 11 5G,snapdragon · 8 cores · 3.2 GHz,Not specified,12GB,256GB,6.7 inch · 1440×3216 · 120Hz,5000 mAh capacity,Not specified,camera communication portable android 5G,https://www.kaggle.com/datasets/muzammilbaloch/smartphone-dataset,Kaggle smartphone-dataset (Apache-2.0),2026-08-05T06:07:04.985220+00:00,Smartphones,Oneplus,662.64
10001090,OnePlus 11 Pro,snapdragon · 8 cores · 3.2 GHz,Not specified,8GB,128GB,6.7 inch · 1440×3216 · 120Hz,4500 mAh capacity,Not specified,camera communication portable android 5G,https://www.kaggle.com/datasets/muzammilbaloch/smartphone-dataset,Kaggle smartphone-dataset (Apache-2.0),2026-08-05T06:07:04.985220+00:00,Smartphones,Oneplus,843.36
10001091,OnePlus 11R,snapdragon · 8 cores · 3.2 GHz,Not specified,8GB,128GB,6.7 inch · 1080×2412 · 120Hz,5000 mAh capacity,Not specified,camera communication portable android 5G,https://www.kaggle.com/datasets/muzammilbaloch/smartphone-dataset,Kaggle smartphone-dataset (Apache-2.0),2026-08-05T06:07:04.985220+00:00,Smartphones,Oneplus,481.92
10001092,OnePlus 12 Pro,snapdragon · 8 cores · 3.2 GHz,Not specified,12GB,256GB,6.73 inch · 1440×3412 · 144Hz,4800 mAh capacity,Not specified,camera communication portable android 5G,https://www.kaggle.com/datasets/muzammilbaloch/smartphone-dataset,Kaggle smartphone-dataset (Apache-2.0),2026-08-05T06:07:04.985220+00:00,Smartphones,Oneplus,843.36
10001093,OnePlus 6 (8GB RAM + 128GB),snapdragon · 8 cores · 2.8 GHz,Not specified,8GB,128GB,6.28 inch · 1080×2280 · 60Hz,3300 mAh capacity,Not specified,camera communication portable android 4G,https://www.kaggle.com/datasets/muzammilbaloch/smartphone-dataset,Kaggle smartphone-dataset (Apache-2.0),2026-08-05T06:07:04.985220+00:00,Smartphones,Oneplus,337.34
10001094,OnePlus 9 Pro,snapdragon · 8 cores · 2.84 GHz,Not specified,8GB,128GB,6.7 inch · 1440×3216 · 120Hz,4500 mAh capacity,Not specified,camera communication portable android 5G,https://www.kaggle.com/datasets/muzammilbaloch/smartphone-dataset,Kaggle smartphone-dataset (Apache-2.0),2026-08-05T06:07:04.985220+00:00,Smartphones,Oneplus,780.72
10001095,OnePlus 9RT 5G,snapdragon · 8 cores · 2.84 GHz,Not specified,8GB,128GB,6.62 inch · 1080×2400 · 120Hz,4500 mAh capacity,Not specified,camera communication portable android 5G,https://www.kaggle.com/datasets/muzammilbaloch/smartphone-dataset,Kaggle smartphone-dataset (Apache-2.0),2026-08-05T06:07:04.985220+00:00,Smartphones,Oneplus,518.06
10001096,OnePlus 9T,snapdragon · 8 cores · 2.84 GHz,Not specified,8GB,128GB,6.55 inch · 1080×2400 · 120Hz,4500 mAh capacity,Not specified,camera communication portable android 5G,https://www.kaggle.com/datasets/muzammilbaloch/smartphone-dataset,Kaggle smartphone-dataset (Apache-2.0),2026-08-05T06:07:04.985220+00:00,Smartphones,Oneplus,542.16
10001097,OnePlus Ace 2,snapdragon · 8 cores · 3.2 GHz,Not specified,8GB,128GB,6.7 inch · 1080×2412 · 120Hz,5000 mAh capacity,Not specified,camera communication portable android 5G,https://www.kaggle.com/datasets/muzammilbaloch/smartphone-dataset,Kaggle smartphone-dataset (Apache-2.0),2026-08-05T06:07:04.985220+00:00,Smartphones,Oneplus,421.67
10001098,OnePlus Ace 5G,dimensity · 8 cores · 2.85 GHz,Not specified,8GB,128GB,6.7 inch · 1080×2412 · 120Hz,4500 mAh capacity,Not specified,camera communication portable android 5G,https://www.kaggle.com/datasets/muzammilbaloch/smartphone-dataset,Kaggle smartphone-dataset (Apache-2.0),2026-08-05T06:07:04.985220+00:00,Smartphones,Oneplus,349.28
10001099,OnePlus Ace Pro,snapdragon · 8 cores · 3.2 GHz,Not specified,12GB,256GB,6.7 inch · 1080×2412 · 120Hz,4800 mAh capacity,Not specified,camera communication portable android 5G,https://www.kaggle.com/datasets/muzammilbaloch/smartphone-dataset,Kaggle smartphone-dataset (Apache-2.0),2026-08-05T06:07:04.985220+00:00,Smartphones,Oneplus,578.19
10001100,OnePlus Ace Racing Edition 5G,dimensity · 8 cores · 2.85 GHz,Not specified,8GB,128GB,6.59 inch · 1080×2412 · 120Hz,5000 mAh capacity,Not specified,camera communication portable android 5G,https://www.kaggle.com/datasets/muzammilbaloch/smartphone-dataset,Kaggle smartphone-dataset (Apache-2.0),2026-08-05T06:07:04.985220+00:00,Smartphones,Oneplus,276.99
10001101,OnePlus Clover,snapdragon · 8 cores · 1.8 GHz,Not specified,4GB,64GB,6.52 inch · 720×1560 · 60Hz,6000 mAh capacity,Not specified,camera communication portable android 4G,https://www.kaggle.com/datasets/muzammilbaloch/smartphone-dataset,Kaggle smartphone-dataset (Apache-2.0),2026-08-05T06:07:04.985220+00:00,Smartphones,Oneplus,180.71
10001102,OnePlus Nord 2 Lite 5G,snapdragon · 8 cores · 2.2 GHz,Not specified,8GB,128GB,6.59 inch · 1080×2412 · 120Hz,5000 mAh capacity,Not specified,camera communication portable android 5G,https://www.kaggle.com/datasets/muzammilbaloch/smartphone-dataset,Kaggle smartphone-dataset (Apache-2.0),2026-08-05T06:07:04.985220+00:00,Smartphones,Oneplus,277.1
10001103,OnePlus Nord 2T (12GB RAM + 256GB),dimensity · 8 cores · 3 GHz,Not specified,12GB,256GB,6.43 inch · 1080×2400 · 90Hz,4500 mAh capacity,Not specified,camera communication portable android 5G,https://www.kaggle.com/datasets/muzammilbaloch/smartphone-dataset,Kaggle smartphone-dataset (Apache-2.0),2026-08-05T06:07:04.985220+00:00,Smartphones,Oneplus,408.43
10001104,OnePlus Nord 2T 5G,dimensity · 8 cores · 3 GHz,Not specified,8GB,128GB,6.43 inch · 1080×2400 · 90Hz,4500 mAh capacity,Not specified,camera communication portable android 5G,https://www.kaggle.com/datasets/muzammilbaloch/smartphone-dataset,Kaggle smartphone-dataset (Apache-2.0),2026-08-05T06:07:04.985220+00:00,Smartphones,Oneplus,349.39
10001105,OnePlus Nord 3 5G,dimensity · 8 cores · 3.1 GHz,Not specified,8GB,128GB,6.43 inch · 1080×2400 · 90Hz,4200 mAh capacity,Not specified,camera communication portable android 5G,https://www.kaggle.com/datasets/muzammilbaloch/smartphone-dataset,Kaggle smartphone-dataset (Apache-2.0),2026-08-05T06:07:04.985220+00:00,Smartphones,Oneplus,337.34
10001106,OnePlus Nord 3T 5G,dimensity · 8 cores · 3 GHz,Not specified,8GB,128GB,6.43 inch · 1080×2400 · 90Hz,4500 mAh capacity,Not specified,camera communication portable android 5G,https://www.kaggle.com/datasets/muzammilbaloch/smartphone-dataset,Kaggle smartphone-dataset (Apache-2.0),2026-08-05T06:07:04.985220+00:00,Smartphones,Oneplus,361.33
10001107,OnePlus Nord 4 5G,snapdragon · 8 cores · 2.36 GHz,Not specified,8GB,128GB,6.43 inch · 1080×2412 · 120Hz,4500 mAh capacity,Not specified,camera communication portable android 5G,https://www.kaggle.com/datasets/muzammilbaloch/smartphone-dataset,Kaggle smartphone-dataset (Apache-2.0),2026-08-05T06:07:04.985220+00:00,Smartphones,Oneplus,361.43
10001108,OnePlus Nord 5,dimensity · 8 cores · GHz,Not specified,8GB,128GB,6.57 inch · 1080×2400 · 120Hz,5000 mAh capacity,Not specified,camera communication portable android 5G,https://www.kaggle.com/datasets/muzammilbaloch/smartphone-dataset,Kaggle smartphone-dataset (Apache-2.0),2026-08-05T06:07:04.985220+00:00,Smartphones,Oneplus,421.67
10001109,OnePlus Nord CE 2 Lite 5G,snapdragon · 8 cores · 2.2 GHz,Not specified,6GB,128GB,6.59 inch · 1080×2412 · 120Hz,5000 mAh capacity,Not specified,camera communication portable android 5G,https://www.kaggle.com/datasets/muzammilbaloch/smartphone-dataset,Kaggle smartphone-dataset (Apache-2.0),2026-08-05T06:07:04.985220+00:00,Smartphones,Oneplus,240.83
10001110,OnePlus Nord CE 2 Lite 5G (8GB RAM + 128GB),snapdragon · 8 cores · 2.2 GHz,Not specified,8GB,128GB,6.59 inch · 1080×2412 · 120Hz,5000 mAh capacity,Not specified,camera communication portable android 5G,https://www.kaggle.com/datasets/muzammilbaloch/smartphone-dataset,Kaggle smartphone-dataset (Apache-2.0),2026-08-05T06:07:04.985220+00:00,Smartphones,Oneplus,265.0
10001111,OnePlus Nord CE 2 Lite 5G (8GB RAM + 256GB),snapdragon · 8 cores · 2.2 GHz,Not specified,8GB,256GB,6.59 inch · 1080×2412 · 120Hz,5000 mAh capacity,Not specified,camera communication portable android 5G,https://www.kaggle.com/datasets/muzammilbaloch/smartphone-dataset,Kaggle smartphone-dataset (Apache-2.0),2026-08-05T06:07:04.985220+00:00,Smartphones,Oneplus,301.19
10001112,OnePlus Nord CE 3 5G,snapdragon · 8 cores · 2.2 GHz,Not specified,6GB,128GB,6.7 inch · 1080×2412 · 120Hz,5000 mAh capacity,Not specified,camera communication portable android 5G,https://www.kaggle.com/datasets/muzammilbaloch/smartphone-dataset,Kaggle smartphone-dataset (Apache-2.0),2026-08-05T06:07:04.985220+00:00,Smartphones,Oneplus,265.05
10001113,OnePlus Nord CE 3 Lite 5G,snapdragon · 8 cores · 2.2 GHz,Not specified,6GB,128GB,6.59 inch · 1080×2412 · 120Hz,5000 mAh capacity,Not specified,camera communication portable android 5G,https://www.kaggle.com/datasets/muzammilbaloch/smartphone-dataset,Kaggle smartphone-dataset (Apache-2.0),2026-08-05T06:07:04.985220+00:00,Smartphones,Oneplus,228.9
10001114,OnePlus Nord Lite,snapdragon · 8 cores · 2 GHz,Not specified,8GB,128GB,6.55 inch · 1080×2400 · 90Hz,4300 mAh capacity,Not specified,camera communication portable android 4G,https://www.kaggle.com/datasets/muzammilbaloch/smartphone-dataset,Kaggle smartphone-dataset (Apache-2.0),2026-08-05T06:07:04.985220+00:00,Smartphones,Oneplus,240.95
10001115,OnePlus Nord N10,snapdragon · 8 cores · 2 GHz,Not specified,6GB,128GB,6.49 inch · 1080×2400 · 90Hz,4300 mAh capacity,Not specified,camera communication portable android 5G,https://www.kaggle.com/datasets/muzammilbaloch/smartphone-dataset,Kaggle smartphone-dataset (Apache-2.0),2026-08-05T06:07:04.985220+00:00,Smartphones,Oneplus,308.37
10001116,OnePlus Nord N100,snapdragon · 8 cores · 1.8 GHz,Not specified,4GB,64GB,6.52 inch · 720×1600 · 90Hz,5000 mAh capacity,Not specified,camera communication portable android 4G,https://www.kaggle.com/datasets/muzammilbaloch/smartphone-dataset,Kaggle smartphone-dataset (Apache-2.0),2026-08-05T06:07:04.985220+00:00,Smartphones,Oneplus,204.7
10001117,OnePlus Nord N20 5G,snapdragon · 8 cores · 2.2 GHz,Not specified,6GB,128GB,6.43 inch · 1080×2400 · 60Hz,4500 mAh capacity,Not specified,camera communication portable android 5G,https://www.kaggle.com/datasets/muzammilbaloch/smartphone-dataset,Kaggle smartphone-dataset (Apache-2.0),2026-08-05T06:07:04.985220+00:00,Smartphones,Oneplus,252.89
10001118,OnePlus Nord N200,snapdragon · 8 cores · 2 GHz,Not specified,4GB,64GB,6.49 inch · 1080×2400 · 90Hz,5000 mAh capacity,Not specified,camera communication portable android 5G,https://www.kaggle.com/datasets/muzammilbaloch/smartphone-dataset,Kaggle smartphone-dataset (Apache-2.0),2026-08-05T06:07:04.985220+00:00,Smartphones,Oneplus,204.7
10001119,OnePlus Nord N300,dimensity · 8 cores · 2.4 GHz,Not specified,4GB,64GB,6.56 inch · 720×1612 · 90Hz,5000 mAh capacity,Not specified,camera communication portable android 5G,https://www.kaggle.com/datasets/muzammilbaloch/smartphone-dataset,Kaggle smartphone-dataset (Apache-2.0),2026-08-05T06:07:04.985220+00:00,Smartphones,Oneplus,228.8
10001120,OnePlus Nord SE,snapdragon · 8 cores · 2 GHz,Not specified,4GB,64GB,6.3 inch · 1080×2400 · 60Hz,4500 mAh capacity,Not specified,camera communication portable android 4G,https://www.kaggle.com/datasets/muzammilbaloch/smartphone-dataset,Kaggle smartphone-dataset (Apache-2.0),2026-08-05T06:07:04.985220+00:00,Smartphones,Oneplus,240.95
10001121,OnePlus Z,snapdragon · 8 cores · 2.4 GHz,Not specified,8GB,128GB,6.55 inch · 1080×2400 · 90Hz,4300 mAh capacity,Not specified,camera communication portable android 4G,https://www.kaggle.com/datasets/muzammilbaloch/smartphone-dataset,Kaggle smartphone-dataset (Apache-2.0),2026-08-05T06:07:04.985220+00:00,Smartphones,Oneplus,301.19
10001122,OPPO A1 Pro,snapdragon · 8 cores · 2.2 GHz,Not specified,8GB,128GB,6.7 inch · 1080×2412 · 120Hz,4800 mAh capacity,Not specified,camera communication portable android 5G,https://www.kaggle.com/datasets/muzammilbaloch/smartphone-dataset,Kaggle smartphone-dataset (Apache-2.0),2026-08-05T06:07:04.985220+00:00,Smartphones,Oppo,252.89
10001123,Oppo A12,helio · 8 cores · 1.8 GHz,Not specified,3GB,32GB,6.22 inch · 1520×720 · 60Hz,4230 mAh capacity,Not specified,camera communication portable android 4G,https://www.kaggle.com/datasets/muzammilbaloch/smartphone-dataset,Kaggle smartphone-dataset (Apache-2.0),2026-08-05T06:07:04.985220+00:00,Smartphones,Oppo,120.36
10001124,OPPO A15,helio · 8 cores · 2.3 GHz,Not specified,3GB,32GB,6.52 inch · 720×1600 · 60Hz,4230 mAh capacity,Not specified,camera communication portable android 4G,https://www.kaggle.com/datasets/muzammilbaloch/smartphone-dataset,Kaggle smartphone-dataset (Apache-2.0),2026-08-05T06:07:04.985220+00:00,Smartphones,Oppo,120.47
10001125,Oppo A15s (4GB RAM + 128GB),helio · 8 cores · 2.3 GHz,Not specified,4GB,128GB,6.52 inch · 720×1600 · 60Hz,4230 mAh capacity,Not specified,camera communication portable android 4G,https://www.kaggle.com/datasets/muzammilbaloch/smartphone-dataset,Kaggle smartphone-dataset (Apache-2.0),2026-08-05T06:07:04.985220+00:00,Smartphones,Oppo,138.43
10001126,OPPO A16,helio · 8 cores · 2.3 GHz,Not specified,4GB,64GB,6.52 inch · 720×1600 · 60Hz,5000 mAh capacity,Not specified,camera communication portable android 4G,https://www.kaggle.com/datasets/muzammilbaloch/smartphone-dataset,Kaggle smartphone-dataset (Apache-2.0),2026-08-05T06:07:04.985220+00:00,Smartphones,Oppo,144.57
10001127,OPPO A16e,helio · 8 cores · 2 GHz,Not specified,3GB,32GB,6.52 inch · 720×1600 · 60Hz,4230 mAh capacity,Not specified,camera communication portable android 4G,https://www.kaggle.com/datasets/muzammilbaloch/smartphone-dataset,Kaggle smartphone-dataset (Apache-2.0),2026-08-05T06:07:04.985220+00:00,Smartphones,Oppo,108.42
10001128,OPPO A16e (4GB RAM + 64GB),helio · 8 cores · 2 GHz,Not specified,4GB,64GB,6.52 inch · 720×1600 · 60Hz,4230 mAh capacity,Not specified,camera communication portable android 4G,https://www.kaggle.com/datasets/muzammilbaloch/smartphone-dataset,Kaggle smartphone-dataset (Apache-2.0),2026-08-05T06:07:04.985220+00:00,Smartphones,Oppo,108.42
10001129,OPPO A16K (4GB RAM + 64GB),helio · 8 cores · 2.3 GHz,Not specified,4GB,64GB,6.52 inch · 720×1600 · 60Hz,4230 mAh capacity,Not specified,camera communication portable android 4G,https://www.kaggle.com/datasets/muzammilbaloch/smartphone-dataset,Kaggle smartphone-dataset (Apache-2.0),2026-08-05T06:07:04.985220+00:00,Smartphones,Oppo,132.52
10001130,OPPO A17,helio · 8 cores · 2.3 GHz,Not specified,4GB,64GB,6.56 inch · 720×1612 · 60Hz,5000 mAh capacity,Not specified,camera communication portable android 4G,https://www.kaggle.com/datasets/muzammilbaloch/smartphone-dataset,Kaggle smartphone-dataset (Apache-2.0),2026-08-05T06:07:04.985220+00:00,Smartphones,Oppo,150.59
10001131,OPPO A17K,helio · 8 cores · 2.3 GHz,Not specified,3GB,64GB,6.56 inch · 720×1612 · 60Hz,5000 mAh capacity,Not specified,camera communication portable android 4G,https://www.kaggle.com/datasets/muzammilbaloch/smartphone-dataset,Kaggle smartphone-dataset (Apache-2.0),2026-08-05T06:07:04.985220+00:00,Smartphones,Oppo,114.45
10001132,Oppo A31 2020 (6GB RAM + 128GB),helio · 8 cores · 2.3 GHz,Not specified,6GB,128GB,6.5 inch · 720×1600 · 60Hz,4230 mAh capacity,Not specified,camera communication portable android 4G,https://www.kaggle.com/datasets/muzammilbaloch/smartphone-dataset,Kaggle smartphone-dataset (Apache-2.0),2026-08-05T06:07:04.985220+00:00,Smartphones,Oppo,150.48
10001133,OPPO A53 2020 (6GB RAM + 128GB),snapdragon · 8 cores · 1.8 GHz,Not specified,6GB,128GB,6.5 inch · 1600×720 · 90Hz,5000 mAh capacity,Not specified,camera communication portable android 4G,https://www.kaggle.com/datasets/muzammilbaloch/smartphone-dataset,Kaggle smartphone-dataset (Apache-2.0),2026-08-05T06:07:04.985220+00:00,Smartphones,Oppo,168.55
10001134,OPPO A54,helio · 8 cores · 2.3 GHz,Not specified,4GB,64GB,6.51 inch · 1600×720 · 60Hz,5000 mAh capacity,Not specified,camera communication portable android 4G,https://www.kaggle.com/datasets/muzammilbaloch/smartphone-dataset,Kaggle smartphone-dataset (Apache-2.0),2026-08-05T06:07:04.985220+00:00,Smartphones,Oppo,146.98
10001135,OPPO A54 (4GB RAM + 128GB),helio · 8 cores · 2.3 GHz,Not specified,4GB,128GB,6.51 inch · 1600×720 · 60Hz,5000 mAh capacity,Not specified,camera communication portable android 4G,https://www.kaggle.com/datasets/muzammilbaloch/smartphone-dataset,Kaggle smartphone-dataset (Apache-2.0),2026-08-05T06:07:04.985220+00:00,Smartphones,Oppo,144.46
10001136,OPPO A54 (6GB RAM + 128GB),helio · 8 cores · 2.3 GHz,Not specified,6GB,128GB,6.51 inch · 1600×720 · 60Hz,5000 mAh capacity,Not specified,camera communication portable android 4G,https://www.kaggle.com/datasets/muzammilbaloch/smartphone-dataset,Kaggle smartphone-dataset (Apache-2.0),2026-08-05T06:07:04.985220+00:00,Smartphones,Oppo,180.71
10001137,OPPO A55 4G,helio · 8 cores · 2.3 GHz,Not specified,4GB,64GB,6.51 inch · 720×1600 · 60Hz,5000 mAh capacity,Not specified,camera communication portable android 4G,https://www.kaggle.com/datasets/muzammilbaloch/smartphone-dataset,Kaggle smartphone-dataset (Apache-2.0),2026-08-05T06:07:04.985220+00:00,Smartphones,Oppo,162.64
10001138,OPPO A55 4G (6GB RAM + 128GB),helio · 8 cores · 2.3 GHz,Not specified,6GB,128GB,6.51 inch · 720×1600 · 60Hz,5000 mAh capacity,Not specified,camera communication portable android 4G,https://www.kaggle.com/datasets/muzammilbaloch/smartphone-dataset,Kaggle smartphone-dataset (Apache-2.0),2026-08-05T06:07:04.985220+00:00,Smartphones,Oppo,177.11
10001139,OPPO A55 5G,dimensity · 8 cores · 2.2 GHz,Not specified,6GB,128GB,6.5 inch · 720×1600 · 60Hz,5000 mAh capacity,Not specified,camera communication portable android 5G,https://www.kaggle.com/datasets/muzammilbaloch/smartphone-dataset,Kaggle smartphone-dataset (Apache-2.0),2026-08-05T06:07:04.985220+00:00,Smartphones,Oppo,216.75
10001140,Oppo A56 5G,dimensity · 8 cores · 2.2 GHz,Not specified,6GB,128GB,6.5 inch · 720×1600 · 60Hz,5000 mAh capacity,Not specified,camera communication portable android 5G,https://www.kaggle.com/datasets/muzammilbaloch/smartphone-dataset,Kaggle smartphone-dataset (Apache-2.0),2026-08-05T06:07:04.985220+00:00,Smartphones,Oppo,216.75
10001141,Oppo A56s,dimensity · 8 cores · 2.4 GHz,Not specified,8GB,128GB,6.56 inch · 720×1612 · 60Hz,5000 mAh capacity,Not specified,camera communication portable android 5G,https://www.kaggle.com/datasets/muzammilbaloch/smartphone-dataset,Kaggle smartphone-dataset (Apache-2.0),2026-08-05T06:07:04.985220+00:00,Smartphones,Oppo,156.61
10001142,OPPO A57 4G,helio · 8 cores · 2.3 GHz,Not specified,3GB,64GB,6.56 inch · 720×1612 · 60Hz,5000 mAh capacity,Not specified,camera communication portable android 4G,https://www.kaggle.com/datasets/muzammilbaloch/smartphone-dataset,Kaggle smartphone-dataset (Apache-2.0),2026-08-05T06:07:04.985220+00:00,Smartphones,Oppo,144.46
10001143,OPPO A57 4G (4GB RAM + 64 GB),helio · 8 cores · 2.3 GHz,Not specified,4GB,64GB,6.56 inch · 720×1612 · 60Hz,5000 mAh capacity,Not specified,camera communication portable android 4G,https://www.kaggle.com/datasets/muzammilbaloch/smartphone-dataset,Kaggle smartphone-dataset (Apache-2.0),2026-08-05T06:07:04.985220+00:00,Smartphones,Oppo,168.3
10001144,OPPO A58,dimensity · 8 cores · 2.2 GHz,Not specified,6GB,128GB,6.56 inch · 720×1612 · 90Hz,5000 mAh capacity,Not specified,camera communication portable android 5G,https://www.kaggle.com/datasets/muzammilbaloch/smartphone-dataset,Kaggle smartphone-dataset (Apache-2.0),2026-08-05T06:07:04.985220+00:00,Smartphones,Oppo,228.8
10001145,OPPO A58x,dimensity · 8 cores · 2.2 GHz,Not specified,6GB,128GB,6.56 inch · 720×1612 · 90Hz,5000 mAh capacity,Not specified,camera communication portable android 5G,https://www.kaggle.com/datasets/muzammilbaloch/smartphone-dataset,Kaggle smartphone-dataset (Apache-2.0),2026-08-05T06:07:04.985220+00:00,Smartphones,Oppo,168.55
10001146,OPPO A73,helio · 8 cores · 2.5 GHz,Not specified,3GB,32GB,6 inch · 1080×2160 · 60Hz,3200 mAh capacity,Not specified,camera communication portable android 4G,https://www.kaggle.com/datasets/muzammilbaloch/smartphone-dataset,Kaggle smartphone-dataset (Apache-2.0),2026-08-05T06:07:04.985220+00:00,Smartphones,Oppo,192.65
10001147,OPPO A74 5G,snapdragon · 8 cores · 2 GHz,Not specified,6GB,128GB,6.5 inch · 1080×2400 · 90Hz,5000 mAh capacity,Not specified,camera communication portable android 5G,https://www.kaggle.com/datasets/muzammilbaloch/smartphone-dataset,Kaggle smartphone-dataset (Apache-2.0),2026-08-05T06:07:04.985220+00:00,Smartphones,Oppo,186.63
10001148,OPPO A76,snapdragon · 8 cores · 2.4 GHz,Not specified,6GB,128GB,6.56 inch · 720×1612 · 90Hz,5000 mAh capacity,Not specified,camera communication portable android 4G,https://www.kaggle.com/datasets/muzammilbaloch/smartphone-dataset,Kaggle smartphone-dataset (Apache-2.0),2026-08-05T06:07:04.985220+00:00,Smartphones,Oppo,198.67
10001149,OPPO A77,helio · 8 cores · 2.3 GHz,Not specified,4GB,64GB,6.56 inch · 720×1600 · 60Hz,5000 mAh capacity,Not specified,camera communication portable android 4G,https://www.kaggle.com/datasets/muzammilbaloch/smartphone-dataset,Kaggle smartphone-dataset (Apache-2.0),2026-08-05T06:07:04.985220+00:00,Smartphones,Oppo,186.73
10001150,OPPO A77 (4GB RAM + 128 GB),helio · 8 cores · 2.3 GHz,Not specified,4GB,128GB,6.56 inch · 720×1600 · 60Hz,5000 mAh capacity,Not specified,camera communication portable android 4G,https://www.kaggle.com/datasets/muzammilbaloch/smartphone-dataset,Kaggle smartphone-dataset (Apache-2.0),2026-08-05T06:07:04.985220+00:00,Smartphones,Oppo,192.75
10001151,Oppo A77 5G,snapdragon · 8 cores · 2.4 GHz,Not specified,6GB,128GB,6.56 inch · 720×1600 · 90Hz,5000 mAh capacity,Not specified,camera communication portable android 5G,https://www.kaggle.com/datasets/muzammilbaloch/smartphone-dataset,Kaggle smartphone-dataset (Apache-2.0),2026-08-05T06:07:04.985220+00:00,Smartphones,Oppo,264.94
10001152,OPPO A77s,snapdragon · 8 cores · 2.4 GHz,Not specified,8GB,128GB,6.56 inch · 720×1600 · 90Hz,5000 mAh capacity,Not specified,camera communication portable android 4G,https://www.kaggle.com/datasets/muzammilbaloch/smartphone-dataset,Kaggle smartphone-dataset (Apache-2.0),2026-08-05T06:07:04.985220+00:00,Smartphones,Oppo,216.86
10001153,Oppo A78,dimensity · 8 cores · 2.2 GHz,Not specified,8GB,128GB,6.56 inch · 720×1612 · 90Hz,5000 mAh capacity,Not specified,camera communication portable android 5G,https://www.kaggle.com/datasets/muzammilbaloch/smartphone-dataset,Kaggle smartphone-dataset (Apache-2.0),2026-08-05T06:07:04.985220+00:00,Smartphones,Oppo,228.9
10001154,OPPO A96 4G,snapdragon · 8 cores · 2.4 GHz,Not specified,8GB,128GB,6.59 inch · 1080×2412 · 90Hz,5000 mAh capacity,Not specified,camera communication portable android 4G,https://www.kaggle.com/datasets/muzammilbaloch/smartphone-dataset,Kaggle smartphone-dataset (Apache-2.0),2026-08-05T06:07:04.985220+00:00,Smartphones,Oppo,216.86
10001155,Oppo A96 5G,snapdragon · 8 cores · 2.2 GHz,Not specified,8GB,256GB,6.43 inch · 1080×2400 · 60Hz,4500 mAh capacity,Not specified,camera communication portable android 5G,https://www.kaggle.com/datasets/muzammilbaloch/smartphone-dataset,Kaggle smartphone-dataset (Apache-2.0),2026-08-05T06:07:04.985220+00:00,Smartphones,Oppo,276.99
10001156,OPPO A97 5G,dimensity · 8 cores · 2.4 GHz,Not specified,12GB,256GB,6.56 inch · 1080×2400 · 90Hz,5000 mAh capacity,Not specified,camera communication portable android 5G,https://www.kaggle.com/datasets/muzammilbaloch/smartphone-dataset,Kaggle smartphone-dataset (Apache-2.0),2026-08-05T06:07:04.985220+00:00,Smartphones,Oppo,289.04
10001157,Oppo A98,snapdragon · 8 cores · 3 GHz,Not specified,8GB,128GB,6.7 inch · 1080×2412 · 120Hz,5000 mAh capacity,Not specified,camera communication portable android 5G,https://www.kaggle.com/datasets/muzammilbaloch/smartphone-dataset,Kaggle smartphone-dataset (Apache-2.0),2026-08-05T06:07:04.985220+00:00,Smartphones,Oppo,373.37
10001158,OPPO F17 Pro,helio · 8 cores · 2.2 GHz,Not specified,8GB,128GB,6.43 inch · 1080×2400 · 60Hz,4015 mAh capacity,Not specified,camera communication portable android 4G,https://www.kaggle.com/datasets/muzammilbaloch/smartphone-dataset,Kaggle smartphone-dataset (Apache-2.0),2026-08-05T06:07:04.985220+00:00,Smartphones,Oppo,228.8
10001159,OPPO F19,snapdragon · 8 cores · 2 GHz,Not specified,6GB,128GB,6.4 inch · 1080×2400 · 60Hz,5000 mAh capacity,Not specified,camera communication portable android 4G,https://www.kaggle.com/datasets/muzammilbaloch/smartphone-dataset,Kaggle smartphone-dataset (Apache-2.0),2026-08-05T06:07:04.985220+00:00,Smartphones,Oppo,180.6
10001160,OPPO F19 Pro,helio · 8 cores · 2.2 GHz,Not specified,8GB,128GB,6.43 inch · 1080×2400 · 60Hz,4310 mAh capacity,Not specified,camera communication portable android 4G,https://www.kaggle.com/datasets/muzammilbaloch/smartphone-dataset,Kaggle smartphone-dataset (Apache-2.0),2026-08-05T06:07:04.985220+00:00,Smartphones,Oppo,216.8
10001161,OPPO F19 Pro Plus 5G,dimensity · 8 cores · 2.4 GHz,Not specified,8GB,128GB,6.43 inch · 1080×2400 · 60Hz,4310 mAh capacity,Not specified,camera communication portable android 5G,https://www.kaggle.com/datasets/muzammilbaloch/smartphone-dataset,Kaggle smartphone-dataset (Apache-2.0),2026-08-05T06:07:04.985220+00:00,Smartphones,Oppo,240.84
10001162,OPPO F19s,snapdragon · 8 cores · 2 GHz,Not specified,6GB,128GB,6.43 inch · 1080×2400 · 60Hz,5000 mAh capacity,Not specified,camera communication portable android 4G,https://www.kaggle.com/datasets/muzammilbaloch/smartphone-dataset,Kaggle smartphone-dataset (Apache-2.0),2026-08-05T06:07:04.985220+00:00,Smartphones,Oppo,192.63
10001163,OPPO F21 Pro 4G,snapdragon · 8 cores · 2.4 GHz,Not specified,8GB,128GB,6.5 inch · 1080×2400 · 90Hz,4500 mAh capacity,Not specified,camera communication portable android 4G,https://www.kaggle.com/datasets/muzammilbaloch/smartphone-dataset,Kaggle smartphone-dataset (Apache-2.0),2026-08-05T06:07:04.985220+00:00,Smartphones,Oppo,253.0
10001164,OPPO F21 Pro 5G,snapdragon · 8 cores · 2.2 GHz,Not specified,8GB,128GB,6.43 inch · 1080×2400 · 60Hz,4500 mAh capacity,Not specified,camera communication portable android 5G,https://www.kaggle.com/datasets/muzammilbaloch/smartphone-dataset,Kaggle smartphone-dataset (Apache-2.0),2026-08-05T06:07:04.985220+00:00,Smartphones,Oppo,312.88
10001165,OPPO F21s Pro,snapdragon · 8 cores · 2.2 GHz,Not specified,8GB,128GB,6.43 inch · 1080×2400 · 60Hz,4500 mAh capacity,Not specified,camera communication portable android 5G,https://www.kaggle.com/datasets/muzammilbaloch/smartphone-dataset,Kaggle smartphone-dataset (Apache-2.0),2026-08-05T06:07:04.985220+00:00,Smartphones,Oppo,311.99
10001166,OPPO F21s Pro 4G,snapdragon · 8 cores · 2.4 GHz,Not specified,8GB,128GB,6.43 inch · 1080×2400 · 90Hz,4500 mAh capacity,Not specified,camera communication portable android 4G,https://www.kaggle.com/datasets/muzammilbaloch/smartphone-dataset,Kaggle smartphone-dataset (Apache-2.0),2026-08-05T06:07:04.985220+00:00,Smartphones,Oppo,263.84
10001167,OPPO F22 Pro,snapdragon · 8 cores · 2.2 GHz,Not specified,8GB,128GB,6.58 inch · 1080×2400 · 120Hz,4800 mAh capacity,Not specified,camera communication portable android 5G,https://www.kaggle.com/datasets/muzammilbaloch/smartphone-dataset,Kaggle smartphone-dataset (Apache-2.0),2026-08-05T06:07:04.985220+00:00,Smartphones,Oppo,333.25
10001168,OPPO F23 Pro,snapdragon · 8 cores · 2.2 GHz,Not specified,8GB,128GB,6.5 inch · 1080×2400 · 90Hz,4500 mAh capacity,Not specified,camera communication portable android 5G,https://www.kaggle.com/datasets/muzammilbaloch/smartphone-dataset,Kaggle smartphone-dataset (Apache-2.0),2026-08-05T06:07:04.985220+00:00,Smartphones,Oppo,240.84
10001169,OPPO F23 Pro Plus 5G,snapdragon · 8 cores · 2.36 GHz,Not specified,8GB,128GB,6.43 inch · 1080×2460 · 90Hz,4500 mAh capacity,Not specified,camera communication portable android 5G,https://www.kaggle.com/datasets/muzammilbaloch/smartphone-dataset,Kaggle smartphone-dataset (Apache-2.0),2026-08-05T06:07:04.985220+00:00,Smartphones,Oppo,337.23
10001170,Oppo Find N 5G,snapdragon · 8 cores · 2.84 GHz,Not specified,8GB,256GB,7.1 inch · 1792×1920 · 120Hz,4500 mAh capacity,Not specified,camera communication portable android 5G,https://www.kaggle.com/datasets/muzammilbaloch/smartphone-dataset,Kaggle smartphone-dataset (Apache-2.0),2026-08-05T06:07:04.985220+00:00,Smartphones,Oppo,1111.43
10001171,OPPO Find N Flip,dimensity · 8 cores · 3.05 GHz,Not specified,8GB,128GB,6.8 inch · 1200×2400 · 120Hz,4300 mAh capacity,Not specified,camera communication portable 5G,https://www.kaggle.com/datasets/muzammilbaloch/smartphone-dataset,Kaggle smartphone-dataset (Apache-2.0),2026-08-05T06:07:04.985220+00:00,Smartphones,Oppo,1084.22
10001172,Oppo Find N Fold,snapdragon · 8 cores · 3.2 GHz,Not specified,8GB,256GB,7.1 inch · 1792×1920 · 120Hz,5000 mAh capacity,Not specified,camera communication portable other 5G,https://www.kaggle.com/datasets/muzammilbaloch/smartphone-dataset,Kaggle smartphone-dataset (Apache-2.0),2026-08-05T06:07:04.985220+00:00,Smartphones,Oppo,1204.7
10001173,Oppo Find N2 5G,snapdragon · 8 cores · 3.2 GHz,Not specified,12GB,256GB,7.1 inch · 1792×1920 · 120Hz,4520 mAh capacity,Not specified,camera communication portable 5G,https://www.kaggle.com/datasets/muzammilbaloch/smartphone-dataset,Kaggle smartphone-dataset (Apache-2.0),2026-08-05T06:07:04.985220+00:00,Smartphones,Oppo,1144.46
10001174,OPPO Find N2 Flip,dimensity · 8 cores · 3.2 GHz,Not specified,8GB,256GB,6.8 inch · 1080×2520 · 120Hz,4300 mAh capacity,Not specified,camera communication portable 5G,https://www.kaggle.com/datasets/muzammilbaloch/smartphone-dataset,Kaggle smartphone-dataset (Apache-2.0),2026-08-05T06:07:04.985220+00:00,Smartphones,Oppo,855.3
10001175,Oppo Find X3 Pro,snapdragon · 8 cores · 2.84 GHz,Not specified,12GB,256GB,6.7 inch · 1440×3216 · 120Hz,4500 mAh capacity,Not specified,camera communication portable android 5G,https://www.kaggle.com/datasets/muzammilbaloch/smartphone-dataset,Kaggle smartphone-dataset (Apache-2.0),2026-08-05T06:07:04.985220+00:00,Smartphones,Oppo,614.34
10001176,Oppo Find X5 Pro 5G,snapdragon · 8 cores · 3 GHz,Not specified,8GB,256GB,6.7 inch · 1440×3216 · 120Hz,5000 mAh capacity,Not specified,camera communication portable android 5G,https://www.kaggle.com/datasets/muzammilbaloch/smartphone-dataset,Kaggle smartphone-dataset (Apache-2.0),2026-08-05T06:07:04.985220+00:00,Smartphones,Oppo,963.73
10001177,Oppo Find X6,snapdragon · 8 cores · 3.2 GHz,Not specified,8GB,256GB,6.73 inch · 1080×2400 · 120Hz,4700 mAh capacity,Not specified,camera communication portable android 5G,https://www.kaggle.com/datasets/muzammilbaloch/smartphone-dataset,Kaggle smartphone-dataset (Apache-2.0),2026-08-05T06:07:04.985220+00:00,Smartphones,Oppo,843.25
10001178,Oppo Find X6 Pro,snapdragon · 8 cores · 3.2 GHz,Not specified,12GB,256GB,6.78 inch · 1080×2400 · 120Hz,4700 mAh capacity,Not specified,camera communication portable android 5G,https://www.kaggle.com/datasets/muzammilbaloch/smartphone-dataset,Kaggle smartphone-dataset (Apache-2.0),2026-08-05T06:07:04.985220+00:00,Smartphones,Oppo,939.64
10001179,OPPO K10,snapdragon · 8 cores · 2.4 GHz,Not specified,6GB,128GB,6.59 inch · 1080×2412 · 90Hz,5000 mAh capacity,Not specified,camera communication portable android 4G,https://www.kaggle.com/datasets/muzammilbaloch/smartphone-dataset,Kaggle smartphone-dataset (Apache-2.0),2026-08-05T06:07:04.985220+00:00,Smartphones,Oppo,162.53
10001180,OPPO K10 (8GB RAM + 128GB),snapdragon · 8 cores · 2.4 GHz,Not specified,8GB,128GB,6.59 inch · 1080×2412 · 90Hz,5000 mAh capacity,Not specified,camera communication portable android 4G,https://www.kaggle.com/datasets/muzammilbaloch/smartphone-dataset,Kaggle smartphone-dataset (Apache-2.0),2026-08-05T06:07:04.985220+00:00,Smartphones,Oppo,204.7
10001181,OPPO K10 5G,dimensity · 8 cores · 2.4 GHz,Not specified,8GB,128GB,6.56 inch · 720×1612 · 90Hz,5000 mAh capacity,Not specified,camera communication portable android 5G,https://www.kaggle.com/datasets/muzammilbaloch/smartphone-dataset,Kaggle smartphone-dataset (Apache-2.0),2026-08-05T06:07:04.985220+00:00,Smartphones,Oppo,204.81
10001182,Oppo K10 Pro 5G,snapdragon · 8 cores · 2.84 GHz,Not specified,8GB,128GB,6.62 inch · 1080×2400 · 120Hz,5000 mAh capacity,Not specified,camera communication portable android 5G,https://www.kaggle.com/datasets/muzammilbaloch/smartphone-dataset,Kaggle smartphone-dataset (Apache-2.0),2026-08-05T06:07:04.985220+00:00,Smartphones,Oppo,361.33
10001183,Oppo K10x 5G,snapdragon · 8 cores · 2.2 GHz,Not specified,6GB,128GB,6.59 inch · 1080×2412 · 120Hz,5000 mAh capacity,Not specified,camera communication portable android 5G,https://www.kaggle.com/datasets/muzammilbaloch/smartphone-dataset,Kaggle smartphone-dataset (Apache-2.0),2026-08-05T06:07:04.985220+00:00,Smartphones,Oppo,204.7
10001184,Oppo K5 (8GB RAM + 128GB),snapdragon · 8 cores · 2.2 GHz,Not specified,8GB,128GB,6.4 inch · 1080×2340 · 60Hz,4000 mAh capacity,Not specified,camera communication portable android 4G,https://www.kaggle.com/datasets/muzammilbaloch/smartphone-dataset,Kaggle smartphone-dataset (Apache-2.0),2026-08-05T06:07:04.985220+00:00,Smartphones,Oppo,240.84
10001185,OPPO Reno 10,snapdragon · 8 cores · 2.5 GHz,Not specified,8GB,256GB,6.73 inch · 1080×2412 · 120Hz,5000 mAh capacity,Not specified,camera communication portable android 5G,https://www.kaggle.com/datasets/muzammilbaloch/smartphone-dataset,Kaggle smartphone-dataset (Apache-2.0),2026-08-05T06:07:04.985220+00:00,Smartphones,Oppo,397.58
10001186,OPPO Reno 10 Pro,dimensity · 8 cores · 3.05 GHz,Not specified,16GB,256GB,6.73 inch · 1080×2412 · 120Hz,5000 mAh capacity,Not specified,camera communication portable android 5G,https://www.kaggle.com/datasets/muzammilbaloch/smartphone-dataset,Kaggle smartphone-dataset (Apache-2.0),2026-08-05T06:07:04.985220+00:00,Smartphones,Oppo,517.95
10001187,Oppo Reno 10 Pro Plus,snapdragon · 8 cores · 3.2 GHz,Not specified,12GB,256GB,6.73 inch · 1080×2412 · 120Hz,4700 mAh capacity,Not specified,camera communication portable android 5G,https://www.kaggle.com/datasets/muzammilbaloch/smartphone-dataset,Kaggle smartphone-dataset (Apache-2.0),2026-08-05T06:07:04.985220+00:00,Smartphones,Oppo,710.72
10001188,Oppo Reno 5,snapdragon · 8 cores · 2.4 GHz,Not specified,8GB,128GB,6.43 inch · 1080×2400 · 60Hz,4300 mAh capacity,Not specified,camera communication portable android 5G,https://www.kaggle.com/datasets/muzammilbaloch/smartphone-dataset,Kaggle smartphone-dataset (Apache-2.0),2026-08-05T06:07:04.985220+00:00,Smartphones,Oppo,361.33
10001189,Oppo Reno 5 Pro 5G,dimensity · 8 cores · 2.6 GHz,Not specified,8GB,128GB,6.53 inch · 1080×2400 · 90Hz,4350 mAh capacity,Not specified,camera communication portable android 5G,https://www.kaggle.com/datasets/muzammilbaloch/smartphone-dataset,Kaggle smartphone-dataset (Apache-2.0),2026-08-05T06:07:04.985220+00:00,Smartphones,Oppo,466.27
10001190,Oppo Reno 5A,snapdragon · 8 cores · 2.4 GHz,Not specified,6GB,128GB,6.5 inch · 1080×2400 · 90Hz,4000 mAh capacity,Not specified,camera communication portable android 5G,https://www.kaggle.com/datasets/muzammilbaloch/smartphone-dataset,Kaggle smartphone-dataset (Apache-2.0),2026-08-05T06:07:04.985220+00:00,Smartphones,Oppo,276.99
10001191,OPPO Reno 6,dimensity · 8 cores · 2 GHz,Not specified,8GB,128GB,6.43 inch · 1080×2400 · 90Hz,4300 mAh capacity,Not specified,camera communication portable android 5G,https://www.kaggle.com/datasets/muzammilbaloch/smartphone-dataset,Kaggle smartphone-dataset (Apache-2.0),2026-08-05T06:07:04.985220+00:00,Smartphones,Oppo,317.83
10001192,OPPO Reno 6 Pro 5G,dimensity · 8 cores · 3 GHz,Not specified,12GB,256GB,6.55 inch · 1080×2400 · 90Hz,4500 mAh capacity,Not specified,camera communication portable android 5G,https://www.kaggle.com/datasets/muzammilbaloch/smartphone-dataset,Kaggle smartphone-dataset (Apache-2.0),2026-08-05T06:07:04.985220+00:00,Smartphones,Oppo,442.89
10001193,OPPO Reno 6 Pro Plus 5G,snapdragon · 8 cores · 3.2 GHz,Not specified,8GB,128GB,6.55 inch · 1080×2400 · 90Hz,4500 mAh capacity,Not specified,camera communication portable android 5G,https://www.kaggle.com/datasets/muzammilbaloch/smartphone-dataset,Kaggle smartphone-dataset (Apache-2.0),2026-08-05T06:07:04.985220+00:00,Smartphones,Oppo,542.05
10001194,OPPO Reno 8 House of Dragon Edition,dimensity · 8 cores · 3 GHz,Not specified,8GB,128GB,6.43 inch · 1080×2400 · 90Hz,4500 mAh capacity,Not specified,camera communication portable android 5G,https://www.kaggle.com/datasets/muzammilbaloch/smartphone-dataset,Kaggle smartphone-dataset (Apache-2.0),2026-08-05T06:07:04.985220+00:00,Smartphones,Oppo,397.47
10001195,Oppo Reno 8 Pro (8GB RAM + 256GB),dimensity · 8 cores · 2.85 GHz,Not specified,8GB,256GB,6.7 inch · 1080×2412 · 120Hz,4500 mAh capacity,Not specified,camera communication portable android 5G,https://www.kaggle.com/datasets/muzammilbaloch/smartphone-dataset,Kaggle smartphone-dataset (Apache-2.0),2026-08-05T06:07:04.985220+00:00,Smartphones,Oppo,517.95
10001196,OPPO Reno 8 Pro 5G,dimensity · 8 cores · 2.85 GHz,Not specified,12GB,256GB,6.7 inch · 1080×2412 · 120Hz,4500 mAh capacity,Not specified,camera communication portable android 5G,https://www.kaggle.com/datasets/muzammilbaloch/smartphone-dataset,Kaggle smartphone-dataset (Apache-2.0),2026-08-05T06:07:04.985220+00:00,Smartphones,Oppo,554.2
10001197,OPPO Reno 8 Pro House of Dragon Edition,dimensity · 8 cores · 2.85 GHz,Not specified,12GB,256GB,6.7 inch · 1080×2412 · 120Hz,4500 mAh capacity,Not specified,camera communication portable android 5G,https://www.kaggle.com/datasets/muzammilbaloch/smartphone-dataset,Kaggle smartphone-dataset (Apache-2.0),2026-08-05T06:07:04.985220+00:00,Smartphones,Oppo,554.2
10001198,OPPO Reno 8 Z,snapdragon · 8 cores · 2.2 GHz,Not specified,8GB,256GB,6.43 inch · 1080×2400 · 60Hz,4500 mAh capacity,Not specified,camera communication portable android 5G,https://www.kaggle.com/datasets/muzammilbaloch/smartphone-dataset,Kaggle smartphone-dataset (Apache-2.0),2026-08-05T06:07:04.985220+00:00,Smartphones,Oppo,325.18
10001199,Oppo Reno 8T,snapdragon · 8 cores · 2.2 GHz,Not specified,8GB,256GB,6.67 inch · 1080×2400 · 120Hz,5000 mAh capacity,Not specified,camera communication portable android 5G,https://www.kaggle.com/datasets/muzammilbaloch/smartphone-dataset,Kaggle smartphone-dataset (Apache-2.0),2026-08-05T06:07:04.985220+00:00,Smartphones,Oppo,361.33
10001200,Oppo Reno 8T 4G,helio · 8 cores · 2.2 GHz,Not specified,8GB,256GB,6.67 inch · 1080×2400 · 120Hz,5000 mAh capacity,Not specified,camera communication portable android 4G,https://www.kaggle.com/datasets/muzammilbaloch/smartphone-dataset,Kaggle smartphone-dataset (Apache-2.0),2026-08-05T06:07:04.985220+00:00,Smartphones,Oppo,240.95
10001201,OPPO Reno 9 5G,snapdragon · 8 cores · 2.4 GHz,Not specified,8GB,256GB,6.7 inch · 1080×2412 · 120Hz,4500 mAh capacity,Not specified,camera communication portable android 5G,https://www.kaggle.com/datasets/muzammilbaloch/smartphone-dataset,Kaggle smartphone-dataset (Apache-2.0),2026-08-05T06:07:04.985220+00:00,Smartphones,Oppo,343.36
10001202,OPPO Reno 9 Pro 5G,dimensity · 8 cores · 2.85 GHz,Not specified,16GB,256GB,6.7 inch · 1080×2412 · 120Hz,4500 mAh capacity,Not specified,camera communication portable android 5G,https://www.kaggle.com/datasets/muzammilbaloch/smartphone-dataset,Kaggle smartphone-dataset (Apache-2.0),2026-08-05T06:07:04.985220+00:00,Smartphones,Oppo,481.92
10001203,OPPO Reno 9 Pro Plus,snapdragon · 8 cores · 3.2 GHz,Not specified,16GB,256GB,6.7 inch · 1080×2412 · 120Hz,4700 mAh capacity,Not specified,camera communication portable android 5G,https://www.kaggle.com/datasets/muzammilbaloch/smartphone-dataset,Kaggle smartphone-dataset (Apache-2.0),2026-08-05T06:07:04.985220+00:00,Smartphones,Oppo,554.2
10001204,OPPO Reno 9 Z,snapdragon · 8 cores · 2.2 GHz,Not specified,8GB,128GB,6.58 inch · 1080×2400 · 120Hz,4800 mAh capacity,Not specified,camera communication portable android 5G,https://www.kaggle.com/datasets/muzammilbaloch/smartphone-dataset,Kaggle smartphone-dataset (Apache-2.0),2026-08-05T06:07:04.985220+00:00,Smartphones,Oppo,276.99
10001205,OPPO Reno7 5G,dimensity · 8 cores · 2 GHz,Not specified,8GB,256GB,6.43 inch · 1080×2400 · 90Hz,4500 mAh capacity,Not specified,camera communication portable android 5G,https://www.kaggle.com/datasets/muzammilbaloch/smartphone-dataset,Kaggle smartphone-dataset (Apache-2.0),2026-08-05T06:07:04.985220+00:00,Smartphones,Oppo,313.18
10001206,OPPO Reno7 Pro 5G,dimensity · 8 cores · 3 GHz,Not specified,12GB,256GB,6.55 inch · 1080×2400 · 90Hz,4500 mAh capacity,Not specified,camera communication portable android 5G,https://www.kaggle.com/datasets/muzammilbaloch/smartphone-dataset,Kaggle smartphone-dataset (Apache-2.0),2026-08-05T06:07:04.985220+00:00,Smartphones,Oppo,385.47
10001207,OPPO Reno7 Z 5G,snapdragon · 8 cores · 2.2 GHz,Not specified,8GB,128GB,6.43 inch · 1080×2400 · 60Hz,4500 mAh capacity,Not specified,camera communication portable android 5G,https://www.kaggle.com/datasets/muzammilbaloch/smartphone-dataset,Kaggle smartphone-dataset (Apache-2.0),2026-08-05T06:07:04.985220+00:00,Smartphones,Oppo,216.86
10001208,OPPO Reno8 5G,dimensity · 8 cores · 3 GHz,Not specified,8GB,128GB,6.43 inch · 1080×2400 · 90Hz,4500 mAh capacity,Not specified,camera communication portable android 5G,https://www.kaggle.com/datasets/muzammilbaloch/smartphone-dataset,Kaggle smartphone-dataset (Apache-2.0),2026-08-05T06:07:04.985220+00:00,Smartphones,Oppo,353.49
10001209,OPPO X 2021,snapdragon · 8 cores · 2.84 GHz,Not specified,8GB,256GB,7.4 inch · 1440×3200 · 60Hz,4000 mAh capacity,Not specified,camera communication portable android 4G,https://www.kaggle.com/datasets/muzammilbaloch/smartphone-dataset,Kaggle smartphone-dataset (Apache-2.0),2026-08-05T06:07:04.985220+00:00,Smartphones,Oppo,1626.49
10001210,Oukitel WP19,helio · 8 cores · 2 GHz,Not specified,8GB,256GB,6.78 inch · 1080×2400 · 60Hz,21000 mAh capacity,Not specified,camera communication portable android 4G,https://www.kaggle.com/datasets/muzammilbaloch/smartphone-dataset,Kaggle smartphone-dataset (Apache-2.0),2026-08-05T06:07:04.985220+00:00,Smartphones,Oukitel,361.33
10001211,Oukitel WP21,helio · 8 cores · 2.2 GHz,Not specified,12GB,256GB,6.78 inch · 1080×2400 · 120Hz,9800 mAh capacity,Not specified,camera communication portable 4G,https://www.kaggle.com/datasets/muzammilbaloch/smartphone-dataset,Kaggle smartphone-dataset (Apache-2.0),2026-08-05T06:07:04.985220+00:00,Smartphones,Oukitel,276.99
10001212,Oukitel WP9,helio · 8 cores · 2 GHz,Not specified,6GB,128GB,5.86 inch · 720×1520 · 60Hz,8000 mAh capacity,Not specified,camera communication portable android 4G,https://www.kaggle.com/datasets/muzammilbaloch/smartphone-dataset,Kaggle smartphone-dataset (Apache-2.0),2026-08-05T06:07:04.985220+00:00,Smartphones,Oukitel,312.04
10001213,POCO C31,helio · 8 cores · 2.3 GHz,Not specified,3GB,32GB,6.53 inch · 720×1600 · 60Hz,5000 mAh capacity,Not specified,camera communication portable android 4G,https://www.kaggle.com/datasets/muzammilbaloch/smartphone-dataset,Kaggle smartphone-dataset (Apache-2.0),2026-08-05T06:07:04.985220+00:00,Smartphones,Poco,78.3
10001214,POCO C31 (4GB RAM + 64GB),helio · 8 cores · 2.3 GHz,Not specified,4GB,64GB,6.53 inch · 720×1600 · 60Hz,5000 mAh capacity,Not specified,camera communication portable android 4G,https://www.kaggle.com/datasets/muzammilbaloch/smartphone-dataset,Kaggle smartphone-dataset (Apache-2.0),2026-08-05T06:07:04.985220+00:00,Smartphones,Poco,90.35
10001215,Poco C50,helio · 4 cores · 2 GHz,Not specified,2GB,32GB,6.52 inch · 720×1600 · 60Hz,5000 mAh capacity,Not specified,camera communication portable android 4G,https://www.kaggle.com/datasets/muzammilbaloch/smartphone-dataset,Kaggle smartphone-dataset (Apache-2.0),2026-08-05T06:07:04.985220+00:00,Smartphones,Poco,78.3
10001216,Poco C50 (3GB RAM + 32GB),helio · 4 cores · 2 GHz,Not specified,3GB,32GB,6.52 inch · 720×1600 · 60Hz,5000 mAh capacity,Not specified,camera communication portable android 4G,https://www.kaggle.com/datasets/muzammilbaloch/smartphone-dataset,Kaggle smartphone-dataset (Apache-2.0),2026-08-05T06:07:04.985220+00:00,Smartphones,Poco,87.94
10001217,Poco C55,helio · 8 cores · 2 GHz,Not specified,4GB,64GB,6.71 inch · 720×1650 · 60Hz,5000 mAh capacity,Not specified,camera communication portable android 4G,https://www.kaggle.com/datasets/muzammilbaloch/smartphone-dataset,Kaggle smartphone-dataset (Apache-2.0),2026-08-05T06:07:04.985220+00:00,Smartphones,Poco,96.37
10001218,Poco F3 GT,dimensity · 8 cores · 3 GHz,Not specified,6GB,128GB,6.67 inch · 1080×2400 · 120Hz,5065 mAh capacity,Not specified,camera communication portable android 5G,https://www.kaggle.com/datasets/muzammilbaloch/smartphone-dataset,Kaggle smartphone-dataset (Apache-2.0),2026-08-05T06:07:04.985220+00:00,Smartphones,Poco,397.58
10001219,Poco F4 (12GB RAM + 256GB),snapdragon · 8 cores · 3.2 GHz,Not specified,12GB,256GB,6.67 inch · 1080×2400 · 120Hz,4500 mAh capacity,Not specified,camera communication portable android 5G,https://www.kaggle.com/datasets/muzammilbaloch/smartphone-dataset,Kaggle smartphone-dataset (Apache-2.0),2026-08-05T06:07:04.985220+00:00,Smartphones,Poco,361.43
10001220,Poco F4 5G,snapdragon · 8 cores · 3.2 GHz,Not specified,6GB,128GB,6.67 inch · 1080×2400 · 120Hz,4500 mAh capacity,Not specified,camera communication portable android 5G,https://www.kaggle.com/datasets/muzammilbaloch/smartphone-dataset,Kaggle smartphone-dataset (Apache-2.0),2026-08-05T06:07:04.985220+00:00,Smartphones,Poco,313.24
10001221,Poco F4 5G (8GB RAM + 128GB),snapdragon · 8 cores · 3.2 GHz,Not specified,8GB,128GB,6.67 inch · 1080×2400 · 120Hz,4500 mAh capacity,Not specified,camera communication portable android 5G,https://www.kaggle.com/datasets/muzammilbaloch/smartphone-dataset,Kaggle smartphone-dataset (Apache-2.0),2026-08-05T06:07:04.985220+00:00,Smartphones,Poco,337.34
10001222,POCO F4 GT 5G,snapdragon · 8 cores · 3 GHz,Not specified,8GB,128GB,6.67 inch · 1080×2400 · 120Hz,4700 mAh capacity,Not specified,camera communication portable android 5G,https://www.kaggle.com/datasets/muzammilbaloch/smartphone-dataset,Kaggle smartphone-dataset (Apache-2.0),2026-08-05T06:07:04.985220+00:00,Smartphones,Poco,481.92
10001223,Poco F5,snapdragon · 8 cores · 3.2 GHz,Not specified,8GB,128GB,6.7 inch · 1080×2400 · 120Hz,4700 mAh capacity,Not specified,camera communication portable android 5G,https://www.kaggle.com/datasets/muzammilbaloch/smartphone-dataset,Kaggle smartphone-dataset (Apache-2.0),2026-08-05T06:07:04.985220+00:00,Smartphones,Poco,421.57
10001224,POCO F5 GT 5G,dimensity · 8 cores · 3 GHz,Not specified,8GB,128GB,6.67 inch · 1080×2412 · 120Hz,4500 mAh capacity,Not specified,camera communication portable android 5G,https://www.kaggle.com/datasets/muzammilbaloch/smartphone-dataset,Kaggle smartphone-dataset (Apache-2.0),2026-08-05T06:07:04.985220+00:00,Smartphones,Poco,518.06
10001225,Poco F5 Pro,snapdragon · 8 cores · 3.2 GHz,Not specified,8GB,128GB,6.67 inch · 1440×3200 · 120Hz,5500 mAh capacity,Not specified,camera communication portable android 5G,https://www.kaggle.com/datasets/muzammilbaloch/smartphone-dataset,Kaggle smartphone-dataset (Apache-2.0),2026-08-05T06:07:04.985220+00:00,Smartphones,Poco,361.43
10001226,Poco M2,helio · 8 cores · 2 GHz,Not specified,6GB,64GB,6.53 inch · 1080×2340 · 60Hz,5000 mAh capacity,Not specified,camera communication portable android 4G,https://www.kaggle.com/datasets/muzammilbaloch/smartphone-dataset,Kaggle smartphone-dataset (Apache-2.0),2026-08-05T06:07:04.985220+00:00,Smartphones,Poco,131.2
10001227,POCO M2 Pro,snapdragon · 8 cores · 2.3 GHz,Not specified,4GB,64GB,6.67 inch · 1080×2400 · 60Hz,5000 mAh capacity,Not specified,camera communication portable android 4G,https://www.kaggle.com/datasets/muzammilbaloch/smartphone-dataset,Kaggle smartphone-dataset (Apache-2.0),2026-08-05T06:07:04.985220+00:00,Smartphones,Poco,154.2
10001228,Poco M3,snapdragon · 8 cores · 2 GHz,Not specified,6GB,64GB,6.53 inch · 1080×2340 · 60Hz,6000 mAh capacity,Not specified,camera communication portable android 4G,https://www.kaggle.com/datasets/muzammilbaloch/smartphone-dataset,Kaggle smartphone-dataset (Apache-2.0),2026-08-05T06:07:04.985220+00:00,Smartphones,Poco,138.54
10001229,POCO M3 Pro 5G,dimensity · 8 cores · 2.2 GHz,Not specified,4GB,64GB,6.5 inch · 1080×2400 · 90Hz,5000 mAh capacity,Not specified,camera communication portable android 5G,https://www.kaggle.com/datasets/muzammilbaloch/smartphone-dataset,Kaggle smartphone-dataset (Apache-2.0),2026-08-05T06:07:04.985220+00:00,Smartphones,Poco,192.76
10001230,POCO M3 Pro 5G (6GB RAM + 128GB),dimensity · 8 cores · 2.2 GHz,Not specified,6GB,128GB,6.5 inch · 1080×2400 · 90Hz,5000 mAh capacity,Not specified,camera communication portable android 5G,https://www.kaggle.com/datasets/muzammilbaloch/smartphone-dataset,Kaggle smartphone-dataset (Apache-2.0),2026-08-05T06:07:04.985220+00:00,Smartphones,Poco,178.3
10001231,Poco M4 5G,dimensity · 8 cores · 2.2 GHz,Not specified,4GB,64GB,6.58 inch · 1080×2400 · 90Hz,5000 mAh capacity,Not specified,camera communication portable android 5G,https://www.kaggle.com/datasets/muzammilbaloch/smartphone-dataset,Kaggle smartphone-dataset (Apache-2.0),2026-08-05T06:07:04.985220+00:00,Smartphones,Poco,138.54
10001232,Poco M4 5G (6GB RAM + 128GB),dimensity · 8 cores · 2.2 GHz,Not specified,6GB,128GB,6.58 inch · 1080×2400 · 90Hz,5000 mAh capacity,Not specified,camera communication portable android 5G,https://www.kaggle.com/datasets/muzammilbaloch/smartphone-dataset,Kaggle smartphone-dataset (Apache-2.0),2026-08-05T06:07:04.985220+00:00,Smartphones,Poco,162.64
10001233,POCO M4 Pro 4G,helio · 8 cores · 2.05 GHz,Not specified,6GB,64GB,6.43 inch · 1080×2400 · 90Hz,5000 mAh capacity,Not specified,camera communication portable android 4G,https://www.kaggle.com/datasets/muzammilbaloch/smartphone-dataset,Kaggle smartphone-dataset (Apache-2.0),2026-08-05T06:07:04.985220+00:00,Smartphones,Poco,144.57
10001234,POCO M4 Pro 4G (6GB RAM + 128GB),helio · 8 cores · 2.05 GHz,Not specified,6GB,128GB,6.43 inch · 1080×2400 · 90Hz,5000 mAh capacity,Not specified,camera communication portable android 4G,https://www.kaggle.com/datasets/muzammilbaloch/smartphone-dataset,Kaggle smartphone-dataset (Apache-2.0),2026-08-05T06:07:04.985220+00:00,Smartphones,Poco,156.61
10001235,POCO M4 Pro 4G (8GB RAM + 128GB),helio · 8 cores · 2.05 GHz,Not specified,8GB,128GB,6.43 inch · 1080×2400 · 90Hz,5000 mAh capacity,Not specified,camera communication portable android 4G,https://www.kaggle.com/datasets/muzammilbaloch/smartphone-dataset,Kaggle smartphone-dataset (Apache-2.0),2026-08-05T06:07:04.985220+00:00,Smartphones,Poco,168.66
10001236,Poco M4 Pro 5G,dimensity · 8 cores · 2.4 GHz,Not specified,4GB,64GB,6.6 inch · 1080×2400 · 90Hz,5000 mAh capacity,Not specified,camera communication portable android 5G,https://www.kaggle.com/datasets/muzammilbaloch/smartphone-dataset,Kaggle smartphone-dataset (Apache-2.0),2026-08-05T06:07:04.985220+00:00,Smartphones,Poco,156.61
10001237,Poco M4 Pro 5G (6GB RAM + 128GB),dimensity · 8 cores · 2.4 GHz,Not specified,6GB,128GB,6.6 inch · 1080×2400 · 90Hz,5000 mAh capacity,Not specified,camera communication portable android 5G,https://www.kaggle.com/datasets/muzammilbaloch/smartphone-dataset,Kaggle smartphone-dataset (Apache-2.0),2026-08-05T06:07:04.985220+00:00,Smartphones,Poco,180.71
10001238,Poco M4 Pro 5G (8GB RAM + 128GB),dimensity · 8 cores · 2.4 GHz,Not specified,8GB,128GB,6.6 inch · 1080×2400 · 90Hz,5000 mAh capacity,Not specified,camera communication portable android 5G,https://www.kaggle.com/datasets/muzammilbaloch/smartphone-dataset,Kaggle smartphone-dataset (Apache-2.0),2026-08-05T06:07:04.985220+00:00,Smartphones,Poco,192.76
10001239,Poco M5,helio · 8 cores · 2.2 GHz,Not specified,4GB,64GB,6.58 inch · 1080×2400 · 90Hz,5000 mAh capacity,Not specified,camera communication portable android 4G,https://www.kaggle.com/datasets/muzammilbaloch/smartphone-dataset,Kaggle smartphone-dataset (Apache-2.0),2026-08-05T06:07:04.985220+00:00,Smartphones,Poco,130.11
10001240,Poco M5 (6GB RAM + 128GB),helio · 8 cores · 2.2 GHz,Not specified,6GB,128GB,6.58 inch · 1080×2400 · 90Hz,5000 mAh capacity,Not specified,camera communication portable android 4G,https://www.kaggle.com/datasets/muzammilbaloch/smartphone-dataset,Kaggle smartphone-dataset (Apache-2.0),2026-08-05T06:07:04.985220+00:00,Smartphones,Poco,174.69
10001241,Poco M6 Pro,dimensity · 8 cores · 2.5 GHz,Not specified,8GB,128GB,6.73 inch · 1080×2400 · 120Hz,5100 mAh capacity,Not specified,camera communication portable android 5G,https://www.kaggle.com/datasets/muzammilbaloch/smartphone-dataset,Kaggle smartphone-dataset (Apache-2.0),2026-08-05T06:07:04.985220+00:00,Smartphones,Poco,240.84
10001242,Poco X3,snapdragon · 8 cores · 2.3 GHz,Not specified,6GB,64GB,6.67 inch · 1080×2400 · 120Hz,6000 mAh capacity,Not specified,camera communication portable android 4G,https://www.kaggle.com/datasets/muzammilbaloch/smartphone-dataset,Kaggle smartphone-dataset (Apache-2.0),2026-08-05T06:07:04.985220+00:00,Smartphones,Poco,162.64
10001243,Poco X3 Pro,snapdragon · 8 cores · 2.96 GHz,Not specified,6GB,128GB,6.67 inch · 1080×2400 · 120Hz,5160 mAh capacity,Not specified,camera communication portable android 4G,https://www.kaggle.com/datasets/muzammilbaloch/smartphone-dataset,Kaggle smartphone-dataset (Apache-2.0),2026-08-05T06:07:04.985220+00:00,Smartphones,Poco,236.75
10001244,Poco X4,dimensity · 8 cores · 2.2 GHz,Not specified,6GB,128GB,6.67 inch · 1080×2400 · 120Hz,5000 mAh capacity,Not specified,camera communication portable android 5G,https://www.kaggle.com/datasets/muzammilbaloch/smartphone-dataset,Kaggle smartphone-dataset (Apache-2.0),2026-08-05T06:07:04.985220+00:00,Smartphones,Poco,180.6
10001245,POCO X4 GT 5G,dimensity · 8 cores · 2.85 GHz,Not specified,8GB,128GB,6.6 inch · 1080×2460 · 144Hz,5080 mAh capacity,Not specified,camera communication portable android 5G,https://www.kaggle.com/datasets/muzammilbaloch/smartphone-dataset,Kaggle smartphone-dataset (Apache-2.0),2026-08-05T06:07:04.985220+00:00,Smartphones,Poco,301.08
10001246,POCO X4 GT 5G (8GB RAM + 256GB),dimensity · 8 cores · 2.85 GHz,Not specified,8GB,256GB,6.6 inch · 1080×2460 · 144Hz,5080 mAh capacity,Not specified,camera communication portable android 5G,https://www.kaggle.com/datasets/muzammilbaloch/smartphone-dataset,Kaggle smartphone-dataset (Apache-2.0),2026-08-05T06:07:04.985220+00:00,Smartphones,Poco,349.28
10001247,Poco X4 Pro 5G,snapdragon · 8 cores · 2.2 GHz,Not specified,6GB,64GB,6.67 inch · 1080×2400 · 120Hz,5000 mAh capacity,Not specified,camera communication portable android 5G,https://www.kaggle.com/datasets/muzammilbaloch/smartphone-dataset,Kaggle smartphone-dataset (Apache-2.0),2026-08-05T06:07:04.985220+00:00,Smartphones,Poco,180.71
10001248,Poco X4 Pro 5G (6GB RAM + 128GB),snapdragon · 8 cores · 2.2 GHz,Not specified,6GB,128GB,6.67 inch · 1080×2400 · 120Hz,5000 mAh capacity,Not specified,camera communication portable android 5G,https://www.kaggle.com/datasets/muzammilbaloch/smartphone-dataset,Kaggle smartphone-dataset (Apache-2.0),2026-08-05T06:07:04.985220+00:00,Smartphones,Poco,198.78
10001249,Poco X4 Pro 5G (8GB RAM + 128GB),snapdragon · 8 cores · 2.2 GHz,Not specified,8GB,128GB,6.67 inch · 1080×2400 · 120Hz,5000 mAh capacity,Not specified,camera communication portable android 5G,https://www.kaggle.com/datasets/muzammilbaloch/smartphone-dataset,Kaggle smartphone-dataset (Apache-2.0),2026-08-05T06:07:04.985220+00:00,Smartphones,Poco,216.86
10001250,Poco X5,snapdragon · 8 cores · 2.2 GHz,Not specified,4GB,128GB,6.67 inch · 1080×2400 · 120Hz,5000 mAh capacity,Not specified,camera communication portable android 5G,https://www.kaggle.com/datasets/muzammilbaloch/smartphone-dataset,Kaggle smartphone-dataset (Apache-2.0),2026-08-05T06:07:04.985220+00:00,Smartphones,Poco,180.71
10001251,POCO X5 GT,dimensity · 8 cores · 3.2 GHz,Not specified,8GB,128GB,6.7 inch · 1080×2400 · 144Hz,5000 mAh capacity,Not specified,camera communication portable android 5G,https://www.kaggle.com/datasets/muzammilbaloch/smartphone-dataset,Kaggle smartphone-dataset (Apache-2.0),2026-08-05T06:07:04.985220+00:00,Smartphones,Poco,361.33
10001252,Poco X5 Pro,snapdragon · 8 cores · 2.4 GHz,Not specified,6GB,128GB,6.67 inch · 1080×2400 · 120Hz,5000 mAh capacity,Not specified,camera communication portable android 5G,https://www.kaggle.com/datasets/muzammilbaloch/smartphone-dataset,Kaggle smartphone-dataset (Apache-2.0),2026-08-05T06:07:04.985220+00:00,Smartphones,Poco,253.0
10001253,Poco X6 Pro 5G,snapdragon · 8 cores · GHz,Not specified,6GB,128GB,6.67 inch · 1080×2400 · 120Hz,5000 mAh capacity,Not specified,camera communication portable android 5G,https://www.kaggle.com/datasets/muzammilbaloch/smartphone-dataset,Kaggle smartphone-dataset (Apache-2.0),2026-08-05T06:07:04.985220+00:00,Smartphones,Poco,240.95
10001254,Realme 10,helio · 8 cores · 2.2 GHz,Not specified,4GB,64GB,6.4 inch · 1080×2400 · 90Hz,5000 mAh capacity,Not specified,camera communication portable android 4G,https://www.kaggle.com/datasets/muzammilbaloch/smartphone-dataset,Kaggle smartphone-dataset (Apache-2.0),2026-08-05T06:07:04.985220+00:00,Smartphones,Realme,168.66
10001255,Realme 10 (8GB RAM + 128GB),helio · 8 cores · 2.2 GHz,Not specified,8GB,128GB,6.4 inch · 1080×2400 · 90Hz,5000 mAh capacity,Not specified,camera communication portable android 4G,https://www.kaggle.com/datasets/muzammilbaloch/smartphone-dataset,Kaggle smartphone-dataset (Apache-2.0),2026-08-05T06:07:04.985220+00:00,Smartphones,Realme,204.81
10001256,Realme 10 5G,dimensity · 8 cores · 2.2 GHz,Not specified,8GB,128GB,6.6 inch · 1080×2408 · 90Hz,5000 mAh capacity,Not specified,camera communication portable android 5G,https://www.kaggle.com/datasets/muzammilbaloch/smartphone-dataset,Kaggle smartphone-dataset (Apache-2.0),2026-08-05T06:07:04.985220+00:00,Smartphones,Realme,174.69
10001257,Realme 10 Pro,snapdragon · 8 cores · 2.2 GHz,Not specified,6GB,128GB,6.72 inch · 1080×2400 · 120Hz,5000 mAh capacity,Not specified,camera communication portable android 5G,https://www.kaggle.com/datasets/muzammilbaloch/smartphone-dataset,Kaggle smartphone-dataset (Apache-2.0),2026-08-05T06:07:04.985220+00:00,Smartphones,Realme,228.9
10001258,Realme 10 Pro (8GB RAM + 128GB),snapdragon · 8 cores · 2.2 GHz,Not specified,8GB,128GB,6.72 inch · 1080×2400 · 120Hz,5000 mAh capacity,Not specified,camera communication portable android 5G,https://www.kaggle.com/datasets/muzammilbaloch/smartphone-dataset,Kaggle smartphone-dataset (Apache-2.0),2026-08-05T06:07:04.985220+00:00,Smartphones,Realme,240.95
10001259,Realme 10 Pro Plus,dimensity · 8 cores · 2.6 GHz,Not specified,6GB,128GB,6.7 inch · 1080×2412 · 120Hz,5000 mAh capacity,Not specified,camera communication portable android 5G,https://www.kaggle.com/datasets/muzammilbaloch/smartphone-dataset,Kaggle smartphone-dataset (Apache-2.0),2026-08-05T06:07:04.985220+00:00,Smartphones,Realme,301.19
10001260,Realme 10 Pro Plus (8GB RAM + 256GB),dimensity · 8 cores · 2.6 GHz,Not specified,8GB,256GB,6.7 inch · 1080×2412 · 120Hz,5000 mAh capacity,Not specified,camera communication portable android 5G,https://www.kaggle.com/datasets/muzammilbaloch/smartphone-dataset,Kaggle smartphone-dataset (Apache-2.0),2026-08-05T06:07:04.985220+00:00,Smartphones,Realme,337.34
10001261,Realme 10s,dimensity · 8 cores · 2.4 GHz,Not specified,8GB,128GB,6.6 inch · 1080×2408 · 90Hz,5000 mAh capacity,Not specified,camera communication portable android 5G,https://www.kaggle.com/datasets/muzammilbaloch/smartphone-dataset,Kaggle smartphone-dataset (Apache-2.0),2026-08-05T06:07:04.985220+00:00,Smartphones,Realme,156.61
10001262,Realme 11 Pro,snapdragon · 8 cores · 3 GHz,Not specified,6GB,128GB,6.4 inch · 1080×2400 · 120Hz,5000 mAh capacity,Not specified,camera communication portable android 5G,https://www.kaggle.com/datasets/muzammilbaloch/smartphone-dataset,Kaggle smartphone-dataset (Apache-2.0),2026-08-05T06:07:04.985220+00:00,Smartphones,Realme,349.39
10001263,Realme 11 Pro Plus,dimensity · 8 cores · 2.2 GHz,Not specified,6GB,128GB,6.4 inch · 1080×2400 · 90Hz,4200 mAh capacity,Not specified,camera communication portable android 5G,https://www.kaggle.com/datasets/muzammilbaloch/smartphone-dataset,Kaggle smartphone-dataset (Apache-2.0),2026-08-05T06:07:04.985220+00:00,Smartphones,Realme,301.19
10001264,Realme 6 (6GB RAM + 64GB),helio · 8 cores · 2.05 GHz,Not specified,6GB,64GB,6.5 inch · 1080×2400 · 90Hz,4300 mAh capacity,Not specified,camera communication portable android 4G,https://www.kaggle.com/datasets/muzammilbaloch/smartphone-dataset,Kaggle smartphone-dataset (Apache-2.0),2026-08-05T06:07:04.985220+00:00,Smartphones,Realme,156.49
10001265,Realme 6 Pro,snapdragon · 8 cores · 2.3 GHz,Not specified,6GB,64GB,6.6 inch · 1080×2400 · 90Hz,4300 mAh capacity,Not specified,camera communication portable android 4G,https://www.kaggle.com/datasets/muzammilbaloch/smartphone-dataset,Kaggle smartphone-dataset (Apache-2.0),2026-08-05T06:07:04.985220+00:00,Smartphones,Realme,174.58
10001266,Realme 7 Pro (8GB RAM + 128GB),snapdragon · 8 cores · 2.3 GHz,Not specified,8GB,128GB,6.4 inch · 1080×2400 · 60Hz,4500 mAh capacity,Not specified,camera communication portable android 4G,https://www.kaggle.com/datasets/muzammilbaloch/smartphone-dataset,Kaggle smartphone-dataset (Apache-2.0),2026-08-05T06:07:04.985220+00:00,Smartphones,Realme,265.05
10001267,Realme 8,helio · 8 cores · 2 GHz,Not specified,4GB,128GB,6.4 inch · 1080×2400 · 60Hz,5000 mAh capacity,Not specified,camera communication portable android 4G,https://www.kaggle.com/datasets/muzammilbaloch/smartphone-dataset,Kaggle smartphone-dataset (Apache-2.0),2026-08-05T06:07:04.985220+00:00,Smartphones,Realme,192.76
10001268,Realme 8 (8GB RAM + 128GB),helio · 8 cores · 2 GHz,Not specified,8GB,128GB,6.4 inch · 1080×2400 · 60Hz,5000 mAh capacity,Not specified,camera communication portable android 4G,https://www.kaggle.com/datasets/muzammilbaloch/smartphone-dataset,Kaggle smartphone-dataset (Apache-2.0),2026-08-05T06:07:04.985220+00:00,Smartphones,Realme,216.86
10001269,Realme 8 5G,dimensity · 8 cores · 2.2 GHz,Not specified,4GB,128GB,6.5 inch · 1080×2400 · 90Hz,5000 mAh capacity,Not specified,camera communication portable android 5G,https://www.kaggle.com/datasets/muzammilbaloch/smartphone-dataset,Kaggle smartphone-dataset (Apache-2.0),2026-08-05T06:07:04.985220+00:00,Smartphones,Realme,198.78
10001270,Realme 8 5G (8GB RAM + 128GB),dimensity · 8 cores · 2.2 GHz,Not specified,8GB,128GB,6.5 inch · 1080×2400 · 90Hz,5000 mAh capacity,Not specified,camera communication portable android 5G,https://www.kaggle.com/datasets/muzammilbaloch/smartphone-dataset,Kaggle smartphone-dataset (Apache-2.0),2026-08-05T06:07:04.985220+00:00,Smartphones,Realme,222.88
10001271,Realme 8i,helio · 8 cores · 2.05 GHz,Not specified,4GB,64GB,6.6 inch · 1080×2412 · 120Hz,5000 mAh capacity,Not specified,camera communication portable android 4G,https://www.kaggle.com/datasets/muzammilbaloch/smartphone-dataset,Kaggle smartphone-dataset (Apache-2.0),2026-08-05T06:07:04.985220+00:00,Smartphones,Realme,150.59
10001272,Realme 8i (6GB RAM + 128GB),helio · 8 cores · 2.05 GHz,Not specified,6GB,128GB,6.6 inch · 1080×2412 · 120Hz,5000 mAh capacity,Not specified,camera communication portable android 4G,https://www.kaggle.com/datasets/muzammilbaloch/smartphone-dataset,Kaggle smartphone-dataset (Apache-2.0),2026-08-05T06:07:04.985220+00:00,Smartphones,Realme,168.66
10001273,Realme 8s 5G,dimensity · 8 cores · 2.4 GHz,Not specified,6GB,128GB,6.5 inch · 1080×2400 · 90Hz,5000 mAh capacity,Not specified,camera communication portable android 5G,https://www.kaggle.com/datasets/muzammilbaloch/smartphone-dataset,Kaggle smartphone-dataset (Apache-2.0),2026-08-05T06:07:04.985220+00:00,Smartphones,Realme,216.86
10001274,Realme 8s 5G (8GB RAM + 128GB),dimensity · 8 cores · 2.4 GHz,Not specified,8GB,128GB,6.5 inch · 1080×2400 · 90Hz,5000 mAh capacity,Not specified,camera communication portable android 5G,https://www.kaggle.com/datasets/muzammilbaloch/smartphone-dataset,Kaggle smartphone-dataset (Apache-2.0),2026-08-05T06:07:04.985220+00:00,Smartphones,Realme,210.83
10001275,Realme 9 4G,snapdragon · 8 cores · 2.4 GHz,Not specified,6GB,128GB,6.4 inch · 1080×2400 · 90Hz,5000 mAh capacity,Not specified,camera communication portable android 4G,https://www.kaggle.com/datasets/muzammilbaloch/smartphone-dataset,Kaggle smartphone-dataset (Apache-2.0),2026-08-05T06:07:04.985220+00:00,Smartphones,Realme,180.71
10001276,Realme 9 4G (8GB RAM + 128GB),snapdragon · 8 cores · 2.4 GHz,Not specified,8GB,128GB,6.4 inch · 1080×2400 · 90Hz,5000 mAh capacity,Not specified,camera communication portable android 4G,https://www.kaggle.com/datasets/muzammilbaloch/smartphone-dataset,Kaggle smartphone-dataset (Apache-2.0),2026-08-05T06:07:04.985220+00:00,Smartphones,Realme,192.76
10001277,Realme 9 5G,dimensity · 8 cores · 2.4 GHz,Not specified,4GB,64GB,6.5 inch · 1080×2400 · 90Hz,5000 mAh capacity,Not specified,camera communication portable android 5G,https://www.kaggle.com/datasets/muzammilbaloch/smartphone-dataset,Kaggle smartphone-dataset (Apache-2.0),2026-08-05T06:07:04.985220+00:00,Smartphones,Realme,168.66
10001278,Realme 9 5G (6GB RAM + 128GB),dimensity · 8 cores · 2.4 GHz,Not specified,6GB,128GB,6.5 inch · 1080×2400 · 90Hz,5000 mAh capacity,Not specified,camera communication portable android 5G,https://www.kaggle.com/datasets/muzammilbaloch/smartphone-dataset,Kaggle smartphone-dataset (Apache-2.0),2026-08-05T06:07:04.985220+00:00,Smartphones,Realme,186.73
10001279,Realme 9 5G SE,snapdragon · 8 cores · 2.4 GHz,Not specified,6GB,128GB,6.6 inch · 1080×2412 · 144Hz,5000 mAh capacity,Not specified,camera communication portable android 5G,https://www.kaggle.com/datasets/muzammilbaloch/smartphone-dataset,Kaggle smartphone-dataset (Apache-2.0),2026-08-05T06:07:04.985220+00:00,Smartphones,Realme,228.9
10001280,Realme 9 5G SE (8GB RAM + 128GB),snapdragon · 8 cores · 2.4 GHz,Not specified,8GB,128GB,6.6 inch · 1080×2412 · 144Hz,5000 mAh capacity,Not specified,camera communication portable android 5G,https://www.kaggle.com/datasets/muzammilbaloch/smartphone-dataset,Kaggle smartphone-dataset (Apache-2.0),2026-08-05T06:07:04.985220+00:00,Smartphones,Realme,277.08
10001281,Realme 9 Pro 5G,snapdragon · 8 cores · 2.2 GHz,Not specified,6GB,128GB,6.6 inch · 1080×2412 · 120Hz,5000 mAh capacity,Not specified,camera communication portable android 5G,https://www.kaggle.com/datasets/muzammilbaloch/smartphone-dataset,Kaggle smartphone-dataset (Apache-2.0),2026-08-05T06:07:04.985220+00:00,Smartphones,Realme,228.9
10001282,Realme 9 Pro 5G (8GB RAM + 128GB),snapdragon · 8 cores · 2.2 GHz,Not specified,8GB,128GB,6.6 inch · 1080×2412 · 120Hz,5000 mAh capacity,Not specified,camera communication portable android 5G,https://www.kaggle.com/datasets/muzammilbaloch/smartphone-dataset,Kaggle smartphone-dataset (Apache-2.0),2026-08-05T06:07:04.985220+00:00,Smartphones,Realme,253.0
10001283,Realme 9 Pro Plus 5G,dimensity · 8 cores · 2.5 GHz,Not specified,6GB,128GB,6.4 inch · 1080×2400 · 90Hz,4500 mAh capacity,Not specified,camera communication portable android 5G,https://www.kaggle.com/datasets/muzammilbaloch/smartphone-dataset,Kaggle smartphone-dataset (Apache-2.0),2026-08-05T06:07:04.985220+00:00,Smartphones,Realme,312.05
10001284,Realme 9 Pro Plus 5G (8GB RAM + 128GB),dimensity · 8 cores · 2.5 GHz,Not specified,8GB,128GB,6.4 inch · 1080×2400 · 90Hz,4500 mAh capacity,Not specified,camera communication portable android 5G,https://www.kaggle.com/datasets/muzammilbaloch/smartphone-dataset,Kaggle smartphone-dataset (Apache-2.0),2026-08-05T06:07:04.985220+00:00,Smartphones,Realme,277.04
10001285,Realme 9 Pro Plus 5G (8GB RAM + 256GB),dimensity · 8 cores · 2.5 GHz,Not specified,8GB,256GB,6.4 inch · 1080×2400 · 90Hz,4500 mAh capacity,Not specified,camera communication portable android 5G,https://www.kaggle.com/datasets/muzammilbaloch/smartphone-dataset,Kaggle smartphone-dataset (Apache-2.0),2026-08-05T06:07:04.985220+00:00,Smartphones,Realme,295.11
10001286,Realme 9i,snapdragon · 8 cores · 2.4 GHz,Not specified,4GB,64GB,6.6 inch · 1080×2412 · 90Hz,5000 mAh capacity,Not specified,camera communication portable android 4G,https://www.kaggle.com/datasets/muzammilbaloch/smartphone-dataset,Kaggle smartphone-dataset (Apache-2.0),2026-08-05T06:07:04.985220+00:00,Smartphones,Realme,150.59
10001287,Realme 9i (4GB RAM + 128GB),snapdragon · 8 cores · 2.4 GHz,Not specified,4GB,128GB,6.6 inch · 1080×2412 · 90Hz,5000 mAh capacity,Not specified,camera communication portable android 4G,https://www.kaggle.com/datasets/muzammilbaloch/smartphone-dataset,Kaggle smartphone-dataset (Apache-2.0),2026-08-05T06:07:04.985220+00:00,Smartphones,Realme,168.66
10001288,Realme 9i (6GB RAM + 128GB),snapdragon · 8 cores · 2.4 GHz,Not specified,6GB,128GB,6.6 inch · 1080×2412 · 90Hz,5000 mAh capacity,Not specified,camera communication portable android 4G,https://www.kaggle.com/datasets/muzammilbaloch/smartphone-dataset,Kaggle smartphone-dataset (Apache-2.0),2026-08-05T06:07:04.985220+00:00,Smartphones,Realme,180.71
10001289,Realme 9i 5G,dimensity · 8 cores · 2.4 GHz,Not specified,4GB,64GB,6.6 inch · 1080×2408 · 90Hz,5000 mAh capacity,Not specified,camera communication portable android 5G,https://www.kaggle.com/datasets/muzammilbaloch/smartphone-dataset,Kaggle smartphone-dataset (Apache-2.0),2026-08-05T06:07:04.985220+00:00,Smartphones,Realme,180.3
10001290,Realme 9i 5G (6GB RAM + 128GB),dimensity · 8 cores · 2.4 GHz,Not specified,6GB,128GB,6.6 inch · 1080×2408 · 90Hz,5000 mAh capacity,Not specified,camera communication portable android 5G,https://www.kaggle.com/datasets/muzammilbaloch/smartphone-dataset,Kaggle smartphone-dataset (Apache-2.0),2026-08-05T06:07:04.985220+00:00,Smartphones,Realme,204.81
10001291,Realme A1,helio · 8 cores · 2.1 GHz,Not specified,2GB,16GB,6.2 inch · 720×1520 · 60Hz,4000 mAh capacity,Not specified,camera communication portable android 4G,https://www.kaggle.com/datasets/muzammilbaloch/smartphone-dataset,Kaggle smartphone-dataset (Apache-2.0),2026-08-05T06:07:04.985220+00:00,Smartphones,Realme,108.42
10001292,Realme C11,helio · 8 cores · 2.3 GHz,Not specified,2GB,32GB,6.5 inch · 720×1600 · 60Hz,5000 mAh capacity,Not specified,camera communication portable android 4G,https://www.kaggle.com/datasets/muzammilbaloch/smartphone-dataset,Kaggle smartphone-dataset (Apache-2.0),2026-08-05T06:07:04.985220+00:00,Smartphones,Realme,78.19
10001293,Realme C11 2021,sc9863a · 8 cores · 1.6 GHz,Not specified,2GB,32GB,6.52 inch · 720×1600 · 60Hz,5000 mAh capacity,Not specified,camera communication portable android 4G,https://www.kaggle.com/datasets/muzammilbaloch/smartphone-dataset,Kaggle smartphone-dataset (Apache-2.0),2026-08-05T06:07:04.985220+00:00,Smartphones,Realme,78.3
10001294,Realme C11 2021 (4GB RAM + 64GB),sc9863a · 8 cores · 1.6 GHz,Not specified,4GB,64GB,6.52 inch · 720×1600 · 60Hz,5000 mAh capacity,Not specified,camera communication portable android 4G,https://www.kaggle.com/datasets/muzammilbaloch/smartphone-dataset,Kaggle smartphone-dataset (Apache-2.0),2026-08-05T06:07:04.985220+00:00,Smartphones,Realme,93.36
10001295,Realme C2,helio · 8 cores · 2 GHz,Not specified,2GB,16GB,6.1 inch · 1560×720 · 60Hz,4000 mAh capacity,Not specified,camera communication portable android 4G,https://www.kaggle.com/datasets/muzammilbaloch/smartphone-dataset,Kaggle smartphone-dataset (Apache-2.0),2026-08-05T06:07:04.985220+00:00,Smartphones,Realme,84.33
10001296,Realme C21Y,unisoc · 8 cores · 1.8 GHz,Not specified,3GB,32GB,6.5 inch · 720×1600 · 60Hz,5000 mAh capacity,Not specified,camera communication portable android 4G,https://www.kaggle.com/datasets/muzammilbaloch/smartphone-dataset,Kaggle smartphone-dataset (Apache-2.0),2026-08-05T06:07:04.985220+00:00,Smartphones,Realme,84.33
10001297,Realme C25Y (4GB RAM + 64GB),tiger · 8 cores · 1.8 GHz,Not specified,4GB,64GB,6.5 inch · 1600×720 · 60Hz,5000 mAh capacity,Not specified,camera communication portable android 4G,https://www.kaggle.com/datasets/muzammilbaloch/smartphone-dataset,Kaggle smartphone-dataset (Apache-2.0),2026-08-05T06:07:04.985220+00:00,Smartphones,Realme,108.42
10001298,Realme C2s,helio · 8 cores · 2 GHz,Not specified,3GB,32GB,6.1 inch · 720×1560 · 60Hz,4000 mAh capacity,Not specified,camera communication portable android 4G,https://www.kaggle.com/datasets/muzammilbaloch/smartphone-dataset,Kaggle smartphone-dataset (Apache-2.0),2026-08-05T06:07:04.985220+00:00,Smartphones,Realme,42.16
10001299,Realme C30,tiger · 8 cores · 1.82 GHz,Not specified,2GB,32GB,6.5 inch · 720×1600 · 60Hz,5000 mAh capacity,Not specified,camera communication portable android 4G,https://www.kaggle.com/datasets/muzammilbaloch/smartphone-dataset,Kaggle smartphone-dataset (Apache-2.0),2026-08-05T06:07:04.985220+00:00,Smartphones,Realme,63.84
10001300,Realme C30 (3GB RAM + 32GB),tiger · 8 cores · 1.82 GHz,Not specified,3GB,32GB,6.5 inch · 720×1600 · 60Hz,5000 mAh capacity,Not specified,camera communication portable android 4G,https://www.kaggle.com/datasets/muzammilbaloch/smartphone-dataset,Kaggle smartphone-dataset (Apache-2.0),2026-08-05T06:07:04.985220+00:00,Smartphones,Realme,75.89
10001301,Realme C30s,unisoc · 8 cores · 1.6 GHz,Not specified,2GB,32GB,6.5 inch · 720×1600 · 60Hz,5000 mAh capacity,Not specified,camera communication portable android 4G,https://www.kaggle.com/datasets/muzammilbaloch/smartphone-dataset,Kaggle smartphone-dataset (Apache-2.0),2026-08-05T06:07:04.985220+00:00,Smartphones,Realme,86.08
10001302,Realme C30s (4GB RAM + 64GB),unisoc · 8 cores · 1.6 GHz,Not specified,4GB,64GB,6.5 inch · 720×1600 · 60Hz,5000 mAh capacity,Not specified,camera communication portable android 4G,https://www.kaggle.com/datasets/muzammilbaloch/smartphone-dataset,Kaggle smartphone-dataset (Apache-2.0),2026-08-05T06:07:04.985220+00:00,Smartphones,Realme,108.31
10001303,Realme C31,tiger · 8 cores · 1.82 GHz,Not specified,3GB,32GB,6.52 inch · 720×1600 · 60Hz,5000 mAh capacity,Not specified,camera communication portable android 4G,https://www.kaggle.com/datasets/muzammilbaloch/smartphone-dataset,Kaggle smartphone-dataset (Apache-2.0),2026-08-05T06:07:04.985220+00:00,Smartphones,Realme,99.99
10001304,Realme C31 (4GB RAM + 64GB),tiger · 8 cores · 1.82 GHz,Not specified,4GB,64GB,6.52 inch · 720×1600 · 60Hz,5000 mAh capacity,Not specified,camera communication portable android 4G,https://www.kaggle.com/datasets/muzammilbaloch/smartphone-dataset,Kaggle smartphone-dataset (Apache-2.0),2026-08-05T06:07:04.985220+00:00,Smartphones,Realme,108.42
10001305,Realme C32,tiger · 8 cores · 1.82 GHz,Not specified,4GB,64GB,6.52 inch · 720×1600 · 60Hz,5000 mAh capacity,Not specified,camera communication portable android 4G,https://www.kaggle.com/datasets/muzammilbaloch/smartphone-dataset,Kaggle smartphone-dataset (Apache-2.0),2026-08-05T06:07:04.985220+00:00,Smartphones,Realme,114.45
10001306,Realme C33,unisoc · 8 cores · 1.8 GHz,Not specified,3GB,32GB,6.5 inch · 720×1600 · 60Hz,5000 mAh capacity,Not specified,camera communication portable android 4G,https://www.kaggle.com/datasets/muzammilbaloch/smartphone-dataset,Kaggle smartphone-dataset (Apache-2.0),2026-08-05T06:07:04.985220+00:00,Smartphones,Realme,107.83
10001307,Realme C33 (4GB RAM + 64GB),unisoc · 8 cores · 1.8 GHz,Not specified,4GB,64GB,6.5 inch · 720×1600 · 60Hz,5000 mAh capacity,Not specified,camera communication portable android 4G,https://www.kaggle.com/datasets/muzammilbaloch/smartphone-dataset,Kaggle smartphone-dataset (Apache-2.0),2026-08-05T06:07:04.985220+00:00,Smartphones,Realme,120.47
10001308,Realme C35,tiger · 8 cores · 1.8 GHz,Not specified,4GB,64GB,6.6 inch · 1080×2408 · 60Hz,5000 mAh capacity,Not specified,camera communication portable android 4G,https://www.kaggle.com/datasets/muzammilbaloch/smartphone-dataset,Kaggle smartphone-dataset (Apache-2.0),2026-08-05T06:07:04.985220+00:00,Smartphones,Realme,142.51
10001309,Realme C35 (4GB RAM + 128GB),tiger · 8 cores · 1.8 GHz,Not specified,4GB,128GB,6.6 inch · 1080×2408 · 90Hz,5000 mAh capacity,Not specified,camera communication portable android 4G,https://www.kaggle.com/datasets/muzammilbaloch/smartphone-dataset,Kaggle smartphone-dataset (Apache-2.0),2026-08-05T06:07:04.985220+00:00,Smartphones,Realme,154.06
10001310,Realme C35 (6GB RAM + 128GB),tiger · 8 cores · 1.8 GHz,Not specified,6GB,128GB,6.6 inch · 1080×2408 · 90Hz,5000 mAh capacity,Not specified,camera communication portable android 4G,https://www.kaggle.com/datasets/muzammilbaloch/smartphone-dataset,Kaggle smartphone-dataset (Apache-2.0),2026-08-05T06:07:04.985220+00:00,Smartphones,Realme,168.66
10001311,Realme G1,helio · 8 cores · 2.3 GHz,Not specified,3GB,32GB,6.52 inch · 720×1600 · 60Hz,6000 mAh capacity,Not specified,camera communication portable android 4G,https://www.kaggle.com/datasets/muzammilbaloch/smartphone-dataset,Kaggle smartphone-dataset (Apache-2.0),2026-08-05T06:07:04.985220+00:00,Smartphones,Realme,96.37
10001312,Realme GT 2 5G,snapdragon · 8 cores · 2.84 GHz,Not specified,8GB,128GB,6.62 inch · 1080×2400 · 120Hz,5000 mAh capacity,Not specified,camera communication portable android 5G,https://www.kaggle.com/datasets/muzammilbaloch/smartphone-dataset,Kaggle smartphone-dataset (Apache-2.0),2026-08-05T06:07:04.985220+00:00,Smartphones,Realme,349.33
10001313,Realme GT 2 Explorer Master Edition,snapdragon · 8 cores · 3.2 GHz,Not specified,8GB,128GB,6.7 inch · 1080×2412 · 120Hz,5000 mAh capacity,Not specified,camera communication portable android 5G,https://www.kaggle.com/datasets/muzammilbaloch/smartphone-dataset,Kaggle smartphone-dataset (Apache-2.0),2026-08-05T06:07:04.985220+00:00,Smartphones,Realme,493.86
10001314,Realme GT 2 Pro 5G,snapdragon · 8 cores · 3 GHz,Not specified,8GB,128GB,6.7 inch · 1440×3216 · 120Hz,5000 mAh capacity,Not specified,camera communication portable android 5G,https://www.kaggle.com/datasets/muzammilbaloch/smartphone-dataset,Kaggle smartphone-dataset (Apache-2.0),2026-08-05T06:07:04.985220+00:00,Smartphones,Realme,601.92
10001315,Realme GT 2 Pro 5G (12GB RAM + 256GB),snapdragon · 8 cores · 3 GHz,Not specified,12GB,256GB,6.7 inch · 1440×3216 · 120Hz,5000 mAh capacity,Not specified,camera communication portable android 5G,https://www.kaggle.com/datasets/muzammilbaloch/smartphone-dataset,Kaggle smartphone-dataset (Apache-2.0),2026-08-05T06:07:04.985220+00:00,Smartphones,Realme,566.25
10001316,Realme GT 5G,snapdragon · 8 cores · 2.84 GHz,Not specified,8GB,128GB,6.43 inch · 1080×2400 · 120Hz,4500 mAh capacity,Not specified,camera communication portable android 5G,https://www.kaggle.com/datasets/muzammilbaloch/smartphone-dataset,Kaggle smartphone-dataset (Apache-2.0),2026-08-05T06:07:04.985220+00:00,Smartphones,Realme,373.42
10001317,Realme GT Explorer Master Edition,snapdragon · 8 cores · 3.2 GHz,Not specified,8GB,128GB,6.55 inch · 1080×2400 · 120Hz,4500 mAh capacity,Not specified,camera communication portable android 5G,https://www.kaggle.com/datasets/muzammilbaloch/smartphone-dataset,Kaggle smartphone-dataset (Apache-2.0),2026-08-05T06:07:04.985220+00:00,Smartphones,Realme,397.47
10001318,Realme GT Master Edition 5G,snapdragon · 8 cores · 2.4 GHz,Not specified,8GB,128GB,6.43 inch · 1080×2400 · 120Hz,4300 mAh capacity,Not specified,camera communication portable android 5G,https://www.kaggle.com/datasets/muzammilbaloch/smartphone-dataset,Kaggle smartphone-dataset (Apache-2.0),2026-08-05T06:07:04.985220+00:00,Smartphones,Realme,337.34
10001319,Realme GT Neo 3 5G,dimensity · 8 cores · 2.85 GHz,Not specified,8GB,128GB,6.7 inch · 1080×2412 · 120Hz,5000 mAh capacity,Not specified,camera communication portable android 5G,https://www.kaggle.com/datasets/muzammilbaloch/smartphone-dataset,Kaggle smartphone-dataset (Apache-2.0),2026-08-05T06:07:04.985220+00:00,Smartphones,Realme,385.47
10001320,Realme GT Neo 3T,snapdragon · 8 cores · 3.2 GHz,Not specified,6GB,128GB,6.62 inch · 1080×2400 · 120Hz,5000 mAh capacity,Not specified,camera communication portable android 5G,https://www.kaggle.com/datasets/muzammilbaloch/smartphone-dataset,Kaggle smartphone-dataset (Apache-2.0),2026-08-05T06:07:04.985220+00:00,Smartphones,Realme,301.19
10001321,Realme GT Neo 3T (8GB RAM + 128GB),snapdragon · 8 cores · 3.2 GHz,Not specified,8GB,128GB,6.62 inch · 1080×2400 · 120Hz,5000 mAh capacity,Not specified,camera communication portable android 5G,https://www.kaggle.com/datasets/muzammilbaloch/smartphone-dataset,Kaggle smartphone-dataset (Apache-2.0),2026-08-05T06:07:04.985220+00:00,Smartphones,Realme,319.27
10001322,Realme GT Neo 3T (8GB RAM + 256GB),snapdragon · 8 cores · 3.2 GHz,Not specified,8GB,256GB,6.62 inch · 1080×2400 · 120Hz,5000 mAh capacity,Not specified,camera communication portable android 5G,https://www.kaggle.com/datasets/muzammilbaloch/smartphone-dataset,Kaggle smartphone-dataset (Apache-2.0),2026-08-05T06:07:04.985220+00:00,Smartphones,Realme,343.36
10001323,Realme GT Neo 4T,snapdragon · 8 cores · 3 GHz,Not specified,8GB,128GB,6.73 inch · 1080×2400 · 144Hz,5000 mAh capacity,Not specified,camera communication portable android 5G,https://www.kaggle.com/datasets/muzammilbaloch/smartphone-dataset,Kaggle smartphone-dataset (Apache-2.0),2026-08-05T06:07:04.985220+00:00,Smartphones,Realme,361.43
10001324,Realme GT Neo 5,snapdragon · 8 cores · 3.2 GHz,Not specified,8GB,128GB,6.7 inch · 1080×2412 · 120Hz,4600 mAh capacity,Not specified,camera communication portable android 5G,https://www.kaggle.com/datasets/muzammilbaloch/smartphone-dataset,Kaggle smartphone-dataset (Apache-2.0),2026-08-05T06:07:04.985220+00:00,Smartphones,Realme,421.67
10001325,Realme GT Neo2 5G,snapdragon · 8 cores · 3.2 GHz,Not specified,8GB,128GB,6.62 inch · 2400×1080 · 120Hz,5000 mAh capacity,Not specified,camera communication portable android 5G,https://www.kaggle.com/datasets/muzammilbaloch/smartphone-dataset,Kaggle smartphone-dataset (Apache-2.0),2026-08-05T06:07:04.985220+00:00,Smartphones,Realme,385.53
10001326,Realme Narzo 20,helio · 8 cores · 2 GHz,Not specified,4GB,64GB,6.5 inch · 720×1600 · 60Hz,6000 mAh capacity,Not specified,camera communication portable android 4G,https://www.kaggle.com/datasets/muzammilbaloch/smartphone-dataset,Kaggle smartphone-dataset (Apache-2.0),2026-08-05T06:07:04.985220+00:00,Smartphones,Realme,126.49
10001327,Realme Narzo 30 5G,dimensity · 8 cores · 2.2 GHz,Not specified,6GB,128GB,6.5 inch · 1080×2400 · 90Hz,5000 mAh capacity,Not specified,camera communication portable android 5G,https://www.kaggle.com/datasets/muzammilbaloch/smartphone-dataset,Kaggle smartphone-dataset (Apache-2.0),2026-08-05T06:07:04.985220+00:00,Smartphones,Realme,204.81
10001328,Realme Narzo 30 Pro 5G (8GB RAM +128GB),dimensity · 8 cores · 2.4 GHz,Not specified,8GB,128GB,6.5 inch · 1080×2400 · 120Hz,5000 mAh capacity,Not specified,camera communication portable android 5G,https://www.kaggle.com/datasets/muzammilbaloch/smartphone-dataset,Kaggle smartphone-dataset (Apache-2.0),2026-08-05T06:07:04.985220+00:00,Smartphones,Realme,240.95
10001329,Realme Narzo 50,helio · 8 cores · 2 GHz,Not specified,4GB,64GB,6.6 inch · 1080×2412 · 120Hz,5000 mAh capacity,Not specified,camera communication portable android 4G,https://www.kaggle.com/datasets/muzammilbaloch/smartphone-dataset,Kaggle smartphone-dataset (Apache-2.0),2026-08-05T06:07:04.985220+00:00,Smartphones,Realme,132.52
10001330,Realme Narzo 50 (6GB RAM + 128GB),helio · 8 cores · 2 GHz,Not specified,6GB,128GB,6.6 inch · 1080×2412 · 120Hz,5000 mAh capacity,Not specified,camera communication portable android 4G,https://www.kaggle.com/datasets/muzammilbaloch/smartphone-dataset,Kaggle smartphone-dataset (Apache-2.0),2026-08-05T06:07:04.985220+00:00,Smartphones,Realme,186.73
10001331,Realme Narzo 50 5G,dimensity · 8 cores · 2.4 GHz,Not specified,6GB,128GB,6.6 inch · 1080×2400 · 90Hz,5000 mAh capacity,Not specified,camera communication portable android 5G,https://www.kaggle.com/datasets/muzammilbaloch/smartphone-dataset,Kaggle smartphone-dataset (Apache-2.0),2026-08-05T06:07:04.985220+00:00,Smartphones,Realme,216.86
10001332,Realme Narzo 50 5G (4GB RAM + 128GB),dimensity · 8 cores · 2.4 GHz,Not specified,4GB,128GB,6.6 inch · 1080×2400 · 90Hz,5000 mAh capacity,Not specified,camera communication portable android 5G,https://www.kaggle.com/datasets/muzammilbaloch/smartphone-dataset,Kaggle smartphone-dataset (Apache-2.0),2026-08-05T06:07:04.985220+00:00,Smartphones,Realme,180.71
10001333,Realme Narzo 50 5G (4GB RAM + 64GB),dimensity · 8 cores · 2.4 GHz,Not specified,4GB,64GB,6.6 inch · 1080×2400 · 90Hz,5000 mAh capacity,Not specified,camera communication portable android 5G,https://www.kaggle.com/datasets/muzammilbaloch/smartphone-dataset,Kaggle smartphone-dataset (Apache-2.0),2026-08-05T06:07:04.985220+00:00,Smartphones,Realme,162.64
10001334,Realme Narzo 50 Pro 5G,dimensity · 8 cores · 2.5 GHz,Not specified,6GB,128GB,6.4 inch · 1080×2400 · 90Hz,5000 mAh capacity,Not specified,camera communication portable android 5G,https://www.kaggle.com/datasets/muzammilbaloch/smartphone-dataset,Kaggle smartphone-dataset (Apache-2.0),2026-08-05T06:07:04.985220+00:00,Smartphones,Realme,246.87
10001335,Realme Narzo 50 Pro 5G (8GB RAM + 128GB),dimensity · 8 cores · 2.5 GHz,Not specified,8GB,128GB,6.4 inch · 1080×2400 · 90Hz,5000 mAh capacity,Not specified,camera communication portable android 5G,https://www.kaggle.com/datasets/muzammilbaloch/smartphone-dataset,Kaggle smartphone-dataset (Apache-2.0),2026-08-05T06:07:04.985220+00:00,Smartphones,Realme,277.1
10001336,Realme Narzo 50A,helio · 8 cores · 2 GHz,Not specified,4GB,64GB,6.5 inch · 720×1600 · 60Hz,6000 mAh capacity,Not specified,camera communication portable android 4G,https://www.kaggle.com/datasets/muzammilbaloch/smartphone-dataset,Kaggle smartphone-dataset (Apache-2.0),2026-08-05T06:07:04.985220+00:00,Smartphones,Realme,138.54
10001337,Realme Narzo 50A Prime,tiger · 8 cores · 1.82 GHz,Not specified,4GB,64GB,6.6 inch · 1080×2408 · 60Hz,5000 mAh capacity,Not specified,camera communication portable android 4G,https://www.kaggle.com/datasets/muzammilbaloch/smartphone-dataset,Kaggle smartphone-dataset (Apache-2.0),2026-08-05T06:07:04.985220+00:00,Smartphones,Realme,137.34
10001338,Realme Narzo 50A Prime (4GB RAM + 128GB),tiger · 8 cores · 1.82 GHz,Not specified,4GB,128GB,6.6 inch · 1080×2408 · 60Hz,5000 mAh capacity,Not specified,camera communication portable android 4G,https://www.kaggle.com/datasets/muzammilbaloch/smartphone-dataset,Kaggle smartphone-dataset (Apache-2.0),2026-08-05T06:07:04.985220+00:00,Smartphones,Realme,143.12
10001339,Realme Narzo 50i,unisoc · 8 cores · 1.6 GHz,Not specified,2GB,32GB,6.5 inch · 720×1600 · 60Hz,5000 mAh capacity,Not specified,camera communication portable android 4G,https://www.kaggle.com/datasets/muzammilbaloch/smartphone-dataset,Kaggle smartphone-dataset (Apache-2.0),2026-08-05T06:07:04.985220+00:00,Smartphones,Realme,78.19
10001340,Realme Narzo 50i (4GB RAM + 64GB),unisoc · 8 cores · 1.6 GHz,Not specified,4GB,64GB,6.5 inch · 720×1600 · 60Hz,5000 mAh capacity,Not specified,camera communication portable android 4G,https://www.kaggle.com/datasets/muzammilbaloch/smartphone-dataset,Kaggle smartphone-dataset (Apache-2.0),2026-08-05T06:07:04.985220+00:00,Smartphones,Realme,108.42
10001341,Realme Narzo 50i Prime,tiger · 8 cores · 1.82 GHz,Not specified,3GB,32GB,6.5 inch · 720×1600 · 60Hz,5000 mAh capacity,Not specified,camera communication portable android 4G,https://www.kaggle.com/datasets/muzammilbaloch/smartphone-dataset,Kaggle smartphone-dataset (Apache-2.0),2026-08-05T06:07:04.985220+00:00,Smartphones,Realme,96.37
10001342,Realme Narzo 50i Prime (4GB RAM + 64GB),tiger · 8 cores · 1.82 GHz,Not specified,4GB,64GB,6.5 inch · 720×1600 · 60Hz,5000 mAh capacity,Not specified,camera communication portable android 4G,https://www.kaggle.com/datasets/muzammilbaloch/smartphone-dataset,Kaggle smartphone-dataset (Apache-2.0),2026-08-05T06:07:04.985220+00:00,Smartphones,Realme,105.06
10001343,Realme Q2i,dimensity · 8 cores · 2 GHz,Not specified,4GB,128GB,6.5 inch · 720×1600 · 60Hz,5000 mAh capacity,Not specified,camera communication portable android 5G,https://www.kaggle.com/datasets/muzammilbaloch/smartphone-dataset,Kaggle smartphone-dataset (Apache-2.0),2026-08-05T06:07:04.985220+00:00,Smartphones,Realme,120.47
10001344,Realme Q3,snapdragon · 8 cores · 2.2 GHz,Not specified,6GB,128GB,6.5 inch · 1080×2400 · 120Hz,5000 mAh capacity,Not specified,camera communication portable android 5G,https://www.kaggle.com/datasets/muzammilbaloch/smartphone-dataset,Kaggle smartphone-dataset (Apache-2.0),2026-08-05T06:07:04.985220+00:00,Smartphones,Realme,180.71
10001345,Realme Q3i 5G,dimensity · 8 cores · 2.2 GHz,Not specified,4GB,128GB,6.5 inch · 1080×2400 · 60Hz,5000 mAh capacity,Not specified,camera communication portable android 5G,https://www.kaggle.com/datasets/muzammilbaloch/smartphone-dataset,Kaggle smartphone-dataset (Apache-2.0),2026-08-05T06:07:04.985220+00:00,Smartphones,Realme,132.41
10001346,Realme Q5 5G,snapdragon · 8 cores · 2.2 GHz,Not specified,6GB,128GB,6.6 inch · 1080×2412 · 120Hz,5000 mAh capacity,Not specified,camera communication portable android 5G,https://www.kaggle.com/datasets/muzammilbaloch/smartphone-dataset,Kaggle smartphone-dataset (Apache-2.0),2026-08-05T06:07:04.985220+00:00,Smartphones,Realme,180.6
10001347,Realme X50 Pro 5G (12GB RAM + 256GB),snapdragon · 8 cores · 2.84 GHz,Not specified,12GB,256GB,6.44 inch · 1080×2400 · 90Hz,4200 mAh capacity,Not specified,camera communication portable android 5G,https://www.kaggle.com/datasets/muzammilbaloch/smartphone-dataset,Kaggle smartphone-dataset (Apache-2.0),2026-08-05T06:07:04.985220+00:00,Smartphones,Realme,337.34
10001348,Realme X50 Pro 5G (8GB RAM + 128GB),snapdragon · 8 cores · 2.84 GHz,Not specified,8GB,128GB,6.44 inch · 1080×2400 · 90Hz,4200 mAh capacity,Not specified,camera communication portable android 5G,https://www.kaggle.com/datasets/muzammilbaloch/smartphone-dataset,Kaggle smartphone-dataset (Apache-2.0),2026-08-05T06:07:04.985220+00:00,Smartphones,Realme,301.19
10001349,Realme X7 Max,dimensity · 8 cores · 3 GHz,Not specified,8GB,128GB,6.43 inch · 1080×2400 · 120Hz,4500 mAh capacity,Not specified,camera communication portable android 5G,https://www.kaggle.com/datasets/muzammilbaloch/smartphone-dataset,Kaggle smartphone-dataset (Apache-2.0),2026-08-05T06:07:04.985220+00:00,Smartphones,Realme,325.29
10001350,Realme XT,snapdragon · 8 cores · 2.3 GHz,Not specified,4GB,64GB,6.4 inch · 1080×2340 · 60Hz,4000 mAh capacity,Not specified,camera communication portable android 4G,https://www.kaggle.com/datasets/muzammilbaloch/smartphone-dataset,Kaggle smartphone-dataset (Apache-2.0),2026-08-05T06:07:04.985220+00:00,Smartphones,Realme,159.99
10001351,Redmi 12C,helio · 8 cores · 2 GHz,Not specified,4GB,64GB,6.71 inch · 720×1650 · 60Hz,5000 mAh capacity,Not specified,camera communication portable android 4G,https://www.kaggle.com/datasets/muzammilbaloch/smartphone-dataset,Kaggle smartphone-dataset (Apache-2.0),2026-08-05T06:07:04.985220+00:00,Smartphones,Redmi,96.37
10001352,Redmi Note 11 Pro 2023,snapdragon · 8 cores · 2.3 GHz,Not specified,6GB,128GB,6.67 inch · 1080×2400 · 120Hz,5000 mAh capacity,Not specified,camera communication portable android 4G,https://www.kaggle.com/datasets/muzammilbaloch/smartphone-dataset,Kaggle smartphone-dataset (Apache-2.0),2026-08-05T06:07:04.985220+00:00,Smartphones,Redmi,228.9
10001353,Redmi Note 12 Pro Speed Edition,snapdragon · 8 cores · 2.4 GHz,Not specified,6GB,128GB,6.67 inch · 1080×2400 · 120Hz,5000 mAh capacity,Not specified,camera communication portable android 5G,https://www.kaggle.com/datasets/muzammilbaloch/smartphone-dataset,Kaggle smartphone-dataset (Apache-2.0),2026-08-05T06:07:04.985220+00:00,Smartphones,Redmi,240.95
10001354,Royole FlexPai 2,snapdragon · 8 cores · 2.84 GHz,Not specified,8GB,128GB,7.8 inch · 1440×1920 · 60Hz,4450 mAh capacity,Not specified,camera communication portable 5G,https://www.kaggle.com/datasets/muzammilbaloch/smartphone-dataset,Kaggle smartphone-dataset (Apache-2.0),2026-08-05T06:07:04.985220+00:00,Smartphones,Royole,1325.29
10001355,Royole FlexPai 3 5G,snapdragon · 8 cores · 2.84 GHz,Not specified,8GB,128GB,7.2 inch · 1440×1920 · 60Hz,3360 mAh capacity,Not specified,camera communication portable 5G,https://www.kaggle.com/datasets/muzammilbaloch/smartphone-dataset,Kaggle smartphone-dataset (Apache-2.0),2026-08-05T06:07:04.985220+00:00,Smartphones,Royole,1807.22
10001356,Samsung Galaxy A01 Core,mediatek · 4 cores · 1.5 GHz,Not specified,1GB,16GB,5.3 inch · 720×1480 · 60Hz,3000 mAh capacity,Not specified,camera communication portable android 4G,https://www.kaggle.com/datasets/muzammilbaloch/smartphone-dataset,Kaggle smartphone-dataset (Apache-2.0),2026-08-05T06:07:04.985220+00:00,Smartphones,Samsung,60.23
10001357,Samsung Galaxy A03,unisoc · 8 cores · 1.6 GHz,Not specified,3GB,32GB,6.5 inch · 720×1560 · 60Hz,5000 mAh capacity,Not specified,camera communication portable android 4G,https://www.kaggle.com/datasets/muzammilbaloch/smartphone-dataset,Kaggle smartphone-dataset (Apache-2.0),2026-08-05T06:07:04.985220+00:00,Smartphones,Samsung,87.34
10001358,Samsung Galaxy A03 (4GB RAM + 64GB),unisoc · 8 cores · 1.6 GHz,Not specified,4GB,64GB,6.5 inch · 720×1560 · 60Hz,5000 mAh capacity,Not specified,camera communication portable android 4G,https://www.kaggle.com/datasets/muzammilbaloch/smartphone-dataset,Kaggle smartphone-dataset (Apache-2.0),2026-08-05T06:07:04.985220+00:00,Smartphones,Samsung,138.54
10001359,Samsung Galaxy A03 Core,unisoc · 4 cores · 1.6 GHz,Not specified,2GB,32GB,6.5 inch · 720×1600 · 60Hz,5000 mAh capacity,Not specified,camera communication portable android 4G,https://www.kaggle.com/datasets/muzammilbaloch/smartphone-dataset,Kaggle smartphone-dataset (Apache-2.0),2026-08-05T06:07:04.985220+00:00,Smartphones,Samsung,78.3
10001360,Samsung Galaxy A03s,helio · 8 cores · 2.3 GHz,Not specified,3GB,32GB,6.5 inch · 720×1600 · 60Hz,5000 mAh capacity,Not specified,camera communication portable android 4G,https://www.kaggle.com/datasets/muzammilbaloch/smartphone-dataset,Kaggle smartphone-dataset (Apache-2.0),2026-08-05T06:07:04.985220+00:00,Smartphones,Samsung,102.4
10001361,Samsung Galaxy A04,helio · 8 cores · 2.3 GHz,Not specified,4GB,64GB,6.5 inch · 720×1600 · 60Hz,5000 mAh capacity,Not specified,camera communication portable android 4G,https://www.kaggle.com/datasets/muzammilbaloch/smartphone-dataset,Kaggle smartphone-dataset (Apache-2.0),2026-08-05T06:07:04.985220+00:00,Smartphones,Samsung,144.57
10001362,Samsung Galaxy A04 (4GB RAM + 128GB),helio · 8 cores · 2.3 GHz,Not specified,4GB,128GB,6.5 inch · 720×1600 · 60Hz,5000 mAh capacity,Not specified,camera communication portable android 4G,https://www.kaggle.com/datasets/muzammilbaloch/smartphone-dataset,Kaggle smartphone-dataset (Apache-2.0),2026-08-05T06:07:04.985220+00:00,Smartphones,Samsung,156.61
10001363,Samsung Galaxy A04e,helio · 8 cores · 2.3 GHz,Not specified,3GB,32GB,6.5 inch · 720×1600 · 60Hz,5000 mAh capacity,Not specified,camera communication portable android 4G,https://www.kaggle.com/datasets/muzammilbaloch/smartphone-dataset,Kaggle smartphone-dataset (Apache-2.0),2026-08-05T06:07:04.985220+00:00,Smartphones,Samsung,112.04
10001364,Samsung Galaxy A04e (3GB RAM + 64GB),helio · 8 cores · 2.3 GHz,Not specified,3GB,64GB,6.5 inch · 720×1600 · 60Hz,5000 mAh capacity,Not specified,camera communication portable android 4G,https://www.kaggle.com/datasets/muzammilbaloch/smartphone-dataset,Kaggle smartphone-dataset (Apache-2.0),2026-08-05T06:07:04.985220+00:00,Smartphones,Samsung,119.88
10001365,Samsung Galaxy A04e (4GB RAM + 128GB),helio · 8 cores · 2.3 GHz,Not specified,4GB,128GB,6.5 inch · 720×1600 · 60Hz,5000 mAh capacity,Not specified,camera communication portable android 4G,https://www.kaggle.com/datasets/muzammilbaloch/smartphone-dataset,Kaggle smartphone-dataset (Apache-2.0),2026-08-05T06:07:04.985220+00:00,Smartphones,Samsung,138.54
10001366,Samsung Galaxy A04s,exynos · 8 cores · 2 GHz,Not specified,4GB,64GB,6.5 inch · 720×1600 · 90Hz,5000 mAh capacity,Not specified,camera communication portable android 4G,https://www.kaggle.com/datasets/muzammilbaloch/smartphone-dataset,Kaggle smartphone-dataset (Apache-2.0),2026-08-05T06:07:04.985220+00:00,Smartphones,Samsung,156.51
10001367,Samsung Galaxy A04s (4GB RAM + 128GB),exynos · 8 cores · 2 GHz,Not specified,4GB,128GB,6.5 inch · 720×1600 · 90Hz,5000 mAh capacity,Not specified,camera communication portable android 4G,https://www.kaggle.com/datasets/muzammilbaloch/smartphone-dataset,Kaggle smartphone-dataset (Apache-2.0),2026-08-05T06:07:04.985220+00:00,Smartphones,Samsung,174.69
10001368,Samsung Galaxy A05,· 8 cores · GHz,Not specified,4GB,64GB,6.5 inch · 720×1560 · 60Hz,5000 mAh capacity,Not specified,camera communication portable android 4G,https://www.kaggle.com/datasets/muzammilbaloch/smartphone-dataset,Kaggle smartphone-dataset (Apache-2.0),2026-08-05T06:07:04.985220+00:00,Smartphones,Samsung,156.51
10001369,Samsung Galaxy A11,· 8 cores · 1.8 GHz,Not specified,2GB,32GB,6.4 inch · 720×1560 · 60Hz,4000 mAh capacity,Not specified,camera communication portable android 4G,https://www.kaggle.com/datasets/muzammilbaloch/smartphone-dataset,Kaggle smartphone-dataset (Apache-2.0),2026-08-05T06:07:04.985220+00:00,Smartphones,Samsung,120.36
10001370,Samsung Galaxy A12,helio · 8 cores · 2.3 GHz,Not specified,4GB,64GB,6.5 inch · 720×1560 · 60Hz,5000 mAh capacity,Not specified,camera communication portable android 4G,https://www.kaggle.com/datasets/muzammilbaloch/smartphone-dataset,Kaggle smartphone-dataset (Apache-2.0),2026-08-05T06:07:04.985220+00:00,Smartphones,Samsung,144.57
10001371,Samsung Galaxy A12 (6GB RAM + 128GB),helio · 8 cores · 2.3 GHz,Not specified,6GB,128GB,6.5 inch · 720×1560 · 60Hz,5000 mAh capacity,Not specified,camera communication portable android 4G,https://www.kaggle.com/datasets/muzammilbaloch/smartphone-dataset,Kaggle smartphone-dataset (Apache-2.0),2026-08-05T06:07:04.985220+00:00,Smartphones,Samsung,168.66
10001372,Samsung Galaxy A13,· 8 cores · 2 GHz,Not specified,4GB,64GB,6.6 inch · 1080×2408 · 60Hz,5000 mAh capacity,Not specified,camera communication portable android 4G,https://www.kaggle.com/datasets/muzammilbaloch/smartphone-dataset,Kaggle smartphone-dataset (Apache-2.0),2026-08-05T06:07:04.985220+00:00,Smartphones,Samsung,174.1
10001373,Samsung Galaxy A13 (4GB RAM + 128GB),· 8 cores · 2 GHz,Not specified,4GB,128GB,6.6 inch · 1080×2408 · 60Hz,5000 mAh capacity,Not specified,camera communication portable android 4G,https://www.kaggle.com/datasets/muzammilbaloch/smartphone-dataset,Kaggle smartphone-dataset (Apache-2.0),2026-08-05T06:07:04.985220+00:00,Smartphones,Samsung,180.71
10001374,Samsung Galaxy A13 (6GB RAM + 128GB),· 8 cores · 2 GHz,Not specified,6GB,128GB,6.6 inch · 1080×2408 · 60Hz,5000 mAh capacity,Not specified,camera communication portable android 4G,https://www.kaggle.com/datasets/muzammilbaloch/smartphone-dataset,Kaggle smartphone-dataset (Apache-2.0),2026-08-05T06:07:04.985220+00:00,Smartphones,Samsung,198.78
10001375,Samsung Galaxy A13 5G,dimensity · 8 cores · 2.2 GHz,Not specified,4GB,64GB,6.5 inch · 720×1600 · 90Hz,5000 mAh capacity,Not specified,camera communication portable android 5G,https://www.kaggle.com/datasets/muzammilbaloch/smartphone-dataset,Kaggle smartphone-dataset (Apache-2.0),2026-08-05T06:07:04.985220+00:00,Smartphones,Samsung,216.75
10001376,Samsung Galaxy A14 5G,exynos · 8 cores · 2.4 GHz,Not specified,4GB,64GB,6.6 inch · 1080×2408 · 90Hz,5000 mAh capacity,Not specified,camera communication portable android 5G,https://www.kaggle.com/datasets/muzammilbaloch/smartphone-dataset,Kaggle smartphone-dataset (Apache-2.0),2026-08-05T06:07:04.985220+00:00,Smartphones,Samsung,198.78
10001377,Samsung Galaxy A14 5G (6GB RAM + 128GB),exynos · 8 cores · 2.4 GHz,Not specified,6GB,128GB,6.6 inch · 1080×2408 · 90Hz,5000 mAh capacity,Not specified,camera communication portable android 5G,https://www.kaggle.com/datasets/muzammilbaloch/smartphone-dataset,Kaggle smartphone-dataset (Apache-2.0),2026-08-05T06:07:04.985220+00:00,Smartphones,Samsung,228.9
10001378,Samsung Galaxy A14 5G (8GB RAM + 128GB),exynos · 8 cores · 2.4 GHz,Not specified,8GB,128GB,6.6 inch · 1080×2408 · 90Hz,5000 mAh capacity,Not specified,camera communication portable android 5G,https://www.kaggle.com/datasets/muzammilbaloch/smartphone-dataset,Kaggle smartphone-dataset (Apache-2.0),2026-08-05T06:07:04.985220+00:00,Smartphones,Samsung,253.0
10001379,Samsung Galaxy A15,· 8 cores · GHz,Not specified,6GB,64GB,6.5 inch · 720×1600 · 60Hz,5000 mAh capacity,Not specified,camera communication portable android 4G,https://www.kaggle.com/datasets/muzammilbaloch/smartphone-dataset,Kaggle smartphone-dataset (Apache-2.0),2026-08-05T06:07:04.985220+00:00,Smartphones,Samsung,192.65
10001380,Samsung Galaxy A21s (6GB RAM + 128GB),exynos · 8 cores · 2 GHz,Not specified,6GB,128GB,6.5 inch · 720×1600 · 60Hz,5000 mAh capacity,Not specified,camera communication portable android 4G,https://www.kaggle.com/datasets/muzammilbaloch/smartphone-dataset,Kaggle smartphone-dataset (Apache-2.0),2026-08-05T06:07:04.985220+00:00,Smartphones,Samsung,210.83
10001381,Samsung Galaxy A22,helio · 8 cores · 2 GHz,Not specified,6GB,128GB,6.4 inch · 720×1600 · 60Hz,5000 mAh capacity,Not specified,camera communication portable android 4G,https://www.kaggle.com/datasets/muzammilbaloch/smartphone-dataset,Kaggle smartphone-dataset (Apache-2.0),2026-08-05T06:07:04.985220+00:00,Smartphones,Samsung,222.88
10001382,Samsung Galaxy A22 5G,dimensity · 8 cores · 2.2 GHz,Not specified,6GB,128GB,6.6 inch · 1080×2408 · 90Hz,5000 mAh capacity,Not specified,camera communication portable android 5G,https://www.kaggle.com/datasets/muzammilbaloch/smartphone-dataset,Kaggle smartphone-dataset (Apache-2.0),2026-08-05T06:07:04.985220+00:00,Smartphones,Samsung,216.75
10001383,Samsung Galaxy A23,snapdragon · 8 cores · 2.4 GHz,Not specified,6GB,128GB,6.6 inch · 1080×2408 · 60Hz,5000 mAh capacity,Not specified,camera communication portable android 4G,https://www.kaggle.com/datasets/muzammilbaloch/smartphone-dataset,Kaggle smartphone-dataset (Apache-2.0),2026-08-05T06:07:04.985220+00:00,Smartphones,Samsung,222.88
10001384,Samsung Galaxy A23 (8GB RAM + 128GB),snapdragon · 8 cores · 2.4 GHz,Not specified,8GB,128GB,6.6 inch · 1080×2408 · 60Hz,5000 mAh capacity,Not specified,camera communication portable android 4G,https://www.kaggle.com/datasets/muzammilbaloch/smartphone-dataset,Kaggle smartphone-dataset (Apache-2.0),2026-08-05T06:07:04.985220+00:00,Smartphones,Samsung,240.84
10001385,Samsung Galaxy A23 5G,snapdragon · 8 cores · 2.2 GHz,Not specified,6GB,128GB,6.6 inch · 1080×2408 · 120Hz,5000 mAh capacity,Not specified,camera communication portable android 5G,https://www.kaggle.com/datasets/muzammilbaloch/smartphone-dataset,Kaggle smartphone-dataset (Apache-2.0),2026-08-05T06:07:04.985220+00:00,Smartphones,Samsung,277.1
10001386,Samsung Galaxy A23 5G (8GB RAM + 128GB),snapdragon · 8 cores · 2.2 GHz,Not specified,8GB,128GB,6.6 inch · 1080×2408 · 120Hz,5000 mAh capacity,Not specified,camera communication portable android 5G,https://www.kaggle.com/datasets/muzammilbaloch/smartphone-dataset,Kaggle smartphone-dataset (Apache-2.0),2026-08-05T06:07:04.985220+00:00,Smartphones,Samsung,301.19
10001387,Samsung Galaxy A24,exynos · 8 cores · 1.8 GHz,Not specified,6GB,64GB,6.4 inch · 1080×2408 · 60Hz,4000 mAh capacity,Not specified,camera communication portable android 4G,https://www.kaggle.com/datasets/muzammilbaloch/smartphone-dataset,Kaggle smartphone-dataset (Apache-2.0),2026-08-05T06:07:04.985220+00:00,Smartphones,Samsung,216.86
10001388,Samsung Galaxy A32,helio · 8 cores · 2 GHz,Not specified,6GB,128GB,6.4 inch · 1080×2400 · 90Hz,5000 mAh capacity,Not specified,camera communication portable android 4G,https://www.kaggle.com/datasets/muzammilbaloch/smartphone-dataset,Kaggle smartphone-dataset (Apache-2.0),2026-08-05T06:07:04.985220+00:00,Smartphones,Samsung,198.78
10001389,Samsung Galaxy A32 (8GB RAM + 128GB),helio · 8 cores · 2 GHz,Not specified,8GB,128GB,6.4 inch · 1080×2400 · 90Hz,5000 mAh capacity,Not specified,camera communication portable android 4G,https://www.kaggle.com/datasets/muzammilbaloch/smartphone-dataset,Kaggle smartphone-dataset (Apache-2.0),2026-08-05T06:07:04.985220+00:00,Smartphones,Samsung,198.78
10001390,Samsung Galaxy A32 5G,dimensity · 8 cores · 2 GHz,Not specified,6GB,128GB,6.5 inch · 720×1600 · 90Hz,5000 mAh capacity,Not specified,camera communication portable android 5G,https://www.kaggle.com/datasets/muzammilbaloch/smartphone-dataset,Kaggle smartphone-dataset (Apache-2.0),2026-08-05T06:07:04.985220+00:00,Smartphones,Samsung,295.17
10001391,Samsung Galaxy A33 5G,exynos · 8 cores · 2.4 GHz,Not specified,6GB,128GB,6.4 inch · 1080×2400 · 90Hz,5000 mAh capacity,Not specified,camera communication portable android 5G,https://www.kaggle.com/datasets/muzammilbaloch/smartphone-dataset,Kaggle smartphone-dataset (Apache-2.0),2026-08-05T06:07:04.985220+00:00,Smartphones,Samsung,313.24
10001392,Samsung Galaxy A33 5G (8GB RAM + 128GB),exynos · 8 cores · 2.4 GHz,Not specified,8GB,128GB,6.4 inch · 1080×2400 · 90Hz,5000 mAh capacity,Not specified,camera communication portable android 5G,https://www.kaggle.com/datasets/muzammilbaloch/smartphone-dataset,Kaggle smartphone-dataset (Apache-2.0),2026-08-05T06:07:04.985220+00:00,Smartphones,Samsung,331.31
10001393,Samsung Galaxy A34 5G,exynos · 8 cores · GHz,Not specified,6GB,128GB,6.5 inch · 1080×2400 · 90Hz,5000 mAh capacity,Not specified,camera communication portable android 5G,https://www.kaggle.com/datasets/muzammilbaloch/smartphone-dataset,Kaggle smartphone-dataset (Apache-2.0),2026-08-05T06:07:04.985220+00:00,Smartphones,Samsung,301.19
10001394,Samsung Galaxy A40,exynos · 8 cores · 2.2 GHz,Not specified,4GB,64GB,5.9 inch · 1080×2340 · 60Hz,3100 mAh capacity,Not specified,camera communication portable android 4G,https://www.kaggle.com/datasets/muzammilbaloch/smartphone-dataset,Kaggle smartphone-dataset (Apache-2.0),2026-08-05T06:07:04.985220+00:00,Smartphones,Samsung,216.75
10001395,Samsung Galaxy A50s,exynos · 8 cores · 2.3 GHz,Not specified,4GB,128GB,6.4 inch · 1080×2340 · 60Hz,4000 mAh capacity,Not specified,camera communication portable android 4G,https://www.kaggle.com/datasets/muzammilbaloch/smartphone-dataset,Kaggle smartphone-dataset (Apache-2.0),2026-08-05T06:07:04.985220+00:00,Smartphones,Samsung,192.65
10001396,Samsung Galaxy A52,snapdragon · 8 cores · 2.3 GHz,Not specified,6GB,128GB,6.5 inch · 1080×2400 · 90Hz,4500 mAh capacity,Not specified,camera communication portable android 4G,https://www.kaggle.com/datasets/muzammilbaloch/smartphone-dataset,Kaggle smartphone-dataset (Apache-2.0),2026-08-05T06:07:04.985220+00:00,Smartphones,Samsung,301.08
10001397,Samsung Galaxy A52 (8GB RAM + 128GB),snapdragon · 8 cores · 2.3 GHz,Not specified,8GB,128GB,6.5 inch · 1080×2400 · 90Hz,4500 mAh capacity,Not specified,camera communication portable android 4G,https://www.kaggle.com/datasets/muzammilbaloch/smartphone-dataset,Kaggle smartphone-dataset (Apache-2.0),2026-08-05T06:07:04.985220+00:00,Smartphones,Samsung,271.01
10001398,Samsung Galaxy A53 (8GB RAM + 256GB),exynos · 8 cores · 2.4 GHz,Not specified,8GB,256GB,6.5 inch · 1080×2400 · 120Hz,5000 mAh capacity,Not specified,camera communication portable android 5G,https://www.kaggle.com/datasets/muzammilbaloch/smartphone-dataset,Kaggle smartphone-dataset (Apache-2.0),2026-08-05T06:07:04.985220+00:00,Smartphones,Samsung,439.75
10001399,Samsung Galaxy A53 5G,exynos · 8 cores · 2.4 GHz,Not specified,6GB,128GB,6.5 inch · 1080×2400 · 120Hz,5000 mAh capacity,Not specified,camera communication portable android 5G,https://www.kaggle.com/datasets/muzammilbaloch/smartphone-dataset,Kaggle smartphone-dataset (Apache-2.0),2026-08-05T06:07:04.985220+00:00,Smartphones,Samsung,385.53
10001400,Samsung Galaxy A53 5G (8GB RAM + 128GB),exynos · 8 cores · 2.4 GHz,Not specified,8GB,128GB,6.5 inch · 1080×2400 · 120Hz,5000 mAh capacity,Not specified,camera communication portable android 5G,https://www.kaggle.com/datasets/muzammilbaloch/smartphone-dataset,Kaggle smartphone-dataset (Apache-2.0),2026-08-05T06:07:04.985220+00:00,Smartphones,Samsung,403.6
10001401,Samsung Galaxy A54 5G,exynos · 8 cores · GHz,Not specified,6GB,128GB,6.4 inch · 1080×2400 · 120Hz,5000 mAh capacity,Not specified,camera communication portable android 5G,https://www.kaggle.com/datasets/muzammilbaloch/smartphone-dataset,Kaggle smartphone-dataset (Apache-2.0),2026-08-05T06:07:04.985220+00:00,Smartphones,Samsung,421.67
10001402,Samsung Galaxy A7 (2018),exynos · 8 cores · 2.2 GHz,Not specified,4GB,64GB,6 inch · 2220×1080 · 60Hz,3300 mAh capacity,Not specified,camera communication portable android 4G,https://www.kaggle.com/datasets/muzammilbaloch/smartphone-dataset,Kaggle smartphone-dataset (Apache-2.0),2026-08-05T06:07:04.985220+00:00,Smartphones,Samsung,258.92
10001403,Samsung Galaxy A71,snapdragon · 8 cores · 2.2 GHz,Not specified,8GB,128GB,6.7 inch · 1080×2400 · 60Hz,4500 mAh capacity,Not specified,camera communication portable android 4G,https://www.kaggle.com/datasets/muzammilbaloch/smartphone-dataset,Kaggle smartphone-dataset (Apache-2.0),2026-08-05T06:07:04.985220+00:00,Smartphones,Samsung,271.01
10001404,Samsung Galaxy A73 5G,snapdragon · 8 cores · 2.4 GHz,Not specified,8GB,128GB,6.7 inch · 1080×2400 · 120Hz,5000 mAh capacity,Not specified,camera communication portable android 5G,https://www.kaggle.com/datasets/muzammilbaloch/smartphone-dataset,Kaggle smartphone-dataset (Apache-2.0),2026-08-05T06:07:04.985220+00:00,Smartphones,Samsung,506.01
10001405,Samsung Galaxy A73 5G (8GB RAM + 256GB),snapdragon · 8 cores · 2.4 GHz,Not specified,8GB,256GB,6.7 inch · 1080×2400 · 120Hz,5000 mAh capacity,Not specified,camera communication portable android 5G,https://www.kaggle.com/datasets/muzammilbaloch/smartphone-dataset,Kaggle smartphone-dataset (Apache-2.0),2026-08-05T06:07:04.985220+00:00,Smartphones,Samsung,505.9
10001406,Samsung Galaxy A74 5G,snapdragon · 8 cores · 2.36 GHz,Not specified,8GB,128GB,6.7 inch · 1080×2412 · 120Hz,5000 mAh capacity,Not specified,camera communication portable android 5G,https://www.kaggle.com/datasets/muzammilbaloch/smartphone-dataset,Kaggle smartphone-dataset (Apache-2.0),2026-08-05T06:07:04.985220+00:00,Smartphones,Samsung,518.06
10001407,Samsung Galaxy A75 5G,snapdragon · 8 cores · GHz,Not specified,8GB,128GB,6.7 inch · 1080×2412 · 120Hz,5000 mAh capacity,Not specified,camera communication portable android 5G,https://www.kaggle.com/datasets/muzammilbaloch/smartphone-dataset,Kaggle smartphone-dataset (Apache-2.0),2026-08-05T06:07:04.985220+00:00,Smartphones,Samsung,542.16
10001408,Samsung Galaxy A82 5G,snapdragon · 8 cores · 2.96 GHz,Not specified,6GB,128GB,6.71 inch · 1440×3200 · 120Hz,4500 mAh capacity,Not specified,camera communication portable android 5G,https://www.kaggle.com/datasets/muzammilbaloch/smartphone-dataset,Kaggle smartphone-dataset (Apache-2.0),2026-08-05T06:07:04.985220+00:00,Smartphones,Samsung,481.81
10001409,Samsung Galaxy A83 5G,snapdragon · 8 cores · 3.2 GHz,Not specified,6GB,128GB,6.71 inch · 1440×3200 · 120Hz,4500 mAh capacity,Not specified,camera communication portable android 5G,https://www.kaggle.com/datasets/muzammilbaloch/smartphone-dataset,Kaggle smartphone-dataset (Apache-2.0),2026-08-05T06:07:04.985220+00:00,Smartphones,Samsung,481.81
10001410,Samsung Galaxy A9 Pro (2019),snapdragon · 8 cores · 2.2 GHz,Not specified,6GB,128GB,6.4 inch · 1080×2340 · 60Hz,3400 mAh capacity,Not specified,camera communication portable android 4G,https://www.kaggle.com/datasets/muzammilbaloch/smartphone-dataset,Kaggle smartphone-dataset (Apache-2.0),2026-08-05T06:07:04.985220+00:00,Smartphones,Samsung,481.81
10001411,Samsung Galaxy A92 5G,dimensity · 8 cores · 3 GHz,Not specified,8GB,128GB,6.7 inch · 1080×2400 · 60Hz,5000 mAh capacity,Not specified,camera communication portable android 5G,https://www.kaggle.com/datasets/muzammilbaloch/smartphone-dataset,Kaggle smartphone-dataset (Apache-2.0),2026-08-05T06:07:04.985220+00:00,Smartphones,Samsung,578.19
10001412,Samsung Galaxy F04,helio · 8 cores · 2.3 GHz,Not specified,4GB,64GB,6.5 inch · 720×1600 · 60Hz,5000 mAh capacity,Not specified,camera communication portable android 4G,https://www.kaggle.com/datasets/muzammilbaloch/smartphone-dataset,Kaggle smartphone-dataset (Apache-2.0),2026-08-05T06:07:04.985220+00:00,Smartphones,Samsung,102.4
10001413,Samsung Galaxy F12,exynos · 8 cores · 2 GHz,Not specified,4GB,64GB,6.5 inch · 720×1600 · 90Hz,6000 mAh capacity,Not specified,camera communication portable android 4G,https://www.kaggle.com/datasets/muzammilbaloch/smartphone-dataset,Kaggle smartphone-dataset (Apache-2.0),2026-08-05T06:07:04.985220+00:00,Smartphones,Samsung,126.49
10001414,Samsung Galaxy F13,exynos · 8 cores · 2 GHz,Not specified,4GB,64GB,6.6 inch · 2408×1080 · 60Hz,6000 mAh capacity,Not specified,camera communication portable android 4G,https://www.kaggle.com/datasets/muzammilbaloch/smartphone-dataset,Kaggle smartphone-dataset (Apache-2.0),2026-08-05T06:07:04.985220+00:00,Smartphones,Samsung,132.52
10001415,Samsung Galaxy F13 (4GB RAM + 128GB),exynos · 8 cores · 2 GHz,Not specified,4GB,128GB,6.6 inch · 2408×1080 · 60Hz,6000 mAh capacity,Not specified,camera communication portable android 4G,https://www.kaggle.com/datasets/muzammilbaloch/smartphone-dataset,Kaggle smartphone-dataset (Apache-2.0),2026-08-05T06:07:04.985220+00:00,Smartphones,Samsung,144.57
10001416,Samsung Galaxy F14,· 8 cores · GHz,Not specified,4GB,64GB,6.62 inch · 2408×1080 · 60Hz,5000 mAh capacity,Not specified,camera communication portable android 4G,https://www.kaggle.com/datasets/muzammilbaloch/smartphone-dataset,Kaggle smartphone-dataset (Apache-2.0),2026-08-05T06:07:04.985220+00:00,Smartphones,Samsung,180.6
10001417,Samsung Galaxy F22,helio · 8 cores · 2 GHz,Not specified,4GB,64GB,6.4 inch · 720×1600 · 90Hz,6000 mAh capacity,Not specified,camera communication portable android 4G,https://www.kaggle.com/datasets/muzammilbaloch/smartphone-dataset,Kaggle smartphone-dataset (Apache-2.0),2026-08-05T06:07:04.985220+00:00,Smartphones,Samsung,138.54
10001418,Samsung Galaxy F22 (6GB RAM + 128GB),helio · 8 cores · 2 GHz,Not specified,6GB,128GB,6.4 inch · 720×1600 · 90Hz,6000 mAh capacity,Not specified,camera communication portable android 4G,https://www.kaggle.com/datasets/muzammilbaloch/smartphone-dataset,Kaggle smartphone-dataset (Apache-2.0),2026-08-05T06:07:04.985220+00:00,Smartphones,Samsung,162.64
10001419,Samsung Galaxy F23 5G,snapdragon · 8 cores · 2.2 GHz,Not specified,4GB,128GB,6.6 inch · 1080×2408 · 120Hz,5000 mAh capacity,Not specified,camera communication portable android 5G,https://www.kaggle.com/datasets/muzammilbaloch/smartphone-dataset,Kaggle smartphone-dataset (Apache-2.0),2026-08-05T06:07:04.985220+00:00,Smartphones,Samsung,192.76
10001420,Samsung Galaxy F23 5G (6GB RAM + 128GB),snapdragon · 8 cores · 2.2 GHz,Not specified,6GB,128GB,6.6 inch · 1080×2408 · 120Hz,5000 mAh capacity,Not specified,camera communication portable android 5G,https://www.kaggle.com/datasets/muzammilbaloch/smartphone-dataset,Kaggle smartphone-dataset (Apache-2.0),2026-08-05T06:07:04.985220+00:00,Smartphones,Samsung,204.81
10001421,Samsung Galaxy F24 5G,snapdragon · 8 cores · 2.2 GHz,Not specified,4GB,128GB,6.6 inch · 1080×2408 · 120Hz,5000 mAh capacity,Not specified,camera communication portable android 5G,https://www.kaggle.com/datasets/muzammilbaloch/smartphone-dataset,Kaggle smartphone-dataset (Apache-2.0),2026-08-05T06:07:04.985220+00:00,Smartphones,Samsung,180.71
10001422,Samsung Galaxy F41 (6GB RAM + 128GB),exynos · 8 cores · 2.3 GHz,Not specified,6GB,128GB,6.4 inch · 1080×2340 · 60Hz,6000 mAh capacity,Not specified,camera communication portable android 4G,https://www.kaggle.com/datasets/muzammilbaloch/smartphone-dataset,Kaggle smartphone-dataset (Apache-2.0),2026-08-05T06:07:04.985220+00:00,Smartphones,Samsung,240.95
10001423,Samsung Galaxy F42 5G,dimensity · 8 cores · 2.2 GHz,Not specified,6GB,128GB,6.6 inch · 1080×2408 · 90Hz,5000 mAh capacity,Not specified,camera communication portable android 5G,https://www.kaggle.com/datasets/muzammilbaloch/smartphone-dataset,Kaggle smartphone-dataset (Apache-2.0),2026-08-05T06:07:04.985220+00:00,Smartphones,Samsung,186.63
10001424,Samsung Galaxy F42 5G (8GB RAM + 128GB),dimensity · 8 cores · 2.2 GHz,Not specified,8GB,128GB,6.6 inch · 1080×2408 · 90Hz,5000 mAh capacity,Not specified,camera communication portable android 5G,https://www.kaggle.com/datasets/muzammilbaloch/smartphone-dataset,Kaggle smartphone-dataset (Apache-2.0),2026-08-05T06:07:04.985220+00:00,Smartphones,Samsung,277.1
10001425,Samsung Galaxy F63,dimensity · 8 cores · 2 GHz,Not specified,6GB,128GB,6.7 inch · 1080×2400 · 60Hz,7000 mAh capacity,Not specified,camera communication portable android 5G,https://www.kaggle.com/datasets/muzammilbaloch/smartphone-dataset,Kaggle smartphone-dataset (Apache-2.0),2026-08-05T06:07:04.985220+00:00,Smartphones,Samsung,265.05
10001426,Samsung Galaxy M04,helio · 8 cores · 2.3 GHz,Not specified,4GB,64GB,6.5 inch · 720×1600 · 60Hz,5000 mAh capacity,Not specified,camera communication portable android 4G,https://www.kaggle.com/datasets/muzammilbaloch/smartphone-dataset,Kaggle smartphone-dataset (Apache-2.0),2026-08-05T06:07:04.985220+00:00,Smartphones,Samsung,102.4
10001427,Samsung Galaxy M04 (4GB RAM + 128GB),helio · 8 cores · 2.3 GHz,Not specified,4GB,128GB,6.5 inch · 720×1600 · 60Hz,5000 mAh capacity,Not specified,camera communication portable android 4G,https://www.kaggle.com/datasets/muzammilbaloch/smartphone-dataset,Kaggle smartphone-dataset (Apache-2.0),2026-08-05T06:07:04.985220+00:00,Smartphones,Samsung,114.45
10001428,Samsung Galaxy M12,exynos · 8 cores · 2 GHz,Not specified,4GB,64GB,6.5 inch · 720×1600 · 90Hz,6000 mAh capacity,Not specified,camera communication portable android 4G,https://www.kaggle.com/datasets/muzammilbaloch/smartphone-dataset,Kaggle smartphone-dataset (Apache-2.0),2026-08-05T06:07:04.985220+00:00,Smartphones,Samsung,132.52
10001429,Samsung Galaxy M13,exynos · 8 cores · 2 GHz,Not specified,6GB,128GB,6.6 inch · 1080×2400 · 60Hz,6000 mAh capacity,Not specified,camera communication portable android 4G,https://www.kaggle.com/datasets/muzammilbaloch/smartphone-dataset,Kaggle smartphone-dataset (Apache-2.0),2026-08-05T06:07:04.985220+00:00,Smartphones,Samsung,156.61
10001430,Samsung Galaxy M13 (4GB RAM + 64GB),exynos · 8 cores · 2 GHz,Not specified,4GB,64GB,6.6 inch · 1080×2400 · 60Hz,6000 mAh capacity,Not specified,camera communication portable android 4G,https://www.kaggle.com/datasets/muzammilbaloch/smartphone-dataset,Kaggle smartphone-dataset (Apache-2.0),2026-08-05T06:07:04.985220+00:00,Smartphones,Samsung,128.07
10001431,Samsung Galaxy M13 5G,dimensity · 8 cores · 2.2 GHz,Not specified,6GB,128GB,6.5 inch · 720×1600 · 90Hz,5000 mAh capacity,Not specified,camera communication portable android 5G,https://www.kaggle.com/datasets/muzammilbaloch/smartphone-dataset,Kaggle smartphone-dataset (Apache-2.0),2026-08-05T06:07:04.985220+00:00,Smartphones,Samsung,168.66
10001432,Samsung Galaxy M13 5G (4GB RAM + 64GB),dimensity · 8 cores · 2.2 GHz,Not specified,4GB,64GB,6.5 inch · 720×1600 · 90Hz,5000 mAh capacity,Not specified,camera communication portable android 5G,https://www.kaggle.com/datasets/muzammilbaloch/smartphone-dataset,Kaggle smartphone-dataset (Apache-2.0),2026-08-05T06:07:04.985220+00:00,Smartphones,Samsung,155.95
10001433,Samsung Galaxy M14,exynos · 8 cores · GHz,Not specified,4GB,64GB,6.5 inch · 720×1600 · 60Hz,6000 mAh capacity,Not specified,camera communication portable android 4G,https://www.kaggle.com/datasets/muzammilbaloch/smartphone-dataset,Kaggle smartphone-dataset (Apache-2.0),2026-08-05T06:07:04.985220+00:00,Smartphones,Samsung,180.71
10001434,Samsung Galaxy M21 2021,exynos · 8 cores · 2.3 GHz,Not specified,4GB,64GB,6.4 inch · 1080×2340 · 60Hz,6000 mAh capacity,Not specified,camera communication portable android 4G,https://www.kaggle.com/datasets/muzammilbaloch/smartphone-dataset,Kaggle smartphone-dataset (Apache-2.0),2026-08-05T06:07:04.985220+00:00,Smartphones,Samsung,141.27
10001435,Samsung Galaxy M32,helio · 8 cores · 2 GHz,Not specified,4GB,64GB,6.4 inch · 1080×2400 · 90Hz,6000 mAh capacity,Not specified,camera communication portable android 4G,https://www.kaggle.com/datasets/muzammilbaloch/smartphone-dataset,Kaggle smartphone-dataset (Apache-2.0),2026-08-05T06:07:04.985220+00:00,Smartphones,Samsung,148.96
10001436,Samsung Galaxy M32 (6GB RAM + 128GB),helio · 8 cores · 2 GHz,Not specified,6GB,128GB,6.4 inch · 1080×2400 · 90Hz,6000 mAh capacity,Not specified,camera communication portable android 4G,https://www.kaggle.com/datasets/muzammilbaloch/smartphone-dataset,Kaggle smartphone-dataset (Apache-2.0),2026-08-05T06:07:04.985220+00:00,Smartphones,Samsung,174.58
10001437,Samsung Galaxy M32 Prime Edition,helio · 8 cores · 2 GHz,Not specified,4GB,64GB,6.4 inch · 1080×2400 · 90Hz,6000 mAh capacity,Not specified,camera communication portable android 4G,https://www.kaggle.com/datasets/muzammilbaloch/smartphone-dataset,Kaggle smartphone-dataset (Apache-2.0),2026-08-05T06:07:04.985220+00:00,Smartphones,Samsung,146.02
10001438,Samsung Galaxy M32 Prime Edition (6GB RAM + 128GB),helio · 8 cores · 2 GHz,Not specified,6GB,128GB,6.4 inch · 1080×2400 · 90Hz,6000 mAh capacity,Not specified,camera communication portable android 4G,https://www.kaggle.com/datasets/muzammilbaloch/smartphone-dataset,Kaggle smartphone-dataset (Apache-2.0),2026-08-05T06:07:04.985220+00:00,Smartphones,Samsung,179.02
10001439,Samsung Galaxy M33 5G,exynos · 8 cores · 2.4 GHz,Not specified,6GB,128GB,6.6 inch · 1080×2400 · 120Hz,6000 mAh capacity,Not specified,camera communication portable android 5G,https://www.kaggle.com/datasets/muzammilbaloch/smartphone-dataset,Kaggle smartphone-dataset (Apache-2.0),2026-08-05T06:07:04.985220+00:00,Smartphones,Samsung,210.58
10001440,Samsung Galaxy M33 5G (8GB RAM + 128GB),exynos · 8 cores · 2.4 GHz,Not specified,8GB,128GB,6.6 inch · 1080×2400 · 120Hz,6000 mAh capacity,Not specified,camera communication portable android 5G,https://www.kaggle.com/datasets/muzammilbaloch/smartphone-dataset,Kaggle smartphone-dataset (Apache-2.0),2026-08-05T06:07:04.985220+00:00,Smartphones,Samsung,234.93
10001441,Samsung Galaxy M34 5G,exynos · 8 cores · 2.4 GHz,Not specified,6GB,128GB,6.5 inch · 1080×2400 · 120Hz,6000 mAh capacity,Not specified,camera communication portable android 5G,https://www.kaggle.com/datasets/muzammilbaloch/smartphone-dataset,Kaggle smartphone-dataset (Apache-2.0),2026-08-05T06:07:04.985220+00:00,Smartphones,Samsung,204.81
10001442,Samsung Galaxy M35,· 8 cores · GHz,Not specified,8GB,128GB,6.5 inch · 1080×2400 · 60Hz,6000 mAh capacity,Not specified,camera communication portable android 4G,https://www.kaggle.com/datasets/muzammilbaloch/smartphone-dataset,Kaggle smartphone-dataset (Apache-2.0),2026-08-05T06:07:04.985220+00:00,Smartphones,Samsung,277.1
10001443,Samsung Galaxy M51s 5G,· 8 cores · GHz,Not specified,6GB,128GB,6.7 inch · 1080×2400 · 60Hz,6000 mAh capacity,Not specified,camera communication portable android 5G,https://www.kaggle.com/datasets/muzammilbaloch/smartphone-dataset,Kaggle smartphone-dataset (Apache-2.0),2026-08-05T06:07:04.985220+00:00,Smartphones,Samsung,301.08
10001444,Samsung Galaxy M52s 5G,· 8 cores · GHz,Not specified,8GB,128GB,6.5 inch · 1080×2400 · 60Hz,5000 mAh capacity,Not specified,camera communication portable android 5G,https://www.kaggle.com/datasets/muzammilbaloch/smartphone-dataset,Kaggle smartphone-dataset (Apache-2.0),2026-08-05T06:07:04.985220+00:00,Smartphones,Samsung,301.08
10001445,Samsung Galaxy M53 5G,dimensity · 8 cores · 2.4 GHz,Not specified,6GB,128GB,6.7 inch · 1080×2400 · 120Hz,5000 mAh capacity,Not specified,camera communication portable android 5G,https://www.kaggle.com/datasets/muzammilbaloch/smartphone-dataset,Kaggle smartphone-dataset (Apache-2.0),2026-08-05T06:07:04.985220+00:00,Smartphones,Samsung,286.63
10001446,Samsung Galaxy M53 5G (8GB RAM + 128GB),dimensity · 8 cores · 2.4 GHz,Not specified,8GB,128GB,6.7 inch · 1080×2400 · 120Hz,5000 mAh capacity,Not specified,camera communication portable android 5G,https://www.kaggle.com/datasets/muzammilbaloch/smartphone-dataset,Kaggle smartphone-dataset (Apache-2.0),2026-08-05T06:07:04.985220+00:00,Smartphones,Samsung,304.69
10001447,Samsung Galaxy M54 5G,snapdragon · 8 cores · 2.84 GHz,Not specified,6GB,128GB,6.67 inch · 1080×2412 · 90Hz,6000 mAh capacity,Not specified,camera communication portable android 5G,https://www.kaggle.com/datasets/muzammilbaloch/smartphone-dataset,Kaggle smartphone-dataset (Apache-2.0),2026-08-05T06:07:04.985220+00:00,Smartphones,Samsung,421.67
10001448,Samsung Galaxy M62,exynos · 8 cores · 2.73 GHz,Not specified,6GB,128GB,6.71 inch · 1080×2400 · 60Hz,7000 mAh capacity,Not specified,camera communication portable android 4G,https://www.kaggle.com/datasets/muzammilbaloch/smartphone-dataset,Kaggle smartphone-dataset (Apache-2.0),2026-08-05T06:07:04.985220+00:00,Smartphones,Samsung,289.14
10001449,Samsung Galaxy Note 10 Lite,exynos · 8 cores · 2.7 GHz,Not specified,6GB,128GB,6.7 inch · 1080×2400 · 60Hz,4500 mAh capacity,Not specified,camera communication portable android 4G,https://www.kaggle.com/datasets/muzammilbaloch/smartphone-dataset,Kaggle smartphone-dataset (Apache-2.0),2026-08-05T06:07:04.985220+00:00,Smartphones,Samsung,481.92
10001450,Samsung Galaxy Note 10 Plus,exynos · 8 cores · 2.73 GHz,Not specified,12GB,256GB,6.8 inch · 1440×3040 · 60Hz,4300 mAh capacity,Not specified,camera communication portable android 4G,https://www.kaggle.com/datasets/muzammilbaloch/smartphone-dataset,Kaggle smartphone-dataset (Apache-2.0),2026-08-05T06:07:04.985220+00:00,Smartphones,Samsung,710.83
10001451,Samsung Galaxy Note 10 Plus 5G,exynos · 8 cores · 2.7 GHz,Not specified,12GB,256GB,6.8 inch · 1440×3040 · 60Hz,4300 mAh capacity,Not specified,camera communication portable android 5G,https://www.kaggle.com/datasets/muzammilbaloch/smartphone-dataset,Kaggle smartphone-dataset (Apache-2.0),2026-08-05T06:07:04.985220+00:00,Smartphones,Samsung,1120.47
10001452,Samsung Galaxy Note 20,exynos · 8 cores · 2.73 GHz,Not specified,8GB,256GB,6.7 inch · 1080×2400 · 60Hz,4300 mAh capacity,Not specified,camera communication portable android 4G,https://www.kaggle.com/datasets/muzammilbaloch/smartphone-dataset,Kaggle smartphone-dataset (Apache-2.0),2026-08-05T06:07:04.985220+00:00,Smartphones,Samsung,1036.14
10001453,Samsung Galaxy Note 30 Ultra 5G,snapdragon · 8 cores · 3.2 GHz,Not specified,12GB,256GB,6.71 inch · 1440×3214 · 120Hz,4500 mAh capacity,Not specified,camera communication portable android 5G,https://www.kaggle.com/datasets/muzammilbaloch/smartphone-dataset,Kaggle smartphone-dataset (Apache-2.0),2026-08-05T06:07:04.985220+00:00,Smartphones,Samsung,1265.05
10001454,Samsung Galaxy S10 5G,exynos · 8 cores · 2.7 GHz,Not specified,8GB,256GB,6.7 inch · 1440×3040 · 60Hz,4500 mAh capacity,Not specified,camera communication portable android 5G,https://www.kaggle.com/datasets/muzammilbaloch/smartphone-dataset,Kaggle smartphone-dataset (Apache-2.0),2026-08-05T06:07:04.985220+00:00,Smartphones,Samsung,951.69
10001455,Samsung Galaxy S10 Plus,exynos · 8 cores · 2.7 GHz,Not specified,8GB,128GB,6.4 inch · 1440×3040 · 60Hz,4100 mAh capacity,Not specified,camera communication portable android 4G,https://www.kaggle.com/datasets/muzammilbaloch/smartphone-dataset,Kaggle smartphone-dataset (Apache-2.0),2026-08-05T06:07:04.985220+00:00,Smartphones,Samsung,518.06
10001456,Samsung Galaxy S20,exynos · 8 cores · 2.73 GHz,Not specified,8GB,128GB,6.2 inch · 1440×3200 · 120Hz,4000 mAh capacity,Not specified,camera communication portable android 4G,https://www.kaggle.com/datasets/muzammilbaloch/smartphone-dataset,Kaggle smartphone-dataset (Apache-2.0),2026-08-05T06:07:04.985220+00:00,Smartphones,Samsung,506.01
10001457,Samsung Galaxy S20 5G,exynos · 8 cores · 2.73 GHz,Not specified,8GB,128GB,6.2 inch · 1440×3200 · 60Hz,4000 mAh capacity,Not specified,camera communication portable android 5G,https://www.kaggle.com/datasets/muzammilbaloch/smartphone-dataset,Kaggle smartphone-dataset (Apache-2.0),2026-08-05T06:07:04.985220+00:00,Smartphones,Samsung,903.6
10001458,Samsung Galaxy S20 FE,exynos · 8 cores · 2.73 GHz,Not specified,8GB,128GB,6.5 inch · 1080×2400 · 120Hz,4500 mAh capacity,Not specified,camera communication portable android 4G,https://www.kaggle.com/datasets/muzammilbaloch/smartphone-dataset,Kaggle smartphone-dataset (Apache-2.0),2026-08-05T06:07:04.985220+00:00,Smartphones,Samsung,427.58
10001459,Samsung Galaxy S20 FE 5G,snapdragon · 8 cores · 2.84 GHz,Not specified,8GB,128GB,6.5 inch · 1080×2400 · 120Hz,4500 mAh capacity,Not specified,camera communication portable android 5G,https://www.kaggle.com/datasets/muzammilbaloch/smartphone-dataset,Kaggle smartphone-dataset (Apache-2.0),2026-08-05T06:07:04.985220+00:00,Smartphones,Samsung,376.37
10001460,Samsung Galaxy S20 Plus,exynos · 8 cores · 2.73 GHz,Not specified,8GB,128GB,6.7 inch · 1440×3200 · 120Hz,4500 mAh capacity,Not specified,camera communication portable android 4G,https://www.kaggle.com/datasets/muzammilbaloch/smartphone-dataset,Kaggle smartphone-dataset (Apache-2.0),2026-08-05T06:07:04.985220+00:00,Smartphones,Samsung,1000.0
10001461,Samsung Galaxy S20 Plus 5G,exynos · 8 cores · 2.73 GHz,Not specified,8GB,128GB,6.7 inch · 1440×3200 · 60Hz,4500 mAh capacity,Not specified,camera communication portable android 5G,https://www.kaggle.com/datasets/muzammilbaloch/smartphone-dataset,Kaggle smartphone-dataset (Apache-2.0),2026-08-05T06:07:04.985220+00:00,Smartphones,Samsung,1036.02
10001462,Samsung Galaxy S20 Ultra 5G,exynos · 8 cores · 2.73 GHz,Not specified,12GB,128GB,6.9 inch · 1440×3200 · 60Hz,5000 mAh capacity,Not specified,camera communication portable android 5G,https://www.kaggle.com/datasets/muzammilbaloch/smartphone-dataset,Kaggle smartphone-dataset (Apache-2.0),2026-08-05T06:07:04.985220+00:00,Smartphones,Samsung,1204.81
10001463,Samsung Galaxy S21,exynos · 8 cores · 2.9 GHz,Not specified,8GB,128GB,6.2 inch · 1080×2400 · 120Hz,4000 mAh capacity,Not specified,camera communication portable android 5G,https://www.kaggle.com/datasets/muzammilbaloch/smartphone-dataset,Kaggle smartphone-dataset (Apache-2.0),2026-08-05T06:07:04.985220+00:00,Smartphones,Samsung,589.16
10001464,Samsung Galaxy S21 FE 5G,exynos · 8 cores · 2.9 GHz,Not specified,8GB,128GB,6.4 inch · 1080×2340 · 120Hz,4500 mAh capacity,Not specified,camera communication portable android 5G,https://www.kaggle.com/datasets/muzammilbaloch/smartphone-dataset,Kaggle smartphone-dataset (Apache-2.0),2026-08-05T06:07:04.985220+00:00,Smartphones,Samsung,481.92
10001465,Samsung Galaxy S21 FE 5G (8GB RAM + 256GB),exynos · 8 cores · 2.9 GHz,Not specified,8GB,256GB,6.4 inch · 1080×2340 · 120Hz,4500 mAh capacity,Not specified,camera communication portable android 5G,https://www.kaggle.com/datasets/muzammilbaloch/smartphone-dataset,Kaggle smartphone-dataset (Apache-2.0),2026-08-05T06:07:04.985220+00:00,Smartphones,Samsung,530.11
10001466,Samsung Galaxy S21 Plus,exynos · 8 cores · 2.9 GHz,Not specified,8GB,128GB,6.7 inch · 1080×2400 · 120Hz,4800 mAh capacity,Not specified,camera communication portable android 5G,https://www.kaggle.com/datasets/muzammilbaloch/smartphone-dataset,Kaggle smartphone-dataset (Apache-2.0),2026-08-05T06:07:04.985220+00:00,Smartphones,Samsung,716.27
10001467,Samsung Galaxy S21 Ultra,exynos · 8 cores · 2.9 GHz,Not specified,12GB,256GB,6.8 inch · 1440×3200 · 120Hz,5000 mAh capacity,Not specified,camera communication portable android 5G,https://www.kaggle.com/datasets/muzammilbaloch/smartphone-dataset,Kaggle smartphone-dataset (Apache-2.0),2026-08-05T06:07:04.985220+00:00,Smartphones,Samsung,1277.1
10001468,Samsung Galaxy S21 Ultra 5G (12GB RAM + 128GB),exynos · 8 cores · 2.9 GHz,Not specified,12GB,128GB,6.8 inch · 1440×3200 · 120Hz,5000 mAh capacity,Not specified,camera communication portable android 5G,https://www.kaggle.com/datasets/muzammilbaloch/smartphone-dataset,Kaggle smartphone-dataset (Apache-2.0),2026-08-05T06:07:04.985220+00:00,Smartphones,Samsung,1228.9
10001469,Samsung Galaxy S22 5G,snapdragon · 8 cores · 3 GHz,Not specified,8GB,128GB,6.1 inch · 1080×2340 · 120Hz,3700 mAh capacity,Not specified,camera communication portable android 5G,https://www.kaggle.com/datasets/muzammilbaloch/smartphone-dataset,Kaggle smartphone-dataset (Apache-2.0),2026-08-05T06:07:04.985220+00:00,Smartphones,Samsung,602.4
10001470,Samsung Galaxy S22 5G (8GB RAM + 256GB),snapdragon · 8 cores · 3 GHz,Not specified,8GB,256GB,6.1 inch · 1080×2340 · 120Hz,3700 mAh capacity,Not specified,camera communication portable android 5G,https://www.kaggle.com/datasets/muzammilbaloch/smartphone-dataset,Kaggle smartphone-dataset (Apache-2.0),2026-08-05T06:07:04.985220+00:00,Smartphones,Samsung,698.78
10001471,Samsung Galaxy S22 FE 5G,exynos · 8 cores · GHz,Not specified,8GB,128GB,6.4 inch · 1080×2400 · 120Hz,4200 mAh capacity,Not specified,camera communication portable android 5G,https://www.kaggle.com/datasets/muzammilbaloch/smartphone-dataset,Kaggle smartphone-dataset (Apache-2.0),2026-08-05T06:07:04.985220+00:00,Smartphones,Samsung,626.49
10001472,Samsung Galaxy S22 Plus 5G,snapdragon · 8 cores · 3 GHz,Not specified,8GB,128GB,6.6 inch · 1080×2340 · 120Hz,4500 mAh capacity,Not specified,camera communication portable android 5G,https://www.kaggle.com/datasets/muzammilbaloch/smartphone-dataset,Kaggle smartphone-dataset (Apache-2.0),2026-08-05T06:07:04.985220+00:00,Smartphones,Samsung,776.49
10001473,Samsung Galaxy S22 Plus 5G (8GB RAM + 256GB),snapdragon · 8 cores · 3 GHz,Not specified,8GB,256GB,6.6 inch · 1080×2340 · 120Hz,4500 mAh capacity,Not specified,camera communication portable android 5G,https://www.kaggle.com/datasets/muzammilbaloch/smartphone-dataset,Kaggle smartphone-dataset (Apache-2.0),2026-08-05T06:07:04.985220+00:00,Smartphones,Samsung,1072.28
10001474,Samsung Galaxy S22 Ultra 5G,snapdragon · 8 cores · 3 GHz,Not specified,12GB,256GB,6.8 inch · 1440×3080 · 120Hz,5000 mAh capacity,Not specified,camera communication portable android 5G,https://www.kaggle.com/datasets/muzammilbaloch/smartphone-dataset,Kaggle smartphone-dataset (Apache-2.0),2026-08-05T06:07:04.985220+00:00,Smartphones,Samsung,1108.42
10001475,Samsung Galaxy S22 Ultra 5G (12GB RAM + 512GB),snapdragon · 8 cores · 3 GHz,Not specified,12GB,512GB,6.8 inch · 1440×3080 · 120Hz,5000 mAh capacity,Not specified,camera communication portable android 5G,https://www.kaggle.com/datasets/muzammilbaloch/smartphone-dataset,Kaggle smartphone-dataset (Apache-2.0),2026-08-05T06:07:04.985220+00:00,Smartphones,Samsung,1433.72
10001476,Samsung Galaxy S22 Ultra 5G (8GB RAM + 128GB),snapdragon · 8 cores · 3 GHz,Not specified,8GB,128GB,6.8 inch · 1440×3080 · 120Hz,5000 mAh capacity,Not specified,camera communication portable android 5G,https://www.kaggle.com/datasets/muzammilbaloch/smartphone-dataset,Kaggle smartphone-dataset (Apache-2.0),2026-08-05T06:07:04.985220+00:00,Smartphones,Samsung,1204.7
10001477,Samsung Galaxy S23,snapdragon · 8 cores · 3.2 GHz,Not specified,8GB,128GB,6.1 inch · 1080×2340 · 120Hz,3900 mAh capacity,Not specified,camera communication portable android 5G,https://www.kaggle.com/datasets/muzammilbaloch/smartphone-dataset,Kaggle smartphone-dataset (Apache-2.0),2026-08-05T06:07:04.985220+00:00,Smartphones,Samsung,855.3
10001478,Samsung Galaxy S23 FE 5G,· 8 cores · GHz,Not specified,8GB,128GB,6.5 inch · 1080×2400 · 60Hz,4500 mAh capacity,Not specified,camera communication portable android 5G,https://www.kaggle.com/datasets/muzammilbaloch/smartphone-dataset,Kaggle smartphone-dataset (Apache-2.0),2026-08-05T06:07:04.985220+00:00,Smartphones,Samsung,662.64
10001479,Samsung Galaxy S23 Plus,snapdragon · 8 cores · 3.2 GHz,Not specified,8GB,256GB,6.6 inch · 1080×2340 · 120Hz,4700 mAh capacity,Not specified,camera communication portable android 5G,https://www.kaggle.com/datasets/muzammilbaloch/smartphone-dataset,Kaggle smartphone-dataset (Apache-2.0),2026-08-05T06:07:04.985220+00:00,Smartphones,Samsung,1023.98
10001480,Samsung Galaxy S23 Ultra 5G,snapdragon · 8 cores · 3.2 GHz,Not specified,8GB,256GB,6.8 inch · 1440×3088 · 120Hz,5000 mAh capacity,Not specified,camera communication portable android 5G,https://www.kaggle.com/datasets/muzammilbaloch/smartphone-dataset,Kaggle smartphone-dataset (Apache-2.0),2026-08-05T06:07:04.985220+00:00,Smartphones,Samsung,1385.42
10001481,Samsung Galaxy S24 Ultra,snapdragon · 8 cores · GHz,Not specified,12GB,256GB,6.83 inch · 1200×2860 · 144Hz,5100 mAh capacity,Not specified,camera communication portable android 5G,https://www.kaggle.com/datasets/muzammilbaloch/smartphone-dataset,Kaggle smartphone-dataset (Apache-2.0),2026-08-05T06:07:04.985220+00:00,Smartphones,Samsung,1445.66
10001482,Samsung Galaxy S9 Plus (128GB),exynos · 8 cores · 2.8 GHz,Not specified,6GB,128GB,6.2 inch · 1440×2960 · 60Hz,3500 mAh capacity,Not specified,camera communication portable android 4G,https://www.kaggle.com/datasets/muzammilbaloch/smartphone-dataset,Kaggle smartphone-dataset (Apache-2.0),2026-08-05T06:07:04.985220+00:00,Smartphones,Samsung,421.67
10001483,Samsung Galaxy Z Flip 3,snapdragon · 8 cores · 2.84 GHz,Not specified,8GB,128GB,6.7 inch · 1080×2640 · 120Hz,3300 mAh capacity,Not specified,camera communication portable 5G,https://www.kaggle.com/datasets/muzammilbaloch/smartphone-dataset,Kaggle smartphone-dataset (Apache-2.0),2026-08-05T06:07:04.985220+00:00,Smartphones,Samsung,843.36
10001484,Samsung Galaxy Z Flip 4 5G,snapdragon · 8 cores · 3.2 GHz,Not specified,8GB,128GB,6.7 inch · 1080×2640 · 120Hz,3700 mAh capacity,Not specified,camera communication portable 5G,https://www.kaggle.com/datasets/muzammilbaloch/smartphone-dataset,Kaggle smartphone-dataset (Apache-2.0),2026-08-05T06:07:04.985220+00:00,Smartphones,Samsung,1084.33
10001485,Samsung Galaxy Z Fold 3,snapdragon · 8 cores · 2.84 GHz,Not specified,12GB,256GB,7.6 inch · 1768×2208 · 120Hz,4400 mAh capacity,Not specified,camera communication portable android 5G,https://www.kaggle.com/datasets/muzammilbaloch/smartphone-dataset,Kaggle smartphone-dataset (Apache-2.0),2026-08-05T06:07:04.985220+00:00,Smartphones,Samsung,1337.34
10001486,Samsung Galaxy Z Fold 4,snapdragon · 8 cores · 3.2 GHz,Not specified,12GB,256GB,7.6 inch · 1812×2176 · 120Hz,4400 mAh capacity,Not specified,camera communication portable android 5G,https://www.kaggle.com/datasets/muzammilbaloch/smartphone-dataset,Kaggle smartphone-dataset (Apache-2.0),2026-08-05T06:07:04.985220+00:00,Smartphones,Samsung,1867.45
10001487,Samsung Galaxy Z Fold 4 (12GB RAM + 1TB),snapdragon · 8 cores · 3.2 GHz,Not specified,12GB,1024GB,7.6 inch · 1812×2176 · 120Hz,4400 mAh capacity,Not specified,camera communication portable android 5G,https://www.kaggle.com/datasets/muzammilbaloch/smartphone-dataset,Kaggle smartphone-dataset (Apache-2.0),2026-08-05T06:07:04.985220+00:00,Smartphones,Samsung,1975.66
10001488,Sharp Aquos R5G,snapdragon · 8 cores · 2.84 GHz,Not specified,12GB,256GB,6.5 inch · 1440×3168 · 60Hz,3730 mAh capacity,Not specified,camera communication portable android 4G,https://www.kaggle.com/datasets/muzammilbaloch/smartphone-dataset,Kaggle smartphone-dataset (Apache-2.0),2026-08-05T06:07:04.985220+00:00,Smartphones,Sharp,722.77
10001489,Sony Xperia 1 II,snapdragon · 8 cores · 2.84 GHz,Not specified,8GB,256GB,6.5 inch · 1644×3840 · 60Hz,4000 mAh capacity,Not specified,camera communication portable android 5G,https://www.kaggle.com/datasets/muzammilbaloch/smartphone-dataset,Kaggle smartphone-dataset (Apache-2.0),2026-08-05T06:07:04.985220+00:00,Smartphones,Sony,843.36
10001490,Sony Xperia 1 IV (12GB RAM + 512GB),snapdragon · 8 cores · 3 GHz,Not specified,12GB,512GB,6.5 inch · 1644×3840 · 120Hz,5000 mAh capacity,Not specified,camera communication portable android 5G,https://www.kaggle.com/datasets/muzammilbaloch/smartphone-dataset,Kaggle smartphone-dataset (Apache-2.0),2026-08-05T06:07:04.985220+00:00,Smartphones,Sony,1120.24
10001491,Sony Xperia 10 II,snapdragon · 8 cores · 2 GHz,Not specified,4GB,128GB,6 inch · 1080×2520 · 90Hz,3600 mAh capacity,Not specified,camera communication portable android 4G,https://www.kaggle.com/datasets/muzammilbaloch/smartphone-dataset,Kaggle smartphone-dataset (Apache-2.0),2026-08-05T06:07:04.985220+00:00,Smartphones,Sony,337.34
10001492,Sony Xperia 10 III Lite 5G,snapdragon · 8 cores · 2 GHz,Not specified,6GB,64GB,6 inch · 1080×2520 · 60Hz,4500 mAh capacity,Not specified,camera communication portable android 5G,https://www.kaggle.com/datasets/muzammilbaloch/smartphone-dataset,Kaggle smartphone-dataset (Apache-2.0),2026-08-05T06:07:04.985220+00:00,Smartphones,Sony,373.37
10001493,Sony Xperia 5 II,snapdragon · 8 cores · 2.84 GHz,Not specified,8GB,128GB,6.1 inch · 1080×2520 · 120Hz,4000 mAh capacity,Not specified,camera communication portable android 5G,https://www.kaggle.com/datasets/muzammilbaloch/smartphone-dataset,Kaggle smartphone-dataset (Apache-2.0),2026-08-05T06:07:04.985220+00:00,Smartphones,Sony,843.25
10001494,Sony Xperia 5 IV 5G,snapdragon · 8 cores · 3 GHz,Not specified,8GB,256GB,6.1 inch · 1080×2520 · 120Hz,5000 mAh capacity,Not specified,camera communication portable android 5G,https://www.kaggle.com/datasets/muzammilbaloch/smartphone-dataset,Kaggle smartphone-dataset (Apache-2.0),2026-08-05T06:07:04.985220+00:00,Smartphones,Sony,990.35
10001495,Sony Xperia Ace IV,snapdragon · 8 cores · 2 GHz,Not specified,8GB,128GB,6.5 inch · 1080×2400 · 120Hz,5000 mAh capacity,Not specified,camera communication portable android 4G,https://www.kaggle.com/datasets/muzammilbaloch/smartphone-dataset,Kaggle smartphone-dataset (Apache-2.0),2026-08-05T06:07:04.985220+00:00,Smartphones,Sony,240.84
10001496,Sony Xperia L5 5G,helio · 8 cores · 2.3 GHz,Not specified,4GB,64GB,6.2 inch · 720×1680 · 60Hz,4000 mAh capacity,Not specified,camera communication portable android 4G,https://www.kaggle.com/datasets/muzammilbaloch/smartphone-dataset,Kaggle smartphone-dataset (Apache-2.0),2026-08-05T06:07:04.985220+00:00,Smartphones,Sony,192.65
10001497,Sony Xperia Pro-I,snapdragon · 8 cores · 2.84 GHz,Not specified,12GB,512GB,6.5 inch · 1644×3840 · 120Hz,4500 mAh capacity,Not specified,camera communication portable android 5G,https://www.kaggle.com/datasets/muzammilbaloch/smartphone-dataset,Kaggle smartphone-dataset (Apache-2.0),2026-08-05T06:07:04.985220+00:00,Smartphones,Sony,1626.49
10001498,TCL Ion X,helio · 8 cores · 2 GHz,Not specified,3GB,32GB,6 inch · 720×1440 · 60Hz,3000 mAh capacity,Not specified,camera communication portable android 4G,https://www.kaggle.com/datasets/muzammilbaloch/smartphone-dataset,Kaggle smartphone-dataset (Apache-2.0),2026-08-05T06:07:04.985220+00:00,Smartphones,Tcl,108.31
10001499,Tecno Camon 18,helio · 8 cores · 2 GHz,Not specified,4GB,128GB,6.8 inch · 1080×2460 · 90Hz,5000 mAh capacity,Not specified,camera communication portable android 4G,https://www.kaggle.com/datasets/muzammilbaloch/smartphone-dataset,Kaggle smartphone-dataset (Apache-2.0),2026-08-05T06:07:04.985220+00:00,Smartphones,Tecno,138.54
10001500,Tecno Camon 19,helio · 8 cores · 2 GHz,Not specified,6GB,128GB,6.8 inch · 1080×2460 · 60Hz,5000 mAh capacity,Not specified,camera communication portable android 4G,https://www.kaggle.com/datasets/muzammilbaloch/smartphone-dataset,Kaggle smartphone-dataset (Apache-2.0),2026-08-05T06:07:04.985220+00:00,Smartphones,Tecno,177.66
10001501,Tecno Camon 19 Neo,helio · 8 cores · 2 GHz,Not specified,6GB,128GB,6.8 inch · 1080×2400 · 90Hz,5000 mAh capacity,Not specified,camera communication portable android 4G,https://www.kaggle.com/datasets/muzammilbaloch/smartphone-dataset,Kaggle smartphone-dataset (Apache-2.0),2026-08-05T06:07:04.985220+00:00,Smartphones,Tecno,180.71
10001502,Tecno Camon 19 Pro,helio · 8 cores · 2.05 GHz,Not specified,8GB,128GB,6.8 inch · 1080×2460 · 120Hz,5000 mAh capacity,Not specified,camera communication portable android 4G,https://www.kaggle.com/datasets/muzammilbaloch/smartphone-dataset,Kaggle smartphone-dataset (Apache-2.0),2026-08-05T06:07:04.985220+00:00,Smartphones,Tecno,216.75
10001503,Tecno Camon 19 Pro 5G,dimensity · 8 cores · 2.4 GHz,Not specified,8GB,128GB,6.8 inch · 1080×2460 · 120Hz,5000 mAh capacity,Not specified,camera communication portable android 5G,https://www.kaggle.com/datasets/muzammilbaloch/smartphone-dataset,Kaggle smartphone-dataset (Apache-2.0),2026-08-05T06:07:04.985220+00:00,Smartphones,Tecno,265.05
10001504,Tecno Camon 19 Pro Mondrian Edition,helio · 8 cores · 2.05 GHz,Not specified,8GB,128GB,6.8 inch · 1080×2460 · 120Hz,5000 mAh capacity,Not specified,camera communication portable android 4G,https://www.kaggle.com/datasets/muzammilbaloch/smartphone-dataset,Kaggle smartphone-dataset (Apache-2.0),2026-08-05T06:07:04.985220+00:00,Smartphones,Tecno,216.86
10001505,Tecno Camon 20 Premier,dimensity · 8 cores · 2.2 GHz,Not specified,6GB,128GB,6.83 inch · 1080×2460 · 120Hz,5000 mAh capacity,Not specified,camera communication portable android 5G,https://www.kaggle.com/datasets/muzammilbaloch/smartphone-dataset,Kaggle smartphone-dataset (Apache-2.0),2026-08-05T06:07:04.985220+00:00,Smartphones,Tecno,253.0
10001506,Tecno Phantom X,helio · 8 cores · 2.05 GHz,Not specified,8GB,256GB,6.7 inch · 1080×2340 · 90Hz,4700 mAh capacity,Not specified,camera communication portable android 4G,https://www.kaggle.com/datasets/muzammilbaloch/smartphone-dataset,Kaggle smartphone-dataset (Apache-2.0),2026-08-05T06:07:04.985220+00:00,Smartphones,Tecno,313.24
10001507,Tecno Phantom X Pro,helio · 8 cores · 2.05 GHz,Not specified,8GB,256GB,6.7 inch · 1080×2400 · 120Hz,5000 mAh capacity,Not specified,camera communication portable android 4G,https://www.kaggle.com/datasets/muzammilbaloch/smartphone-dataset,Kaggle smartphone-dataset (Apache-2.0),2026-08-05T06:07:04.985220+00:00,Smartphones,Tecno,277.1
10001508,Tecno Phantom X2,dimensity · 8 cores · 3.05 GHz,Not specified,8GB,256GB,6.8 inch · 1080×2400 · 120Hz,5160 mAh capacity,Not specified,camera communication portable android 5G,https://www.kaggle.com/datasets/muzammilbaloch/smartphone-dataset,Kaggle smartphone-dataset (Apache-2.0),2026-08-05T06:07:04.985220+00:00,Smartphones,Tecno,481.92
10001509,Tecno Phantom X2 Pro,dimensity · 8 cores · 3.05 GHz,Not specified,12GB,256GB,6.8 inch · 1080×2400 · 120Hz,5160 mAh capacity,Not specified,camera communication portable android 5G,https://www.kaggle.com/datasets/muzammilbaloch/smartphone-dataset,Kaggle smartphone-dataset (Apache-2.0),2026-08-05T06:07:04.985220+00:00,Smartphones,Tecno,602.4
10001510,Tecno Pop 5 Go,spreadtrum · 4 cores · 1.3 GHz,Not specified,1GB,16GB,6.1 inch · 720×1520 · 60Hz,4000 mAh capacity,Not specified,camera communication portable android 4G,https://www.kaggle.com/datasets/muzammilbaloch/smartphone-dataset,Kaggle smartphone-dataset (Apache-2.0),2026-08-05T06:07:04.985220+00:00,Smartphones,Tecno,84.33
10001511,Tecno Pop 6 Pro,helio · 4 cores · 2 GHz,Not specified,2GB,32GB,6.56 inch · 720×1600 · 60Hz,5000 mAh capacity,Not specified,camera communication portable android 4G,https://www.kaggle.com/datasets/muzammilbaloch/smartphone-dataset,Kaggle smartphone-dataset (Apache-2.0),2026-08-05T06:07:04.985220+00:00,Smartphones,Tecno,75.89
10001512,Tecno Pova 2,helio · 8 cores · 2 GHz,Not specified,4GB,64GB,6.95 inch · 1080×2460 · 60Hz,7000 mAh capacity,Not specified,camera communication portable android 4G,https://www.kaggle.com/datasets/muzammilbaloch/smartphone-dataset,Kaggle smartphone-dataset (Apache-2.0),2026-08-05T06:07:04.985220+00:00,Smartphones,Tecno,132.52
10001513,Tecno Pova 3,helio · 8 cores · 2 GHz,Not specified,4GB,64GB,6.95 inch · 1080×2460 · 90Hz,7000 mAh capacity,Not specified,camera communication portable android 4G,https://www.kaggle.com/datasets/muzammilbaloch/smartphone-dataset,Kaggle smartphone-dataset (Apache-2.0),2026-08-05T06:07:04.985220+00:00,Smartphones,Tecno,120.47
10001514,Tecno Pova 3 (6GB RAM + 128GB),helio · 8 cores · 2 GHz,Not specified,6GB,128GB,6.9 inch · 1080×2460 · 90Hz,7000 mAh capacity,Not specified,camera communication portable android 4G,https://www.kaggle.com/datasets/muzammilbaloch/smartphone-dataset,Kaggle smartphone-dataset (Apache-2.0),2026-08-05T06:07:04.985220+00:00,Smartphones,Tecno,166.25
10001515,Tecno Pova 4,helio · 8 cores · 2.2 GHz,Not specified,8GB,128GB,6.82 inch · 720×1600 · 90Hz,6000 mAh capacity,Not specified,camera communication portable android 4G,https://www.kaggle.com/datasets/muzammilbaloch/smartphone-dataset,Kaggle smartphone-dataset (Apache-2.0),2026-08-05T06:07:04.985220+00:00,Smartphones,Tecno,144.57
10001516,Tecno Pova 4 Pro,helio · 8 cores · 2.2 GHz,Not specified,8GB,256GB,6.66 inch · 720×1600 · 90Hz,6000 mAh capacity,Not specified,camera communication portable android 4G,https://www.kaggle.com/datasets/muzammilbaloch/smartphone-dataset,Kaggle smartphone-dataset (Apache-2.0),2026-08-05T06:07:04.985220+00:00,Smartphones,Tecno,192.76
10001517,Tecno Pova 5G,dimensity · 8 cores · 2.4 GHz,Not specified,8GB,128GB,6.9 inch · 1080×2460 · 120Hz,6000 mAh capacity,Not specified,camera communication portable android 5G,https://www.kaggle.com/datasets/muzammilbaloch/smartphone-dataset,Kaggle smartphone-dataset (Apache-2.0),2026-08-05T06:07:04.985220+00:00,Smartphones,Tecno,186.73
10001518,Tecno Pova Neo 2,helio · 8 cores · 2 GHz,Not specified,6GB,128GB,6.82 inch · 720×1600 · 90Hz,7000 mAh capacity,Not specified,camera communication portable android 4G,https://www.kaggle.com/datasets/muzammilbaloch/smartphone-dataset,Kaggle smartphone-dataset (Apache-2.0),2026-08-05T06:07:04.985220+00:00,Smartphones,Tecno,168.55
10001519,Tecno Pova Neo 5G,dimensity · 8 cores · 2.4 GHz,Not specified,4GB,128GB,6.8 inch · 1080×2400 · 120Hz,6000 mAh capacity,Not specified,camera communication portable android 4G,https://www.kaggle.com/datasets/muzammilbaloch/smartphone-dataset,Kaggle smartphone-dataset (Apache-2.0),2026-08-05T06:07:04.985220+00:00,Smartphones,Tecno,186.73
10001520,Tecno Spark 8 (4GB RAM + 64GB),helio · 8 cores · 1.8 GHz,Not specified,4GB,64GB,6.52 inch · 720×1600 · 60Hz,5000 mAh capacity,Not specified,camera communication portable android 4G,https://www.kaggle.com/datasets/muzammilbaloch/smartphone-dataset,Kaggle smartphone-dataset (Apache-2.0),2026-08-05T06:07:04.985220+00:00,Smartphones,Tecno,108.42
10001521,Tecno Spark 8 Pro,helio · 8 cores · 2 GHz,Not specified,4GB,64GB,6.8 inch · 1080×2460 · 60Hz,5000 mAh capacity,Not specified,camera communication portable android 4G,https://www.kaggle.com/datasets/muzammilbaloch/smartphone-dataset,Kaggle smartphone-dataset (Apache-2.0),2026-08-05T06:07:04.985220+00:00,Smartphones,Tecno,106.01
10001522,Tecno Spark 8C,unisoc · 8 cores · 2 GHz,Not specified,3GB,64GB,6.6 inch · 720×1612 · 90Hz,5000 mAh capacity,Not specified,camera communication portable android 4G,https://www.kaggle.com/datasets/muzammilbaloch/smartphone-dataset,Kaggle smartphone-dataset (Apache-2.0),2026-08-05T06:07:04.985220+00:00,Smartphones,Tecno,89.14
10001523,Tecno Spark 8C (4GB RAM + 64GB),unisoc · 8 cores · 2 GHz,Not specified,4GB,64GB,6.6 inch · 720×1612 · 90Hz,5000 mAh capacity,Not specified,camera communication portable android 4G,https://www.kaggle.com/datasets/muzammilbaloch/smartphone-dataset,Kaggle smartphone-dataset (Apache-2.0),2026-08-05T06:07:04.985220+00:00,Smartphones,Tecno,107.11
10001524,Tecno Spark 8T,helio · 8 cores · 2.3 GHz,Not specified,4GB,64GB,6.6 inch · 720×1600 · 60Hz,5000 mAh capacity,Not specified,camera communication portable android 4G,https://www.kaggle.com/datasets/muzammilbaloch/smartphone-dataset,Kaggle smartphone-dataset (Apache-2.0),2026-08-05T06:07:04.985220+00:00,Smartphones,Tecno,96.37
10001525,Tecno Spark 9,helio · 8 cores · 2.3 GHz,Not specified,6GB,128GB,6.6 inch · 720×1600 · 90Hz,5000 mAh capacity,Not specified,camera communication portable android 4G,https://www.kaggle.com/datasets/muzammilbaloch/smartphone-dataset,Kaggle smartphone-dataset (Apache-2.0),2026-08-05T06:07:04.985220+00:00,Smartphones,Tecno,108.42
10001526,Tecno Spark 9 (3GB RAM + 64GB),helio · 8 cores · 2.3 GHz,Not specified,3GB,64GB,6.6 inch · 720×1600 · 90Hz,5000 mAh capacity,Not specified,camera communication portable android 4G,https://www.kaggle.com/datasets/muzammilbaloch/smartphone-dataset,Kaggle smartphone-dataset (Apache-2.0),2026-08-05T06:07:04.985220+00:00,Smartphones,Tecno,101.08
10001527,Tecno Spark 9 (4GB RAM + 64GB),helio · 8 cores · 2.3 GHz,Not specified,4GB,64GB,6.6 inch · 720×1600 · 90Hz,5000 mAh capacity,Not specified,camera communication portable android 4G,https://www.kaggle.com/datasets/muzammilbaloch/smartphone-dataset,Kaggle smartphone-dataset (Apache-2.0),2026-08-05T06:07:04.985220+00:00,Smartphones,Tecno,96.37
10001528,Tecno Spark 9 Pro,helio · 8 cores · 2 GHz,Not specified,4GB,64GB,6.6 inch · 1080×2460 · 90Hz,5000 mAh capacity,Not specified,camera communication portable android 4G,https://www.kaggle.com/datasets/muzammilbaloch/smartphone-dataset,Kaggle smartphone-dataset (Apache-2.0),2026-08-05T06:07:04.985220+00:00,Smartphones,Tecno,120.47
10001529,Tecno Spark 9T,helio · 8 cores · 2.3 GHz,Not specified,4GB,64GB,6.6 inch · 1080×2408 · 60Hz,5000 mAh capacity,Not specified,camera communication portable android 4G,https://www.kaggle.com/datasets/muzammilbaloch/smartphone-dataset,Kaggle smartphone-dataset (Apache-2.0),2026-08-05T06:07:04.985220+00:00,Smartphones,Tecno,108.05
10001530,Tecno Spark Go 2022,· 8 cores · 2.2 GHz,Not specified,2GB,32GB,6.51 inch · 720×1600 · 60Hz,5000 mAh capacity,Not specified,camera communication portable android 4G,https://www.kaggle.com/datasets/muzammilbaloch/smartphone-dataset,Kaggle smartphone-dataset (Apache-2.0),2026-08-05T06:07:04.985220+00:00,Smartphones,Tecno,75.29
10001531,Tecno Spark Go 2023,helio · 4 cores · 2 GHz,Not specified,3GB,32GB,6.56 inch · 720×1600 · 60Hz,5000 mAh capacity,Not specified,camera communication portable android 4G,https://www.kaggle.com/datasets/muzammilbaloch/smartphone-dataset,Kaggle smartphone-dataset (Apache-2.0),2026-08-05T06:07:04.985220+00:00,Smartphones,Tecno,84.33
10001532,Tesla Pi Phone,· 8 cores · GHz,Not specified,16GB,512GB,6.73 inch · 1080×2448 · 165Hz,5000 mAh capacity,Not specified,camera communication portable android 5G,https://www.kaggle.com/datasets/muzammilbaloch/smartphone-dataset,Kaggle smartphone-dataset (Apache-2.0),2026-08-05T06:07:04.985220+00:00,Smartphones,Tesla,843.36
10001533,Vertu Signature Touch,snapdragon · 8 cores · 1.5 GHz,Not specified,2GB,64GB,4.7 inch · 1080×1920 · 60Hz,2275 mAh capacity,Not specified,camera communication portable android 4G,https://www.kaggle.com/datasets/muzammilbaloch/smartphone-dataset,Kaggle smartphone-dataset (Apache-2.0),2026-08-05T06:07:04.985220+00:00,Smartphones,Vertu,7831.33
10001534,Vivo S1 Pro,snapdragon · 8 cores · 2 GHz,Not specified,8GB,128GB,6.38 inch · 1080×2340 · 60Hz,4500 mAh capacity,Not specified,camera communication portable android 4G,https://www.kaggle.com/datasets/muzammilbaloch/smartphone-dataset,Kaggle smartphone-dataset (Apache-2.0),2026-08-05T06:07:04.985220+00:00,Smartphones,Vivo,361.43
10001535,Vivo S16,snapdragon · 8 cores · 3.2 GHz,Not specified,8GB,128GB,6.78 inch · 1080×2400 · 120Hz,4600 mAh capacity,Not specified,camera communication portable android 5G,https://www.kaggle.com/datasets/muzammilbaloch/smartphone-dataset,Kaggle smartphone-dataset (Apache-2.0),2026-08-05T06:07:04.985220+00:00,Smartphones,Vivo,361.33
10001536,Vivo S16 Pro,dimensity · 8 cores · 3.1 GHz,Not specified,8GB,256GB,6.78 inch · 1080×2400 · 120Hz,4600 mAh capacity,Not specified,camera communication portable android 5G,https://www.kaggle.com/datasets/muzammilbaloch/smartphone-dataset,Kaggle smartphone-dataset (Apache-2.0),2026-08-05T06:07:04.985220+00:00,Smartphones,Vivo,427.7
10001537,Vivo S17 Pro,dimensity · 8 cores · GHz,Not specified,12GB,256GB,6.67 inch · 1080×2400 · 120Hz,5000 mAh capacity,Not specified,camera communication portable android 5G,https://www.kaggle.com/datasets/muzammilbaloch/smartphone-dataset,Kaggle smartphone-dataset (Apache-2.0),2026-08-05T06:07:04.985220+00:00,Smartphones,Vivo,602.29
10001538,Vivo T1 44W,snapdragon · 8 cores · 2.4 GHz,Not specified,4GB,128GB,6.44 inch · 1080×2408 · 60Hz,5000 mAh capacity,Not specified,camera communication portable android 4G,https://www.kaggle.com/datasets/muzammilbaloch/smartphone-dataset,Kaggle smartphone-dataset (Apache-2.0),2026-08-05T06:07:04.985220+00:00,Smartphones,Vivo,174.69
10001539,Vivo T1 44W (6GB RAM + 128GB),snapdragon · 8 cores · 2.4 GHz,Not specified,6GB,128GB,6.44 inch · 1080×2408 · 60Hz,5000 mAh capacity,Not specified,camera communication portable android 4G,https://www.kaggle.com/datasets/muzammilbaloch/smartphone-dataset,Kaggle smartphone-dataset (Apache-2.0),2026-08-05T06:07:04.985220+00:00,Smartphones,Vivo,192.76
10001540,Vivo T1 44W (8GB RAM + 128GB),snapdragon · 8 cores · 2.4 GHz,Not specified,8GB,128GB,6.44 inch · 1080×2408 · 60Hz,5000 mAh capacity,Not specified,camera communication portable android 4G,https://www.kaggle.com/datasets/muzammilbaloch/smartphone-dataset,Kaggle smartphone-dataset (Apache-2.0),2026-08-05T06:07:04.985220+00:00,Smartphones,Vivo,216.86
10001541,Vivo T1 5G,snapdragon · 8 cores · 2.2 GHz,Not specified,4GB,128GB,6.58 inch · 1080×2408 · 120Hz,5000 mAh capacity,Not specified,camera communication portable android 5G,https://www.kaggle.com/datasets/muzammilbaloch/smartphone-dataset,Kaggle smartphone-dataset (Apache-2.0),2026-08-05T06:07:04.985220+00:00,Smartphones,Vivo,192.65
10001542,Vivo T1 5G (6GB RAM + 128GB),snapdragon · 8 cores · 2.2 GHz,Not specified,6GB,128GB,6.58 inch · 1080×2408 · 120Hz,5000 mAh capacity,Not specified,camera communication portable android 5G,https://www.kaggle.com/datasets/muzammilbaloch/smartphone-dataset,Kaggle smartphone-dataset (Apache-2.0),2026-08-05T06:07:04.985220+00:00,Smartphones,Vivo,204.7
10001543,Vivo T1 5G (8GB RAM + 128GB),snapdragon · 8 cores · 2.2 GHz,Not specified,8GB,128GB,6.58 inch · 1080×2408 · 120Hz,5000 mAh capacity,Not specified,camera communication portable android 5G,https://www.kaggle.com/datasets/muzammilbaloch/smartphone-dataset,Kaggle smartphone-dataset (Apache-2.0),2026-08-05T06:07:04.985220+00:00,Smartphones,Vivo,240.84
10001544,Vivo T1 Pro,snapdragon · 8 cores · 2.4 GHz,Not specified,6GB,128GB,6.44 inch · 1080×2404 · 90Hz,4700 mAh capacity,Not specified,camera communication portable android 5G,https://www.kaggle.com/datasets/muzammilbaloch/smartphone-dataset,Kaggle smartphone-dataset (Apache-2.0),2026-08-05T06:07:04.985220+00:00,Smartphones,Vivo,289.14
10001545,Vivo T1 Pro 5G (8GB RAM + 128GB),snapdragon · 8 cores · 2.4 GHz,Not specified,8GB,128GB,6.44 inch · 1080×2404 · 90Hz,4700 mAh capacity,Not specified,camera communication portable android 5G,https://www.kaggle.com/datasets/muzammilbaloch/smartphone-dataset,Kaggle smartphone-dataset (Apache-2.0),2026-08-05T06:07:04.985220+00:00,Smartphones,Vivo,301.19
10001546,Vivo T1x (4GB RAM + 128GB),snapdragon · 8 cores · 2.4 GHz,Not specified,4GB,128GB,6.58 inch · 1080×2408 · 90Hz,5000 mAh capacity,Not specified,camera communication portable android 4G,https://www.kaggle.com/datasets/muzammilbaloch/smartphone-dataset,Kaggle smartphone-dataset (Apache-2.0),2026-08-05T06:07:04.985220+00:00,Smartphones,Vivo,156.61
10001547,Vivo T1x (6GB RAM + 128GB),snapdragon · 8 cores · 2.4 GHz,Not specified,6GB,128GB,6.58 inch · 1080×2408 · 90Hz,5000 mAh capacity,Not specified,camera communication portable android 4G,https://www.kaggle.com/datasets/muzammilbaloch/smartphone-dataset,Kaggle smartphone-dataset (Apache-2.0),2026-08-05T06:07:04.985220+00:00,Smartphones,Vivo,180.71
10001548,Vivo T1x 4G,snapdragon · 8 cores · 2.4 GHz,Not specified,4GB,64GB,6.58 inch · 1080×2408 · 90Hz,5000 mAh capacity,Not specified,camera communication portable android 4G,https://www.kaggle.com/datasets/muzammilbaloch/smartphone-dataset,Kaggle smartphone-dataset (Apache-2.0),2026-08-05T06:07:04.985220+00:00,Smartphones,Vivo,144.57
10001549,Vivo T2 5G,snapdragon · 8 cores · 3.2 GHz,Not specified,8GB,128GB,6.62 inch · 1080×2400 · 120Hz,4700 mAh capacity,Not specified,camera communication portable android 5G,https://www.kaggle.com/datasets/muzammilbaloch/smartphone-dataset,Kaggle smartphone-dataset (Apache-2.0),2026-08-05T06:07:04.985220+00:00,Smartphones,Vivo,301.08
10001550,Vivo T2 Pro 5G,snapdragon · 8 cores · GHz,Not specified,8GB,128GB,6.44 inch · 1080×2408 · 90Hz,4500 mAh capacity,Not specified,camera communication portable android 5G,https://www.kaggle.com/datasets/muzammilbaloch/smartphone-dataset,Kaggle smartphone-dataset (Apache-2.0),2026-08-05T06:07:04.985220+00:00,Smartphones,Vivo,361.33
10001551,Vivo T2x 5G,dimensity · 8 cores · 3 GHz,Not specified,8GB,128GB,6.58 inch · 1080×2408 · 120Hz,6000 mAh capacity,Not specified,camera communication portable android 5G,https://www.kaggle.com/datasets/muzammilbaloch/smartphone-dataset,Kaggle smartphone-dataset (Apache-2.0),2026-08-05T06:07:04.985220+00:00,Smartphones,Vivo,228.8
10001552,Vivo T3 Pro,snapdragon · 8 cores · 2.7 GHz,Not specified,8GB,256GB,6.67 inch · 1080×2408 · 120Hz,4700 mAh capacity,Not specified,camera communication portable android 5G,https://www.kaggle.com/datasets/muzammilbaloch/smartphone-dataset,Kaggle smartphone-dataset (Apache-2.0),2026-08-05T06:07:04.985220+00:00,Smartphones,Vivo,385.42
10001553,Vivo U3,snapdragon · 8 cores · 2 GHz,Not specified,4GB,64GB,6.53 inch · 1080×2340 · 60Hz,5000 mAh capacity,Not specified,camera communication portable android 4G,https://www.kaggle.com/datasets/muzammilbaloch/smartphone-dataset,Kaggle smartphone-dataset (Apache-2.0),2026-08-05T06:07:04.985220+00:00,Smartphones,Vivo,120.36
10001554,Vivo U3 (6GB RAM + 64GB),snapdragon · 8 cores · 2 GHz,Not specified,6GB,64GB,6.53 inch · 1080×2340 · 60Hz,5000 mAh capacity,Not specified,camera communication portable android 4G,https://www.kaggle.com/datasets/muzammilbaloch/smartphone-dataset,Kaggle smartphone-dataset (Apache-2.0),2026-08-05T06:07:04.985220+00:00,Smartphones,Vivo,144.46
10001555,Vivo U3x,snapdragon · 8 cores · 2 GHz,Not specified,6GB,64GB,6.58 inch · 1080×2408 · 90Hz,5000 mAh capacity,Not specified,camera communication portable android 5G,https://www.kaggle.com/datasets/muzammilbaloch/smartphone-dataset,Kaggle smartphone-dataset (Apache-2.0),2026-08-05T06:07:04.985220+00:00,Smartphones,Vivo,108.31
10001556,Vivo V11i,helio · 8 cores · 2 GHz,Not specified,4GB,128GB,6.3 inch · 1080×2280 · 60Hz,3315 mAh capacity,Not specified,camera communication portable android 4G,https://www.kaggle.com/datasets/muzammilbaloch/smartphone-dataset,Kaggle smartphone-dataset (Apache-2.0),2026-08-05T06:07:04.985220+00:00,Smartphones,Vivo,252.89
10001557,Vivo V15 Pro (8GB RAM +128GB),snapdragon · 8 cores · 2 GHz,Not specified,8GB,128GB,6.39 inch · 1080×2316 · 60Hz,3700 mAh capacity,Not specified,camera communication portable android 4G,https://www.kaggle.com/datasets/muzammilbaloch/smartphone-dataset,Kaggle smartphone-dataset (Apache-2.0),2026-08-05T06:07:04.985220+00:00,Smartphones,Vivo,301.2
10001558,Vivo V19 (8GB RAM + 256GB),snapdragon · 8 cores · 2.3 GHz,Not specified,8GB,256GB,6.44 inch · 1080×2400 · 60Hz,4500 mAh capacity,Not specified,camera communication portable android 4G,https://www.kaggle.com/datasets/muzammilbaloch/smartphone-dataset,Kaggle smartphone-dataset (Apache-2.0),2026-08-05T06:07:04.985220+00:00,Smartphones,Vivo,337.23
10001559,Vivo V20,snapdragon · 8 cores · 2.3 GHz,Not specified,8GB,128GB,6.44 inch · 1080×2400 · 60Hz,4000 mAh capacity,Not specified,camera communication portable android 4G,https://www.kaggle.com/datasets/muzammilbaloch/smartphone-dataset,Kaggle smartphone-dataset (Apache-2.0),2026-08-05T06:07:04.985220+00:00,Smartphones,Vivo,280.35
10001560,Vivo V20 Pro,snapdragon · 8 cores · 2.4 GHz,Not specified,8GB,128GB,6.44 inch · 1080×2400 · 60Hz,4000 mAh capacity,Not specified,camera communication portable android 5G,https://www.kaggle.com/datasets/muzammilbaloch/smartphone-dataset,Kaggle smartphone-dataset (Apache-2.0),2026-08-05T06:07:04.985220+00:00,Smartphones,Vivo,325.3
10001561,Vivo V20 SE,snapdragon · 8 cores · 2 GHz,Not specified,8GB,128GB,6.44 inch · 1080×2400 · 60Hz,4100 mAh capacity,Not specified,camera communication portable android 4G,https://www.kaggle.com/datasets/muzammilbaloch/smartphone-dataset,Kaggle smartphone-dataset (Apache-2.0),2026-08-05T06:07:04.985220+00:00,Smartphones,Vivo,228.92
10001562,Vivo V21,dimensity · 8 cores · 2.4 GHz,Not specified,8GB,128GB,6.44 inch · 1080×2400 · 90Hz,4000 mAh capacity,Not specified,camera communication portable android 4G,https://www.kaggle.com/datasets/muzammilbaloch/smartphone-dataset,Kaggle smartphone-dataset (Apache-2.0),2026-08-05T06:07:04.985220+00:00,Smartphones,Vivo,301.19
10001563,Vivo V21 5G,dimensity · 8 cores · 2.4 GHz,Not specified,8GB,128GB,6.44 inch · 1080×2400 · 90Hz,4000 mAh capacity,Not specified,camera communication portable android 5G,https://www.kaggle.com/datasets/muzammilbaloch/smartphone-dataset,Kaggle smartphone-dataset (Apache-2.0),2026-08-05T06:07:04.985220+00:00,Smartphones,Vivo,289.08
10001564,Vivo V21 Pro,snapdragon · 8 cores · 2.4 GHz,Not specified,8GB,128GB,6.44 inch · 1080×2400 · 60Hz,4300 mAh capacity,Not specified,camera communication portable android 5G,https://www.kaggle.com/datasets/muzammilbaloch/smartphone-dataset,Kaggle smartphone-dataset (Apache-2.0),2026-08-05T06:07:04.985220+00:00,Smartphones,Vivo,397.58
10001565,Vivo V21s,dimensity · 8 cores · 2.4 GHz,Not specified,8GB,128GB,6.44 inch · 1080×2400 · 90Hz,4000 mAh capacity,Not specified,camera communication portable android 5G,https://www.kaggle.com/datasets/muzammilbaloch/smartphone-dataset,Kaggle smartphone-dataset (Apache-2.0),2026-08-05T06:07:04.985220+00:00,Smartphones,Vivo,361.43
10001566,Vivo V23 5G,dimensity · 8 cores · 2.5 GHz,Not specified,8GB,128GB,6.44 inch · 1080×2400 · 90Hz,4200 mAh capacity,Not specified,camera communication portable android 5G,https://www.kaggle.com/datasets/muzammilbaloch/smartphone-dataset,Kaggle smartphone-dataset (Apache-2.0),2026-08-05T06:07:04.985220+00:00,Smartphones,Vivo,301.13
10001567,Vivo V23 5G (12GB RAM + 256GB),dimensity · 8 cores · 2.5 GHz,Not specified,12GB,256GB,6.44 inch · 1080×2400 · 90Hz,4200 mAh capacity,Not specified,camera communication portable android 5G,https://www.kaggle.com/datasets/muzammilbaloch/smartphone-dataset,Kaggle smartphone-dataset (Apache-2.0),2026-08-05T06:07:04.985220+00:00,Smartphones,Vivo,337.28
10001568,Vivo V23 Pro 5G,dimensity · 8 cores · 3 GHz,Not specified,8GB,128GB,6.56 inch · 1080×2376 · 90Hz,4300 mAh capacity,Not specified,camera communication portable android 5G,https://www.kaggle.com/datasets/muzammilbaloch/smartphone-dataset,Kaggle smartphone-dataset (Apache-2.0),2026-08-05T06:07:04.985220+00:00,Smartphones,Vivo,385.47
10001569,Vivo V23 Pro 5G (12GB RAM + 256GB),dimensity · 8 cores · 3 GHz,Not specified,12GB,256GB,6.56 inch · 1080×2376 · 90Hz,4300 mAh capacity,Not specified,camera communication portable android 5G,https://www.kaggle.com/datasets/muzammilbaloch/smartphone-dataset,Kaggle smartphone-dataset (Apache-2.0),2026-08-05T06:07:04.985220+00:00,Smartphones,Vivo,445.71
10001570,Vivo V23e,helio · 8 cores · 2.05 GHz,Not specified,8GB,128GB,6.44 inch · 1080×2400 · 60Hz,4050 mAh capacity,Not specified,camera communication portable android 4G,https://www.kaggle.com/datasets/muzammilbaloch/smartphone-dataset,Kaggle smartphone-dataset (Apache-2.0),2026-08-05T06:07:04.985220+00:00,Smartphones,Vivo,325.18
10001571,Vivo V23e 5G,dimensity · 8 cores · 2.4 GHz,Not specified,8GB,128GB,6.44 inch · 1080×2400 · 60Hz,4050 mAh capacity,Not specified,camera communication portable android 5G,https://www.kaggle.com/datasets/muzammilbaloch/smartphone-dataset,Kaggle smartphone-dataset (Apache-2.0),2026-08-05T06:07:04.985220+00:00,Smartphones,Vivo,264.99
10001572,Vivo V25 (12GB RAM + 256GB),dimensity · 8 cores · 2 GHz,Not specified,12GB,256GB,6.44 inch · 1080×2408 · 90Hz,4500 mAh capacity,Not specified,camera communication portable android 5G,https://www.kaggle.com/datasets/muzammilbaloch/smartphone-dataset,Kaggle smartphone-dataset (Apache-2.0),2026-08-05T06:07:04.985220+00:00,Smartphones,Vivo,385.53
10001573,Vivo V25 5G,dimensity · 8 cores · 2 GHz,Not specified,8GB,128GB,6.44 inch · 1080×2408 · 90Hz,4500 mAh capacity,Not specified,camera communication portable android 5G,https://www.kaggle.com/datasets/muzammilbaloch/smartphone-dataset,Kaggle smartphone-dataset (Apache-2.0),2026-08-05T06:07:04.985220+00:00,Smartphones,Vivo,337.34
10001574,Vivo V25 Pro (12GB RAM + 256GB),dimensity · 8 cores · 3 GHz,Not specified,12GB,256GB,6.56 inch · 1080×2376 · 120Hz,4830 mAh capacity,Not specified,camera communication portable android 5G,https://www.kaggle.com/datasets/muzammilbaloch/smartphone-dataset,Kaggle smartphone-dataset (Apache-2.0),2026-08-05T06:07:04.985220+00:00,Smartphones,Vivo,481.92
10001575,Vivo V25 Pro 5G,dimensity · 8 cores · 3 GHz,Not specified,8GB,128GB,6.56 inch · 1080×2376 · 120Hz,4830 mAh capacity,Not specified,camera communication portable android 5G,https://www.kaggle.com/datasets/muzammilbaloch/smartphone-dataset,Kaggle smartphone-dataset (Apache-2.0),2026-08-05T06:07:04.985220+00:00,Smartphones,Vivo,433.72
10001576,Vivo V25e,helio · 8 cores · 2.2 GHz,Not specified,8GB,256GB,6.44 inch · 1080×2400 · 90Hz,4500 mAh capacity,Not specified,camera communication portable android 4G,https://www.kaggle.com/datasets/muzammilbaloch/smartphone-dataset,Kaggle smartphone-dataset (Apache-2.0),2026-08-05T06:07:04.985220+00:00,Smartphones,Vivo,240.84
10001577,Vivo V26 Pro,dimensity · 8 cores · 3.2 GHz,Not specified,12GB,256GB,6.7 inch · 1080×2400 · 120Hz,4800 mAh capacity,Not specified,camera communication portable android 5G,https://www.kaggle.com/datasets/muzammilbaloch/smartphone-dataset,Kaggle smartphone-dataset (Apache-2.0),2026-08-05T06:07:04.985220+00:00,Smartphones,Vivo,517.95
10001578,Vivo V27,dimensity · 8 cores · 2.2 GHz,Not specified,8GB,256GB,6.56 inch · 1080×2400 · 120Hz,4700 mAh capacity,Not specified,camera communication portable android 5G,https://www.kaggle.com/datasets/muzammilbaloch/smartphone-dataset,Kaggle smartphone-dataset (Apache-2.0),2026-08-05T06:07:04.985220+00:00,Smartphones,Vivo,337.23
10001579,Vivo V27 Pro,dimensity · 8 cores · 3.2 GHz,Not specified,12GB,256GB,6.73 inch · 1080×2400 · 144Hz,5000 mAh capacity,Not specified,camera communication portable android 5G,https://www.kaggle.com/datasets/muzammilbaloch/smartphone-dataset,Kaggle smartphone-dataset (Apache-2.0),2026-08-05T06:07:04.985220+00:00,Smartphones,Vivo,530.11
10001580,Vivo V28,snapdragon · 8 cores · 2.2 GHz,Not specified,8GB,256GB,6.7 inch · 1080×2400 · 120Hz,5000 mAh capacity,Not specified,camera communication portable android 5G,https://www.kaggle.com/datasets/muzammilbaloch/smartphone-dataset,Kaggle smartphone-dataset (Apache-2.0),2026-08-05T06:07:04.985220+00:00,Smartphones,Vivo,349.28
10001581,Vivo V29,snapdragon · 8 cores · 2.4 GHz,Not specified,8GB,256GB,6.67 inch · 1080×2400 · 120Hz,5000 mAh capacity,Not specified,camera communication portable android 5G,https://www.kaggle.com/datasets/muzammilbaloch/smartphone-dataset,Kaggle smartphone-dataset (Apache-2.0),2026-08-05T06:07:04.985220+00:00,Smartphones,Vivo,397.47
10001582,Vivo X Fold 2,snapdragon · 8 cores · 3.2 GHz,Not specified,12GB,256GB,8.03 inch · 1916×2160 · 120Hz,4800 mAh capacity,Not specified,camera communication portable android 5G,https://www.kaggle.com/datasets/muzammilbaloch/smartphone-dataset,Kaggle smartphone-dataset (Apache-2.0),2026-08-05T06:07:04.985220+00:00,Smartphones,Vivo,1445.66
10001583,Vivo X Fold 5G,snapdragon · 8 cores · 3 GHz,Not specified,12GB,256GB,8.03 inch · 1916×2160 · 120Hz,4600 mAh capacity,Not specified,camera communication portable android 5G,https://www.kaggle.com/datasets/muzammilbaloch/smartphone-dataset,Kaggle smartphone-dataset (Apache-2.0),2026-08-05T06:07:04.985220+00:00,Smartphones,Vivo,1289.04
10001584,Vivo X Fold 5G (12GB RAM + 512GB),snapdragon · 8 cores · 3 GHz,Not specified,12GB,512GB,8.03 inch · 1916×2160 · 120Hz,4600 mAh capacity,Not specified,camera communication portable android 5G,https://www.kaggle.com/datasets/muzammilbaloch/smartphone-dataset,Kaggle smartphone-dataset (Apache-2.0),2026-08-05T06:07:04.985220+00:00,Smartphones,Vivo,1433.61
10001585,Vivo X Fold Plus,snapdragon · 8 cores · 3.2 GHz,Not specified,12GB,256GB,8.03 inch · 1916×2160 · 120Hz,4730 mAh capacity,Not specified,camera communication portable android 5G,https://www.kaggle.com/datasets/muzammilbaloch/smartphone-dataset,Kaggle smartphone-dataset (Apache-2.0),2026-08-05T06:07:04.985220+00:00,Smartphones,Vivo,1373.37
10001586,Vivo X Note 5G (12GB RAM + 512GB),snapdragon · 8 cores · 3 GHz,Not specified,12GB,512GB,7 inch · 1440×3080 · 120Hz,5000 mAh capacity,Not specified,camera communication portable android 5G,https://www.kaggle.com/datasets/muzammilbaloch/smartphone-dataset,Kaggle smartphone-dataset (Apache-2.0),2026-08-05T06:07:04.985220+00:00,Smartphones,Vivo,999.88
10001587,Vivo X80 5G,dimensity · 8 cores · 3.05 GHz,Not specified,8GB,128GB,6.78 inch · 1080×2400 · 120Hz,4500 mAh capacity,Not specified,camera communication portable android 5G,https://www.kaggle.com/datasets/muzammilbaloch/smartphone-dataset,Kaggle smartphone-dataset (Apache-2.0),2026-08-05T06:07:04.985220+00:00,Smartphones,Vivo,662.64
10001588,Vivo X80 5G (12GB RAM + 256GB),dimensity · 8 cores · 3.05 GHz,Not specified,12GB,256GB,6.78 inch · 1080×2400 · 120Hz,4500 mAh capacity,Not specified,camera communication portable android 5G,https://www.kaggle.com/datasets/muzammilbaloch/smartphone-dataset,Kaggle smartphone-dataset (Apache-2.0),2026-08-05T06:07:04.985220+00:00,Smartphones,Vivo,722.88
10001589,Vivo X80 Pro 5G,snapdragon · 8 cores · 3 GHz,Not specified,12GB,256GB,6.78 inch · 1440×3200 · 120Hz,4700 mAh capacity,Not specified,camera communication portable android 5G,https://www.kaggle.com/datasets/muzammilbaloch/smartphone-dataset,Kaggle smartphone-dataset (Apache-2.0),2026-08-05T06:07:04.985220+00:00,Smartphones,Vivo,963.84
10001590,Vivo X80 Pro Plus 5G,snapdragon · 8 cores · 3.2 GHz,Not specified,12GB,256GB,6.78 inch · 1440×3200 · 120Hz,4500 mAh capacity,Not specified,camera communication portable android 5G,https://www.kaggle.com/datasets/muzammilbaloch/smartphone-dataset,Kaggle smartphone-dataset (Apache-2.0),2026-08-05T06:07:04.985220+00:00,Smartphones,Vivo,999.88
10001591,Vivo X90 5G,dimensity · 8 cores · 3.05 GHz,Not specified,8GB,128GB,6.78 inch · 1260×2800 · 120Hz,4810 mAh capacity,Not specified,camera communication portable android 5G,https://www.kaggle.com/datasets/muzammilbaloch/smartphone-dataset,Kaggle smartphone-dataset (Apache-2.0),2026-08-05T06:07:04.985220+00:00,Smartphones,Vivo,505.9
10001592,Vivo X90 Pro 5G,dimensity · 8 cores · 3.05 GHz,Not specified,8GB,256GB,6.78 inch · 1260×2800 · 120Hz,4870 mAh capacity,Not specified,camera communication portable android 5G,https://www.kaggle.com/datasets/muzammilbaloch/smartphone-dataset,Kaggle smartphone-dataset (Apache-2.0),2026-08-05T06:07:04.985220+00:00,Smartphones,Vivo,686.73
10001593,Vivo X90 Pro Plus 5G,snapdragon · 8 cores · 3.2 GHz,Not specified,12GB,256GB,6.78 inch · 1440×3200 · 120Hz,4700 mAh capacity,Not specified,camera communication portable android 5G,https://www.kaggle.com/datasets/muzammilbaloch/smartphone-dataset,Kaggle smartphone-dataset (Apache-2.0),2026-08-05T06:07:04.985220+00:00,Smartphones,Vivo,891.55
10001594,Vivo Y01,helio · 8 cores · 2.3 GHz,Not specified,2GB,32GB,6.51 inch · 720×1600 · 60Hz,5000 mAh capacity,Not specified,camera communication portable android 4G,https://www.kaggle.com/datasets/muzammilbaloch/smartphone-dataset,Kaggle smartphone-dataset (Apache-2.0),2026-08-05T06:07:04.985220+00:00,Smartphones,Vivo,96.37
10001595,Vivo Y01A,helio · 8 cores · 2.3 GHz,Not specified,2GB,32GB,6.51 inch · 720×1600 · 60Hz,5000 mAh capacity,Not specified,camera communication portable android 4G,https://www.kaggle.com/datasets/muzammilbaloch/smartphone-dataset,Kaggle smartphone-dataset (Apache-2.0),2026-08-05T06:07:04.985220+00:00,Smartphones,Vivo,93.86
10001596,Vivo Y02,helio · 8 cores · GHz,Not specified,3GB,32GB,6.51 inch · 720×1600 · 60Hz,5000 mAh capacity,Not specified,camera communication portable android 4G,https://www.kaggle.com/datasets/muzammilbaloch/smartphone-dataset,Kaggle smartphone-dataset (Apache-2.0),2026-08-05T06:07:04.985220+00:00,Smartphones,Vivo,108.42
10001597,Vivo Y02 (2GB RAM + 32GB),helio · 8 cores · GHz,Not specified,2GB,32GB,6.51 inch · 720×1600 · 60Hz,5000 mAh capacity,Not specified,camera communication portable android 4G,https://www.kaggle.com/datasets/muzammilbaloch/smartphone-dataset,Kaggle smartphone-dataset (Apache-2.0),2026-08-05T06:07:04.985220+00:00,Smartphones,Vivo,96.37
10001598,Vivo Y02s,helio · 8 cores · 2.3 GHz,Not specified,3GB,32GB,6.51 inch · 720×1600 · 60Hz,5000 mAh capacity,Not specified,camera communication portable android 4G,https://www.kaggle.com/datasets/muzammilbaloch/smartphone-dataset,Kaggle smartphone-dataset (Apache-2.0),2026-08-05T06:07:04.985220+00:00,Smartphones,Vivo,108.31
10001599,Vivo Y10,helio · 8 cores · 2.3 GHz,Not specified,4GB,128GB,6.51 inch · 720×1600 · 60Hz,5000 mAh capacity,Not specified,camera communication portable android 4G,https://www.kaggle.com/datasets/muzammilbaloch/smartphone-dataset,Kaggle smartphone-dataset (Apache-2.0),2026-08-05T06:07:04.985220+00:00,Smartphones,Vivo,150.48
10001600,Vivo Y100,dimensity · 8 cores · 2.4 GHz,Not specified,8GB,128GB,6 inch · 1080×2400 · 120Hz,5000 mAh capacity,Not specified,camera communication portable android 5G,https://www.kaggle.com/datasets/muzammilbaloch/smartphone-dataset,Kaggle smartphone-dataset (Apache-2.0),2026-08-05T06:07:04.985220+00:00,Smartphones,Vivo,361.33
10001601,Vivo Y11 (2019),snapdragon · 8 cores · 2 GHz,Not specified,3GB,32GB,6.35 inch · 720×1544 · 60Hz,5000 mAh capacity,Not specified,camera communication portable android 4G,https://www.kaggle.com/datasets/muzammilbaloch/smartphone-dataset,Kaggle smartphone-dataset (Apache-2.0),2026-08-05T06:07:04.985220+00:00,Smartphones,Vivo,114.34
10001602,Vivo Y12 (3GB RAM + 64GB),helio · 8 cores · 2 GHz,Not specified,3GB,64GB,6.35 inch · 720×1544 · 60Hz,5000 mAh capacity,Not specified,camera communication portable android 4G,https://www.kaggle.com/datasets/muzammilbaloch/smartphone-dataset,Kaggle smartphone-dataset (Apache-2.0),2026-08-05T06:07:04.985220+00:00,Smartphones,Vivo,132.53
10001603,Vivo Y12a,snapdragon · 8 cores · 2 GHz,Not specified,3GB,32GB,6.51 inch · 720×1600 · 60Hz,5000 mAh capacity,Not specified,camera communication portable android 4G,https://www.kaggle.com/datasets/muzammilbaloch/smartphone-dataset,Kaggle smartphone-dataset (Apache-2.0),2026-08-05T06:07:04.985220+00:00,Smartphones,Vivo,120.47
10001604,Vivo Y12G (3GB RAM + 64GB),snapdragon · 8 cores · 2 GHz,Not specified,3GB,64GB,6.51 inch · 720×1600 · 60Hz,5000 mAh capacity,Not specified,camera communication portable android 4G,https://www.kaggle.com/datasets/muzammilbaloch/smartphone-dataset,Kaggle smartphone-dataset (Apache-2.0),2026-08-05T06:07:04.985220+00:00,Smartphones,Vivo,144.46
10001605,Vivo Y15,helio · 8 cores · 2 GHz,Not specified,4GB,64GB,6.35 inch · 720×1544 · 60Hz,5000 mAh capacity,Not specified,camera communication portable android 4G,https://www.kaggle.com/datasets/muzammilbaloch/smartphone-dataset,Kaggle smartphone-dataset (Apache-2.0),2026-08-05T06:07:04.985220+00:00,Smartphones,Vivo,150.6
10001606,Vivo Y15C,helio · 8 cores · 2.3 GHz,Not specified,3GB,32GB,6.51 inch · 720×1600 · 60Hz,5000 mAh capacity,Not specified,camera communication portable android 4G,https://www.kaggle.com/datasets/muzammilbaloch/smartphone-dataset,Kaggle smartphone-dataset (Apache-2.0),2026-08-05T06:07:04.985220+00:00,Smartphones,Vivo,102.4
10001607,Vivo Y15C (3GB RAM + 64GB),helio · 8 cores · 2.3 GHz,Not specified,3GB,64GB,6.51 inch · 720×1600 · 60Hz,5000 mAh capacity,Not specified,camera communication portable android 4G,https://www.kaggle.com/datasets/muzammilbaloch/smartphone-dataset,Kaggle smartphone-dataset (Apache-2.0),2026-08-05T06:07:04.985220+00:00,Smartphones,Vivo,126.39
10001608,Vivo Y15s,helio · 8 cores · 2.3 GHz,Not specified,3GB,32GB,6.51 inch · 720×1600 · 60Hz,5000 mAh capacity,Not specified,camera communication portable android 4G,https://www.kaggle.com/datasets/muzammilbaloch/smartphone-dataset,Kaggle smartphone-dataset (Apache-2.0),2026-08-05T06:07:04.985220+00:00,Smartphones,Vivo,102.4
10001609,Vivo Y16,helio · 8 cores · 2.3 GHz,Not specified,3GB,32GB,6.51 inch · 720×1600 · 60Hz,5000 mAh capacity,Not specified,camera communication portable android 4G,https://www.kaggle.com/datasets/muzammilbaloch/smartphone-dataset,Kaggle smartphone-dataset (Apache-2.0),2026-08-05T06:07:04.985220+00:00,Smartphones,Vivo,120.47
10001610,Vivo Y16 (3GB RAM + 64GB),helio · 8 cores · 2.3 GHz,Not specified,3GB,64GB,6.51 inch · 720×1600 · 60Hz,5000 mAh capacity,Not specified,camera communication portable android 4G,https://www.kaggle.com/datasets/muzammilbaloch/smartphone-dataset,Kaggle smartphone-dataset (Apache-2.0),2026-08-05T06:07:04.985220+00:00,Smartphones,Vivo,126.49
10001611,Vivo Y16 (4GB RAM + 64GB),helio · 8 cores · 2.3 GHz,Not specified,4GB,64GB,6.51 inch · 720×1600 · 60Hz,5000 mAh capacity,Not specified,camera communication portable android 4G,https://www.kaggle.com/datasets/muzammilbaloch/smartphone-dataset,Kaggle smartphone-dataset (Apache-2.0),2026-08-05T06:07:04.985220+00:00,Smartphones,Vivo,150.47
10001612,Vivo Y19,helio · 8 cores · 2 GHz,Not specified,4GB,128GB,6.53 inch · 1080×2340 · 60Hz,5000 mAh capacity,Not specified,camera communication portable android 4G,https://www.kaggle.com/datasets/muzammilbaloch/smartphone-dataset,Kaggle smartphone-dataset (Apache-2.0),2026-08-05T06:07:04.985220+00:00,Smartphones,Vivo,240.96
10001613,Vivo Y20G,helio · 8 cores · 2 GHz,Not specified,4GB,64GB,6.51 inch · 720×1600 · 60Hz,5000 mAh capacity,Not specified,camera communication portable android 4G,https://www.kaggle.com/datasets/muzammilbaloch/smartphone-dataset,Kaggle smartphone-dataset (Apache-2.0),2026-08-05T06:07:04.985220+00:00,Smartphones,Vivo,168.55
10001614,Vivo Y21 (2020),snapdragon · 8 cores · 1.8 GHz,Not specified,4GB,64GB,6.5 inch · 720×1544 · 60Hz,5000 mAh capacity,Not specified,camera communication portable android 4G,https://www.kaggle.com/datasets/muzammilbaloch/smartphone-dataset,Kaggle smartphone-dataset (Apache-2.0),2026-08-05T06:07:04.985220+00:00,Smartphones,Vivo,120.36
10001615,Vivo Y21 2021,helio · 8 cores · 2.3 GHz,Not specified,4GB,64GB,6.51 inch · 720×1600 · 60Hz,5000 mAh capacity,Not specified,camera communication portable android 4G,https://www.kaggle.com/datasets/muzammilbaloch/smartphone-dataset,Kaggle smartphone-dataset (Apache-2.0),2026-08-05T06:07:04.985220+00:00,Smartphones,Vivo,162.52
10001616,Vivo Y21e,snapdragon · 8 cores · 2.4 GHz,Not specified,3GB,64GB,6.51 inch · 720×1600 · 60Hz,5000 mAh capacity,Not specified,camera communication portable android 4G,https://www.kaggle.com/datasets/muzammilbaloch/smartphone-dataset,Kaggle smartphone-dataset (Apache-2.0),2026-08-05T06:07:04.985220+00:00,Smartphones,Vivo,150.59
10001617,Vivo Y21s,helio · 8 cores · 2 GHz,Not specified,4GB,128GB,6.51 inch · 720×1600 · 60Hz,5000 mAh capacity,Not specified,camera communication portable android 4G,https://www.kaggle.com/datasets/muzammilbaloch/smartphone-dataset,Kaggle smartphone-dataset (Apache-2.0),2026-08-05T06:07:04.985220+00:00,Smartphones,Vivo,180.6
10001618,Vivo Y21T,snapdragon · 8 cores · 2.4 GHz,Not specified,4GB,128GB,6.51 inch · 1600×720 · 90Hz,5000 mAh capacity,Not specified,camera communication portable android 4G,https://www.kaggle.com/datasets/muzammilbaloch/smartphone-dataset,Kaggle smartphone-dataset (Apache-2.0),2026-08-05T06:07:04.985220+00:00,Smartphones,Vivo,186.73
10001619,Vivo Y22,helio · 8 cores · 2 GHz,Not specified,4GB,64GB,6.55 inch · 720×1612 · 60Hz,5000 mAh capacity,Not specified,camera communication portable android 4G,https://www.kaggle.com/datasets/muzammilbaloch/smartphone-dataset,Kaggle smartphone-dataset (Apache-2.0),2026-08-05T06:07:04.985220+00:00,Smartphones,Vivo,174.69
10001620,Vivo Y22 (6GB RAM + 128GB),helio · 8 cores · 2 GHz,Not specified,6GB,128GB,6.55 inch · 720×1612 · 60Hz,5000 mAh capacity,Not specified,camera communication portable android 4G,https://www.kaggle.com/datasets/muzammilbaloch/smartphone-dataset,Kaggle smartphone-dataset (Apache-2.0),2026-08-05T06:07:04.985220+00:00,Smartphones,Vivo,198.78
10001621,Vivo Y22s,snapdragon · 8 cores · 2.4 GHz,Not specified,8GB,128GB,6.55 inch · 1612×720 · 90Hz,5000 mAh capacity,Not specified,camera communication portable android 4G,https://www.kaggle.com/datasets/muzammilbaloch/smartphone-dataset,Kaggle smartphone-dataset (Apache-2.0),2026-08-05T06:07:04.985220+00:00,Smartphones,Vivo,180.6
10001622,Vivo Y25,helio · 4 cores · 1.3 GHz,Not specified,1GB,16GB,4.5 inch · 480×854 · 60Hz,1900 mAh capacity,Not specified,camera communication portable android 4G,https://www.kaggle.com/datasets/muzammilbaloch/smartphone-dataset,Kaggle smartphone-dataset (Apache-2.0),2026-08-05T06:07:04.985220+00:00,Smartphones,Vivo,90.35
10001623,Vivo Y3 (4GB RAM + 128GB),helio · 8 cores · 2.3 GHz,Not specified,4GB,128GB,6.35 inch · 720×1544 · 60Hz,5000 mAh capacity,Not specified,camera communication portable android 4G,https://www.kaggle.com/datasets/muzammilbaloch/smartphone-dataset,Kaggle smartphone-dataset (Apache-2.0),2026-08-05T06:07:04.985220+00:00,Smartphones,Vivo,156.51
10001624,Vivo Y33s,helio · 8 cores · 2 GHz,Not specified,8GB,128GB,6.58 inch · 1080×2408 · 60Hz,5000 mAh capacity,Not specified,camera communication portable android 4G,https://www.kaggle.com/datasets/muzammilbaloch/smartphone-dataset,Kaggle smartphone-dataset (Apache-2.0),2026-08-05T06:07:04.985220+00:00,Smartphones,Vivo,201.02
10001625,Vivo Y33T,snapdragon · 8 cores · 2.4 GHz,Not specified,8GB,128GB,6.58 inch · 1080×2408 · 90Hz,5000 mAh capacity,Not specified,camera communication portable android 4G,https://www.kaggle.com/datasets/muzammilbaloch/smartphone-dataset,Kaggle smartphone-dataset (Apache-2.0),2026-08-05T06:07:04.985220+00:00,Smartphones,Vivo,192.65
10001626,Vivo Y35,snapdragon · 8 cores · 2.4 GHz,Not specified,8GB,128GB,6.58 inch · 1080×2408 · 90Hz,5000 mAh capacity,Not specified,camera communication portable android 4G,https://www.kaggle.com/datasets/muzammilbaloch/smartphone-dataset,Kaggle smartphone-dataset (Apache-2.0),2026-08-05T06:07:04.985220+00:00,Smartphones,Vivo,222.88
10001627,Vivo Y35 5G,dimensity · 8 cores · 2.2 GHz,Not specified,4GB,128GB,6.51 inch · 720×1600 · 60Hz,5000 mAh capacity,Not specified,camera communication portable android 5G,https://www.kaggle.com/datasets/muzammilbaloch/smartphone-dataset,Kaggle smartphone-dataset (Apache-2.0),2026-08-05T06:07:04.985220+00:00,Smartphones,Vivo,168.66
10001628,Vivo Y53s,helio · 8 cores · 2 GHz,Not specified,8GB,128GB,6.58 inch · 1080×2408 · 60Hz,5000 mAh capacity,Not specified,camera communication portable android 4G,https://www.kaggle.com/datasets/muzammilbaloch/smartphone-dataset,Kaggle smartphone-dataset (Apache-2.0),2026-08-05T06:07:04.985220+00:00,Smartphones,Vivo,186.63
10001629,Vivo Y53t,dimensity · 8 cores · 2 GHz,Not specified,4GB,128GB,6.51 inch · 720×1600 · 60Hz,6000 mAh capacity,Not specified,camera communication portable android 5G,https://www.kaggle.com/datasets/muzammilbaloch/smartphone-dataset,Kaggle smartphone-dataset (Apache-2.0),2026-08-05T06:07:04.985220+00:00,Smartphones,Vivo,144.57
10001630,Vivo Y55 4G,snapdragon · 8 cores · 2.4 GHz,Not specified,8GB,128GB,6.44 inch · 1080×2400 · 120Hz,5000 mAh capacity,Not specified,camera communication portable android 4G,https://www.kaggle.com/datasets/muzammilbaloch/smartphone-dataset,Kaggle smartphone-dataset (Apache-2.0),2026-08-05T06:07:04.985220+00:00,Smartphones,Vivo,276.99
10001631,Vivo Y55 5G,dimensity · 8 cores · 2.2 GHz,Not specified,4GB,128GB,6.58 inch · 1080×2408 · 60Hz,5000 mAh capacity,Not specified,camera communication portable android 5G,https://www.kaggle.com/datasets/muzammilbaloch/smartphone-dataset,Kaggle smartphone-dataset (Apache-2.0),2026-08-05T06:07:04.985220+00:00,Smartphones,Vivo,252.89
10001632,Vivo Y55S,snapdragon · 4 cores · 1.2 GHz,Not specified,3GB,16GB,5.2 inch · 720×1280 · 60Hz,2730 mAh capacity,Not specified,camera communication portable android 4G,https://www.kaggle.com/datasets/muzammilbaloch/smartphone-dataset,Kaggle smartphone-dataset (Apache-2.0),2026-08-05T06:07:04.985220+00:00,Smartphones,Vivo,162.53
10001633,Vivo Y55s 2023,dimensity · 8 cores · 2.2 GHz,Not specified,4GB,128GB,6.58 inch · 1080×2408 · 60Hz,5000 mAh capacity,Not specified,camera communication portable android 5G,https://www.kaggle.com/datasets/muzammilbaloch/smartphone-dataset,Kaggle smartphone-dataset (Apache-2.0),2026-08-05T06:07:04.985220+00:00,Smartphones,Vivo,265.05
10001634,2 - 42 mm Silver Aluminium Case · Pearl Woven,Not specified,Not specified,Not specified,Not specified,OLED Retina Display,1 days,Not specified,fitness notifications wearable Aluminium,https://www.kaggle.com/datasets/devsubhash/fitness-trackers-products-ecommerce,Flipkart fitness trackers (CC BY-SA 4.0),2026-08-05T06:07:04.985220+00:00,Smart Watches,APPLE,420.48
10001635,38 mm Space Black Stainless Steel Case · Black,Not specified,Not specified,Not specified,Not specified,OLED Retina Display,1 days,Not specified,fitness notifications wearable Stainless Steel,https://www.kaggle.com/datasets/devsubhash/fitness-trackers-products-ecommerce,Flipkart fitness trackers (CC BY-SA 4.0),2026-08-05T06:07:04.985220+00:00,Smart Watches,APPLE,589.16
10001636,38 mm Stainless Steel Stainless Steel Case with Modern Buckle · Black,Not specified,Not specified,Not specified,Not specified,OLED Retina Display,1 days,Not specified,fitness notifications wearable Stainless Steel,https://www.kaggle.com/datasets/devsubhash/fitness-trackers-products-ecommerce,Flipkart fitness trackers (CC BY-SA 4.0),2026-08-05T06:07:04.985220+00:00,Smart Watches,APPLE,781.93
10001637,42 mm Black Stainless Steel Case with Link Bracelet · Black,Not specified,Not specified,Not specified,Not specified,OLED Retina Display,1 days,Not specified,fitness notifications wearable Stainless Steel,https://www.kaggle.com/datasets/devsubhash/fitness-trackers-products-ecommerce,Flipkart fitness trackers (CC BY-SA 4.0),2026-08-05T06:07:04.985220+00:00,Smart Watches,APPLE,962.65
10001638,42 mm Space Gray Aluminium · Black Woven,Not specified,Not specified,Not specified,Not specified,OLED Retina Display,1 days,Not specified,fitness notifications wearable Aluminium,https://www.kaggle.com/datasets/devsubhash/fitness-trackers-products-ecommerce,Flipkart fitness trackers (CC BY-SA 4.0),2026-08-05T06:07:04.985220+00:00,Smart Watches,APPLE,360.24
10001639,42 mm Stainless Steel Case · Leather,Not specified,Not specified,Not specified,Not specified,OLED Retina Display,1 days,Not specified,fitness notifications wearable Stainless Steel,https://www.kaggle.com/datasets/devsubhash/fitness-trackers-products-ecommerce,Flipkart fitness trackers (CC BY-SA 4.0),2026-08-05T06:07:04.985220+00:00,Smart Watches,APPLE,733.73
10001640,42 mm White Ceramic Case with Cloud Sport · Cloud,Not specified,Not specified,Not specified,Not specified,OLED Retina Display,1 days,Not specified,fitness notifications wearable Nylon,https://www.kaggle.com/datasets/devsubhash/fitness-trackers-products-ecommerce,Flipkart fitness trackers (CC BY-SA 4.0),2026-08-05T06:07:04.985220+00:00,Smart Watches,APPLE,1384.34
10001641,8 mm Stainless Steel Case · Milanese,Not specified,Not specified,Not specified,Not specified,OLED Retina Display,1 days,Not specified,fitness notifications wearable Stainless Steel,https://www.kaggle.com/datasets/devsubhash/fitness-trackers-products-ecommerce,Flipkart fitness trackers (CC BY-SA 4.0),2026-08-05T06:07:04.985220+00:00,Smart Watches,APPLE,685.54
10001642,8 mm Stainless Steel Case · Saddle Brown,Not specified,Not specified,Not specified,Not specified,OLED Retina Display,1 days,Not specified,fitness notifications wearable Stainless Steel,https://www.kaggle.com/datasets/devsubhash/fitness-trackers-products-ecommerce,Flipkart fitness trackers (CC BY-SA 4.0),2026-08-05T06:07:04.985220+00:00,Smart Watches,APPLE,685.54
10001643,Nike Series 5 GPS + Cellular 44 mm · Black,Not specified,Not specified,Not specified,Not specified,OLED Retina Display,1 days,Not specified,fitness notifications wearable Silicone,https://www.kaggle.com/datasets/devsubhash/fitness-trackers-products-ecommerce,Flipkart fitness trackers (CC BY-SA 4.0),2026-08-05T06:07:04.985220+00:00,Smart Watches,APPLE,637.35
10001644,Nike+ - 38 mm Space Gray Aluminium Case · Black,Not specified,Not specified,Not specified,Not specified,OLED Retina Display,1 days,Not specified,fitness notifications wearable Aluminium,https://www.kaggle.com/datasets/devsubhash/fitness-trackers-products-ecommerce,Flipkart fitness trackers (CC BY-SA 4.0),2026-08-05T06:07:04.985220+00:00,Smart Watches,APPLE,380.72
10001645,Nike+ GPS - 42 mm Space Gray Aluminium Case · Black,Not specified,Not specified,Not specified,Not specified,OLED Retina Display,1 days,Not specified,fitness notifications wearable Aluminium,https://www.kaggle.com/datasets/devsubhash/fitness-trackers-products-ecommerce,Flipkart fitness trackers (CC BY-SA 4.0),2026-08-05T06:07:04.985220+00:00,Smart Watches,APPLE,390.12
10001646,"SE 40 mm Space Grey Aluminium Case · Black, Pink, White",Not specified,Not specified,Not specified,Not specified,OLED Retina Display,1 days,Not specified,fitness notifications wearable Aluminium,https://www.kaggle.com/datasets/devsubhash/fitness-trackers-products-ecommerce,Flipkart fitness trackers (CC BY-SA 4.0),2026-08-05T06:07:04.985220+00:00,Smart Watches,APPLE,330.12
10001647,SE 44 mm Gold Aluminium Case · Pink Sand,Not specified,Not specified,Not specified,Not specified,OLED Retina Display,1 days,Not specified,fitness notifications wearable Aluminium,https://www.kaggle.com/datasets/devsubhash/fitness-trackers-products-ecommerce,Flipkart fitness trackers (CC BY-SA 4.0),2026-08-05T06:07:04.985220+00:00,Smart Watches,APPLE,366.27
10001648,SE 44 mm Space Grey Aluminium Case · Black,Not specified,Not specified,Not specified,Not specified,OLED Retina Display,1 days,Not specified,fitness notifications wearable Aluminium,https://www.kaggle.com/datasets/devsubhash/fitness-trackers-products-ecommerce,Flipkart fitness trackers (CC BY-SA 4.0),2026-08-05T06:07:04.985220+00:00,Smart Watches,APPLE,366.27
10001649,SE GPS + Cellular 40 mm Aluminium Case · Black,Not specified,Not specified,Not specified,Not specified,OLED Retina Display,1 days,Not specified,fitness notifications wearable Aluminium,https://www.kaggle.com/datasets/devsubhash/fitness-trackers-products-ecommerce,Flipkart fitness trackers (CC BY-SA 4.0),2026-08-05T06:07:04.985220+00:00,Smart Watches,APPLE,408.43
10001650,SE GPS + Cellular 40 mm Gold Aluminium Case · Pink Sand,Not specified,Not specified,Not specified,Not specified,OLED Retina Display,1 days,Not specified,fitness notifications wearable Aluminium,https://www.kaggle.com/datasets/devsubhash/fitness-trackers-products-ecommerce,Flipkart fitness trackers (CC BY-SA 4.0),2026-08-05T06:07:04.985220+00:00,Smart Watches,APPLE,378.31
10001651,SE GPS + Cellular 40 mm Gold Aluminium Case · Plum,Not specified,Not specified,Not specified,Not specified,OLED Retina Display,1 days,Not specified,fitness notifications wearable Aluminium,https://www.kaggle.com/datasets/devsubhash/fitness-trackers-products-ecommerce,Flipkart fitness trackers (CC BY-SA 4.0),2026-08-05T06:07:04.985220+00:00,Smart Watches,APPLE,378.31
10001652,SE GPS + Cellular 40 mm Gold Aluminium Case · Silver Milanese,Not specified,Not specified,Not specified,Not specified,OLED Retina Display,1 days,Not specified,fitness notifications wearable Aluminium,https://www.kaggle.com/datasets/devsubhash/fitness-trackers-products-ecommerce,Flipkart fitness trackers (CC BY-SA 4.0),2026-08-05T06:07:04.985220+00:00,Smart Watches,APPLE,818.07
10001653,SE GPS + Cellular 40 mm Silver Aluminium Case · Deep Navy,Not specified,Not specified,Not specified,Not specified,OLED Retina Display,1 days,Not specified,fitness notifications wearable Aluminium,https://www.kaggle.com/datasets/devsubhash/fitness-trackers-products-ecommerce,Flipkart fitness trackers (CC BY-SA 4.0),2026-08-05T06:07:04.985220+00:00,Smart Watches,APPLE,378.31
10001654,SE GPS + Cellular 40 mm Silver Aluminium Case · White,Not specified,Not specified,Not specified,Not specified,OLED Retina Display,1 days,Not specified,fitness notifications wearable Aluminium,https://www.kaggle.com/datasets/devsubhash/fitness-trackers-products-ecommerce,Flipkart fitness trackers (CC BY-SA 4.0),2026-08-05T06:07:04.985220+00:00,Smart Watches,APPLE,378.31
10001655,SE GPS + Cellular 40 mm Space Grey Aluminium Case · Black,Not specified,Not specified,Not specified,Not specified,OLED Retina Display,1 days,Not specified,fitness notifications wearable Aluminium,https://www.kaggle.com/datasets/devsubhash/fitness-trackers-products-ecommerce,Flipkart fitness trackers (CC BY-SA 4.0),2026-08-05T06:07:04.985220+00:00,Smart Watches,APPLE,378.31
10001656,SE GPS + Cellular 40 mm Space Grey Aluminium Case · Charcoal,Not specified,Not specified,Not specified,Not specified,OLED Retina Display,1 days,Not specified,fitness notifications wearable Aluminium,https://www.kaggle.com/datasets/devsubhash/fitness-trackers-products-ecommerce,Flipkart fitness trackers (CC BY-SA 4.0),2026-08-05T06:07:04.985220+00:00,Smart Watches,APPLE,378.31
10001657,SE GPS + Cellular 44 mm Aluminium Case · Black,Not specified,Not specified,Not specified,Not specified,OLED Retina Display,1 days,Not specified,fitness notifications wearable Aluminium,https://www.kaggle.com/datasets/devsubhash/fitness-trackers-products-ecommerce,Flipkart fitness trackers (CC BY-SA 4.0),2026-08-05T06:07:04.985220+00:00,Smart Watches,APPLE,444.58
10001658,SE GPS + Cellular 44 mm Gold Aluminium Case · Pink Sand,Not specified,Not specified,Not specified,Not specified,OLED Retina Display,1 days,Not specified,fitness notifications wearable Aluminium,https://www.kaggle.com/datasets/devsubhash/fitness-trackers-products-ecommerce,Flipkart fitness trackers (CC BY-SA 4.0),2026-08-05T06:07:04.985220+00:00,Smart Watches,APPLE,408.43
10001659,SE GPS + Cellular 44 mm Gold Aluminium Case · Pink Sand,Not specified,Not specified,Not specified,Not specified,OLED Retina Display,1 days,Not specified,fitness notifications wearable Aluminium,https://www.kaggle.com/datasets/devsubhash/fitness-trackers-products-ecommerce,Flipkart fitness trackers (CC BY-SA 4.0),2026-08-05T06:07:04.985220+00:00,Smart Watches,APPLE,528.92
10001660,SE GPS + Cellular 44 mm Gold Aluminium Case · Plum,Not specified,Not specified,Not specified,Not specified,OLED Retina Display,1 days,Not specified,fitness notifications wearable Aluminium,https://www.kaggle.com/datasets/devsubhash/fitness-trackers-products-ecommerce,Flipkart fitness trackers (CC BY-SA 4.0),2026-08-05T06:07:04.985220+00:00,Smart Watches,APPLE,408.43
10001661,SE GPS + Cellular 44 mm Silver Aluminium Case · Deep Navy,Not specified,Not specified,Not specified,Not specified,OLED Retina Display,1 days,Not specified,fitness notifications wearable Aluminium,https://www.kaggle.com/datasets/devsubhash/fitness-trackers-products-ecommerce,Flipkart fitness trackers (CC BY-SA 4.0),2026-08-05T06:07:04.985220+00:00,Smart Watches,APPLE,408.43
10001662,SE GPS + Cellular 44 mm Silver Aluminium Case · White,Not specified,Not specified,Not specified,Not specified,OLED Retina Display,1 days,Not specified,fitness notifications wearable Aluminium,https://www.kaggle.com/datasets/devsubhash/fitness-trackers-products-ecommerce,Flipkart fitness trackers (CC BY-SA 4.0),2026-08-05T06:07:04.985220+00:00,Smart Watches,APPLE,408.43
10001663,SE GPS + Cellular 44 mm Space Grey Aluminium Case · Black,Not specified,Not specified,Not specified,Not specified,OLED Retina Display,1 days,Not specified,fitness notifications wearable Aluminium,https://www.kaggle.com/datasets/devsubhash/fitness-trackers-products-ecommerce,Flipkart fitness trackers (CC BY-SA 4.0),2026-08-05T06:07:04.985220+00:00,Smart Watches,APPLE,408.43
10001664,SE GPS + Cellular 44 mm Space Grey Aluminium Case · Charcoal,Not specified,Not specified,Not specified,Not specified,OLED Retina Display,1 days,Not specified,fitness notifications wearable Aluminium,https://www.kaggle.com/datasets/devsubhash/fitness-trackers-products-ecommerce,Flipkart fitness trackers (CC BY-SA 4.0),2026-08-05T06:07:04.985220+00:00,Smart Watches,APPLE,408.43
10001665,SE GPS 40 mm Aluminium Case · Black,Not specified,Not specified,Not specified,Not specified,OLED Retina Display,1 days,Not specified,fitness notifications wearable Aluminium,https://www.kaggle.com/datasets/devsubhash/fitness-trackers-products-ecommerce,Flipkart fitness trackers (CC BY-SA 4.0),2026-08-05T06:07:04.985220+00:00,Smart Watches,APPLE,360.24
10001666,SE GPS 44 mm Aluminium Case · Black,Not specified,Not specified,Not specified,Not specified,OLED Retina Display,1 days,Not specified,fitness notifications wearable Aluminium,https://www.kaggle.com/datasets/devsubhash/fitness-trackers-products-ecommerce,Flipkart fitness trackers (CC BY-SA 4.0),2026-08-05T06:07:04.985220+00:00,Smart Watches,APPLE,396.39
10001667,Series 1 - 38 mm Silver Aluminium Case · White,Not specified,Not specified,Not specified,Not specified,OLED Retina Display,1 days,Not specified,fitness notifications wearable Aluminium,https://www.kaggle.com/datasets/devsubhash/fitness-trackers-products-ecommerce,Flipkart fitness trackers (CC BY-SA 4.0),2026-08-05T06:07:04.985220+00:00,Smart Watches,APPLE,263.86
10001668,Series 1 - 42 mm Gold Aluminium Case · Cocoa,Not specified,Not specified,Not specified,Not specified,OLED Retina Display,1 days,Not specified,fitness notifications wearable Aluminium,https://www.kaggle.com/datasets/devsubhash/fitness-trackers-products-ecommerce,Flipkart fitness trackers (CC BY-SA 4.0),2026-08-05T06:07:04.985220+00:00,Smart Watches,APPLE,312.05
10001669,series 2 - 38 mm Stainless Steel Case · Blue Modern,Not specified,Not specified,Not specified,Not specified,OLED Retina Display,1 days,Not specified,fitness notifications wearable Stainless Steel,https://www.kaggle.com/datasets/devsubhash/fitness-trackers-products-ecommerce,Flipkart fitness trackers (CC BY-SA 4.0),2026-08-05T06:07:04.985220+00:00,Smart Watches,APPLE,781.93
10001670,Series 2 - 38 mm Stainless Steel Case · Saddle Brown,Not specified,Not specified,Not specified,Not specified,OLED Retina Display,1 days,Not specified,fitness notifications wearable Stainless Steel,https://www.kaggle.com/datasets/devsubhash/fitness-trackers-products-ecommerce,Flipkart fitness trackers (CC BY-SA 4.0),2026-08-05T06:07:04.985220+00:00,Smart Watches,APPLE,685.54
10001671,Series 2 - 42 mm Space Black Stainless Steel Case · Space Black,Not specified,Not specified,Not specified,Not specified,OLED Retina Display,1 days,Not specified,fitness notifications wearable Stainless Steel,https://www.kaggle.com/datasets/devsubhash/fitness-trackers-products-ecommerce,Flipkart fitness trackers (CC BY-SA 4.0),2026-08-05T06:07:04.985220+00:00,Smart Watches,APPLE,607.23
10001672,Series 2 - 42 mm Stainless Steel Case · White,Not specified,Not specified,Not specified,Not specified,OLED Retina Display,1 days,Not specified,fitness notifications wearable Stainless Steel,https://www.kaggle.com/datasets/devsubhash/fitness-trackers-products-ecommerce,Flipkart fitness trackers (CC BY-SA 4.0),2026-08-05T06:07:04.985220+00:00,Smart Watches,APPLE,607.23
10001673,Series 3 GPS + Cellular- 42 mm Gray Ceramic Case · Black,Not specified,Not specified,Not specified,Not specified,OLED Retina Display,1 days,Not specified,fitness notifications wearable Nylon,https://www.kaggle.com/datasets/devsubhash/fitness-trackers-products-ecommerce,Flipkart fitness trackers (CC BY-SA 4.0),2026-08-05T06:07:04.985220+00:00,Smart Watches,APPLE,1470.96
10001674,Series 3 GPS + Cellular- 42 mm White Ceramic Case · Black,Not specified,Not specified,Not specified,Not specified,OLED Retina Display,1 days,Not specified,fitness notifications wearable Nylon,https://www.kaggle.com/datasets/devsubhash/fitness-trackers-products-ecommerce,Flipkart fitness trackers (CC BY-SA 4.0),2026-08-05T06:07:04.985220+00:00,Smart Watches,APPLE,1470.96
10001675,Series 3 GPS - 38 mm Space Grey Aluminium Case · Black,Not specified,Not specified,Not specified,Not specified,OLED Retina Display,1 days,Not specified,fitness notifications wearable Aluminium,https://www.kaggle.com/datasets/devsubhash/fitness-trackers-products-ecommerce,Flipkart fitness trackers (CC BY-SA 4.0),2026-08-05T06:07:04.985220+00:00,Smart Watches,APPLE,203.61
10001676,Series 3 GPS - 42 mm Space Grey Aluminium Case · Black,Not specified,Not specified,Not specified,Not specified,OLED Retina Display,1 days,Not specified,fitness notifications wearable Aluminium,https://www.kaggle.com/datasets/devsubhash/fitness-trackers-products-ecommerce,Flipkart fitness trackers (CC BY-SA 4.0),2026-08-05T06:07:04.985220+00:00,Smart Watches,APPLE,227.71
10001677,Series 5 GPS + Cellular 40 mm Space Black Stainless Steel Case · Black Milanese,Not specified,Not specified,Not specified,Not specified,OLED Retina Display,1 days,Not specified,fitness notifications wearable Stainless Steel,https://www.kaggle.com/datasets/devsubhash/fitness-trackers-products-ecommerce,Flipkart fitness trackers (CC BY-SA 4.0),2026-08-05T06:07:04.985220+00:00,Smart Watches,APPLE,842.17
10001678,Series 5 GPS + Cellular 40 mm Space Grey Aluminium Case · Black,Not specified,Not specified,Not specified,Not specified,OLED Retina Display,1 days,Not specified,fitness notifications wearable Aluminium,https://www.kaggle.com/datasets/devsubhash/fitness-trackers-products-ecommerce,Flipkart fitness trackers (CC BY-SA 4.0),2026-08-05T06:07:04.985220+00:00,Smart Watches,APPLE,481.81
10001679,Series 5 GPS + Cellular 40 mm Stainless Steel Case · White,Not specified,Not specified,Not specified,Not specified,OLED Retina Display,1 days,Not specified,fitness notifications wearable Stainless Steel,https://www.kaggle.com/datasets/devsubhash/fitness-trackers-products-ecommerce,Flipkart fitness trackers (CC BY-SA 4.0),2026-08-05T06:07:04.985220+00:00,Smart Watches,APPLE,793.98
10001680,Series 5 GPS + Cellular 44 mm Gold Aluminium Case · Pink Sand,Not specified,Not specified,Not specified,Not specified,OLED Retina Display,1 days,Not specified,fitness notifications wearable Aluminium,https://www.kaggle.com/datasets/devsubhash/fitness-trackers-products-ecommerce,Flipkart fitness trackers (CC BY-SA 4.0),2026-08-05T06:07:04.985220+00:00,Smart Watches,APPLE,637.35
10001681,Series 5 GPS + Cellular 44 mm Gold Stainless Steel Case · Gold Milanese,Not specified,Not specified,Not specified,Not specified,OLED Retina Display,1 days,Not specified,fitness notifications wearable Stainless Steel,https://www.kaggle.com/datasets/devsubhash/fitness-trackers-products-ecommerce,Flipkart fitness trackers (CC BY-SA 4.0),2026-08-05T06:07:04.985220+00:00,Smart Watches,APPLE,890.36
10001682,Series 5 GPS + Cellular 44 mm Gold Stainless Steel Case · Stone,Not specified,Not specified,Not specified,Not specified,OLED Retina Display,1 days,Not specified,fitness notifications wearable Stainless Steel,https://www.kaggle.com/datasets/devsubhash/fitness-trackers-products-ecommerce,Flipkart fitness trackers (CC BY-SA 4.0),2026-08-05T06:07:04.985220+00:00,Smart Watches,APPLE,842.17
10001683,Series 5 GPS + Cellular 44 mm Space Black Stainless Steel Case · Black,Not specified,Not specified,Not specified,Not specified,OLED Retina Display,1 days,Not specified,fitness notifications wearable Stainless Steel,https://www.kaggle.com/datasets/devsubhash/fitness-trackers-products-ecommerce,Flipkart fitness trackers (CC BY-SA 4.0),2026-08-05T06:07:04.985220+00:00,Smart Watches,APPLE,842.17
10001684,Series 5 GPS + Cellular 44 mm Space Grey Aluminium Case · Black,Not specified,Not specified,Not specified,Not specified,OLED Retina Display,1 days,Not specified,fitness notifications wearable Aluminium,https://www.kaggle.com/datasets/devsubhash/fitness-trackers-products-ecommerce,Flipkart fitness trackers (CC BY-SA 4.0),2026-08-05T06:07:04.985220+00:00,Smart Watches,APPLE,637.35
10001685,Series 5 GPS + Cellular 44 mm Stainless Steel Case · Stainless Steel Milanese,Not specified,Not specified,Not specified,Not specified,OLED Retina Display,1 days,Not specified,fitness notifications wearable Stainless Steel,https://www.kaggle.com/datasets/devsubhash/fitness-trackers-products-ecommerce,Flipkart fitness trackers (CC BY-SA 4.0),2026-08-05T06:07:04.985220+00:00,Smart Watches,APPLE,890.36
10001686,Series 5 GPS 40 mm Silver Aluminium Case · White,Not specified,Not specified,Not specified,Not specified,OLED Retina Display,1 days,Not specified,fitness notifications wearable Aluminium,https://www.kaggle.com/datasets/devsubhash/fitness-trackers-products-ecommerce,Flipkart fitness trackers (CC BY-SA 4.0),2026-08-05T06:07:04.985220+00:00,Smart Watches,APPLE,492.77
10001687,Series 6 GPS + Cellular 40 mm Blue Aluminium Case · Deep Navy,Not specified,Not specified,Not specified,Not specified,OLED Retina Display,1 days,Not specified,fitness notifications wearable Aluminium,https://www.kaggle.com/datasets/devsubhash/fitness-trackers-products-ecommerce,Flipkart fitness trackers (CC BY-SA 4.0),2026-08-05T06:07:04.985220+00:00,Smart Watches,APPLE,550.48
10001688,Series 6 GPS + Cellular 40 mm Gold Aluminium Case · Pink Sand,Not specified,Not specified,Not specified,Not specified,OLED Retina Display,1 days,Not specified,fitness notifications wearable Aluminium,https://www.kaggle.com/datasets/devsubhash/fitness-trackers-products-ecommerce,Flipkart fitness trackers (CC BY-SA 4.0),2026-08-05T06:07:04.985220+00:00,Smart Watches,APPLE,550.48
10001689,Series 6 GPS + Cellular 40 mm Gold Stainless Steel Case · Cyprus Green,Not specified,Not specified,Not specified,Not specified,OLED Retina Display,1 days,Not specified,fitness notifications wearable Stainless Steel,https://www.kaggle.com/datasets/devsubhash/fitness-trackers-products-ecommerce,Flipkart fitness trackers (CC BY-SA 4.0),2026-08-05T06:07:04.985220+00:00,Smart Watches,APPLE,842.17
10001690,Series 6 GPS + Cellular 40 mm Gold Stainless Steel Case · Gold Milanese,Not specified,Not specified,Not specified,Not specified,OLED Retina Display,1 days,Not specified,fitness notifications wearable Stainless Steel,https://www.kaggle.com/datasets/devsubhash/fitness-trackers-products-ecommerce,Flipkart fitness trackers (CC BY-SA 4.0),2026-08-05T06:07:04.985220+00:00,Smart Watches,APPLE,818.07
10001691,Series 6 GPS + Cellular 40 mm Graphite Stainless Steel Case · Graphite Milanese,Not specified,Not specified,Not specified,Not specified,OLED Retina Display,1 days,Not specified,fitness notifications wearable Stainless Steel,https://www.kaggle.com/datasets/devsubhash/fitness-trackers-products-ecommerce,Flipkart fitness trackers (CC BY-SA 4.0),2026-08-05T06:07:04.985220+00:00,Smart Watches,APPLE,818.07
10001692,Series 6 GPS + Cellular 40 mm Red Aluminium Case · Red,Not specified,Not specified,Not specified,Not specified,OLED Retina Display,1 days,Not specified,fitness notifications wearable Aluminium,https://www.kaggle.com/datasets/devsubhash/fitness-trackers-products-ecommerce,Flipkart fitness trackers (CC BY-SA 4.0),2026-08-05T06:07:04.985220+00:00,Smart Watches,APPLE,550.48
10001693,Series 6 GPS + Cellular 40 mm Red Aluminium Case · Red,Not specified,Not specified,Not specified,Not specified,OLED Retina Display,1 days,Not specified,fitness notifications wearable Aluminium,https://www.kaggle.com/datasets/devsubhash/fitness-trackers-products-ecommerce,Flipkart fitness trackers (CC BY-SA 4.0),2026-08-05T06:07:04.985220+00:00,Smart Watches,APPLE,550.48
10001694,Series 6 GPS + Cellular 40 mm Silver Aluminium Case · White,Not specified,Not specified,Not specified,Not specified,OLED Retina Display,1 days,Not specified,fitness notifications wearable Aluminium,https://www.kaggle.com/datasets/devsubhash/fitness-trackers-products-ecommerce,Flipkart fitness trackers (CC BY-SA 4.0),2026-08-05T06:07:04.985220+00:00,Smart Watches,APPLE,550.48
10001695,Series 6 GPS + Cellular 40 mm Space Grey Aluminium Case · black,Not specified,Not specified,Not specified,Not specified,OLED Retina Display,1 days,Not specified,fitness notifications wearable Aluminium,https://www.kaggle.com/datasets/devsubhash/fitness-trackers-products-ecommerce,Flipkart fitness trackers (CC BY-SA 4.0),2026-08-05T06:07:04.985220+00:00,Smart Watches,APPLE,550.48
10001696,Series 6 GPS + Cellular 40 mm Space Grey Aluminium Case · White,Not specified,Not specified,Not specified,Not specified,OLED Retina Display,1 days,Not specified,fitness notifications wearable Aluminium,https://www.kaggle.com/datasets/devsubhash/fitness-trackers-products-ecommerce,Flipkart fitness trackers (CC BY-SA 4.0),2026-08-05T06:07:04.985220+00:00,Smart Watches,APPLE,842.17
10001697,Series 6 GPS + Cellular 44 mm Blue Aluminium Case · Deep Navy,Not specified,Not specified,Not specified,Not specified,OLED Retina Display,1 days,Not specified,fitness notifications wearable Aluminium,https://www.kaggle.com/datasets/devsubhash/fitness-trackers-products-ecommerce,Flipkart fitness trackers (CC BY-SA 4.0),2026-08-05T06:07:04.985220+00:00,Smart Watches,APPLE,584.22
10001698,Series 6 GPS + Cellular 44 mm Graphite Stainless Steel Case · Black,Not specified,Not specified,Not specified,Not specified,OLED Retina Display,1 days,Not specified,fitness notifications wearable Stainless Steel,https://www.kaggle.com/datasets/devsubhash/fitness-trackers-products-ecommerce,Flipkart fitness trackers (CC BY-SA 4.0),2026-08-05T06:07:04.985220+00:00,Smart Watches,APPLE,818.07
10001699,Series 6 GPS + Cellular 44 mm Red Aluminium Case · Red,Not specified,Not specified,Not specified,Not specified,OLED Retina Display,1 days,Not specified,fitness notifications wearable Aluminium,https://www.kaggle.com/datasets/devsubhash/fitness-trackers-products-ecommerce,Flipkart fitness trackers (CC BY-SA 4.0),2026-08-05T06:07:04.985220+00:00,Smart Watches,APPLE,584.22
10001700,Series 6 GPS + Cellular 44 mm Silver Aluminium Case · White,Not specified,Not specified,Not specified,Not specified,OLED Retina Display,1 days,Not specified,fitness notifications wearable Aluminium,https://www.kaggle.com/datasets/devsubhash/fitness-trackers-products-ecommerce,Flipkart fitness trackers (CC BY-SA 4.0),2026-08-05T06:07:04.985220+00:00,Smart Watches,APPLE,584.22
10001701,Series 6 GPS + Cellular 44 mm Silver Stainless Steel Case · Silver Milanese,Not specified,Not specified,Not specified,Not specified,OLED Retina Display,1 days,Not specified,fitness notifications wearable Stainless Steel,https://www.kaggle.com/datasets/devsubhash/fitness-trackers-products-ecommerce,Flipkart fitness trackers (CC BY-SA 4.0),2026-08-05T06:07:04.985220+00:00,Smart Watches,APPLE,938.55
10001702,Series 6 GPS + Cellular 44 mm Space Grey Aluminium Case · Black,Not specified,Not specified,Not specified,Not specified,OLED Retina Display,1 days,Not specified,fitness notifications wearable Aluminium,https://www.kaggle.com/datasets/devsubhash/fitness-trackers-products-ecommerce,Flipkart fitness trackers (CC BY-SA 4.0),2026-08-05T06:07:04.985220+00:00,Smart Watches,APPLE,584.22
10001703,Series 6 GPS 40 mm Blue Aluminium Case · Deep Navy,Not specified,Not specified,Not specified,Not specified,OLED Retina Display,1 days,Not specified,fitness notifications wearable Aluminium,https://www.kaggle.com/datasets/devsubhash/fitness-trackers-products-ecommerce,Flipkart fitness trackers (CC BY-SA 4.0),2026-08-05T06:07:04.985220+00:00,Smart Watches,APPLE,451.69
10001704,Series 6 GPS 40 mm Gold Aluminium Case · Pink Sand,Not specified,Not specified,Not specified,Not specified,OLED Retina Display,1 days,Not specified,fitness notifications wearable Aluminium,https://www.kaggle.com/datasets/devsubhash/fitness-trackers-products-ecommerce,Flipkart fitness trackers (CC BY-SA 4.0),2026-08-05T06:07:04.985220+00:00,Smart Watches,APPLE,451.69
10001705,Series 6 GPS 40 mm Silver Aluminium Case · White,Not specified,Not specified,Not specified,Not specified,OLED Retina Display,1 days,Not specified,fitness notifications wearable Aluminium,https://www.kaggle.com/datasets/devsubhash/fitness-trackers-products-ecommerce,Flipkart fitness trackers (CC BY-SA 4.0),2026-08-05T06:07:04.985220+00:00,Smart Watches,APPLE,451.69
10001706,Series 6 GPS 40 mm Space Grey Aluminium Case · Black,Not specified,Not specified,Not specified,Not specified,OLED Retina Display,1 days,Not specified,fitness notifications wearable Aluminium,https://www.kaggle.com/datasets/devsubhash/fitness-trackers-products-ecommerce,Flipkart fitness trackers (CC BY-SA 4.0),2026-08-05T06:07:04.985220+00:00,Smart Watches,APPLE,451.69
10001707,Series 6 GPS 44 mm Blue Aluminium Case · Deep Navy,Not specified,Not specified,Not specified,Not specified,OLED Retina Display,1 days,Not specified,fitness notifications wearable Aluminium,https://www.kaggle.com/datasets/devsubhash/fitness-trackers-products-ecommerce,Flipkart fitness trackers (CC BY-SA 4.0),2026-08-05T06:07:04.985220+00:00,Smart Watches,APPLE,528.92
10001708,Series 6 GPS 44 mm Blue Aluminium Case · Deep Navy,Not specified,Not specified,Not specified,Not specified,OLED Retina Display,1 days,Not specified,fitness notifications wearable Aluminium,https://www.kaggle.com/datasets/devsubhash/fitness-trackers-products-ecommerce,Flipkart fitness trackers (CC BY-SA 4.0),2026-08-05T06:07:04.985220+00:00,Smart Watches,APPLE,528.92
10001709,Series 6 GPS 44 mm Red Aluminium Case · Red,Not specified,Not specified,Not specified,Not specified,OLED Retina Display,1 days,Not specified,fitness notifications wearable Aluminium,https://www.kaggle.com/datasets/devsubhash/fitness-trackers-products-ecommerce,Flipkart fitness trackers (CC BY-SA 4.0),2026-08-05T06:07:04.985220+00:00,Smart Watches,APPLE,484.22
10001710,Series 6 GPS 44 mm Silver Aluminium Case · White,Not specified,Not specified,Not specified,Not specified,OLED Retina Display,1 days,Not specified,fitness notifications wearable Aluminium,https://www.kaggle.com/datasets/devsubhash/fitness-trackers-products-ecommerce,Flipkart fitness trackers (CC BY-SA 4.0),2026-08-05T06:07:04.985220+00:00,Smart Watches,APPLE,528.92
10001711,Series 6 GPS 44 mm Space Grey Aluminium Case · Black,Not specified,Not specified,Not specified,Not specified,OLED Retina Display,1 days,Not specified,fitness notifications wearable Aluminium,https://www.kaggle.com/datasets/devsubhash/fitness-trackers-products-ecommerce,Flipkart fitness trackers (CC BY-SA 4.0),2026-08-05T06:07:04.985220+00:00,Smart Watches,APPLE,484.22
10001712,Series 7 GPS + Cellular 41 mm Aluminium · Black,Not specified,Not specified,Not specified,Not specified,OLED Retina Display,1 days,Not specified,fitness notifications wearable Aluminium,https://www.kaggle.com/datasets/devsubhash/fitness-trackers-products-ecommerce,Flipkart fitness trackers (CC BY-SA 4.0),2026-08-05T06:07:04.985220+00:00,Smart Watches,APPLE,613.25
10001713,"Series 7 GPS + Cellular, 41 mm Stainless Steel · Black",Not specified,Not specified,Not specified,Not specified,OLED Retina Display,1 days,Not specified,fitness notifications wearable Stainless Steel,https://www.kaggle.com/datasets/devsubhash/fitness-trackers-products-ecommerce,Flipkart fitness trackers (CC BY-SA 4.0),2026-08-05T06:07:04.985220+00:00,Smart Watches,APPLE,890.36
10001714,"Series 7 GPS + Cellular, 45 mm Aluminium · Black",Not specified,Not specified,Not specified,Not specified,OLED Retina Display,1 days,Not specified,fitness notifications wearable Aluminium,https://www.kaggle.com/datasets/devsubhash/fitness-trackers-products-ecommerce,Flipkart fitness trackers (CC BY-SA 4.0),2026-08-05T06:07:04.985220+00:00,Smart Watches,APPLE,649.4
10001715,"Series 7 GPS + Cellular, 45 mm Stainless Steel · Black",Not specified,Not specified,Not specified,Not specified,OLED Retina Display,1 days,Not specified,fitness notifications wearable Stainless Steel,https://www.kaggle.com/datasets/devsubhash/fitness-trackers-products-ecommerce,Flipkart fitness trackers (CC BY-SA 4.0),2026-08-05T06:07:04.985220+00:00,Smart Watches,APPLE,890.36
10001716,"Series 7 GPS + Cellular, 45 mm Stainless Steel · Black",Not specified,Not specified,Not specified,Not specified,OLED Retina Display,1 days,Not specified,fitness notifications wearable Stainless Steel,https://www.kaggle.com/datasets/devsubhash/fitness-trackers-products-ecommerce,Flipkart fitness trackers (CC BY-SA 4.0),2026-08-05T06:07:04.985220+00:00,Smart Watches,APPLE,938.55
10001717,Series 7 GPS 41 mm Aluminium Case · Black,Not specified,Not specified,Not specified,Not specified,OLED Retina Display,1 days,Not specified,fitness notifications wearable Aluminium,https://www.kaggle.com/datasets/devsubhash/fitness-trackers-products-ecommerce,Flipkart fitness trackers (CC BY-SA 4.0),2026-08-05T06:07:04.985220+00:00,Smart Watches,APPLE,504.82
10001718,Series 7 GPS 45 mm · Black,Not specified,Not specified,Not specified,Not specified,OLED Retina Display,1 days,Not specified,fitness notifications wearable Silicone,https://www.kaggle.com/datasets/devsubhash/fitness-trackers-products-ecommerce,Flipkart fitness trackers (CC BY-SA 4.0),2026-08-05T06:07:04.985220+00:00,Smart Watches,APPLE,540.96
10001719,Sport 42 mm Space Grey Aluminium Case · Black,Not specified,Not specified,Not specified,Not specified,OLED Retina Display,1 days,Not specified,fitness notifications wearable Aluminium,https://www.kaggle.com/datasets/devsubhash/fitness-trackers-products-ecommerce,Flipkart fitness trackers (CC BY-SA 4.0),2026-08-05T06:07:04.985220+00:00,Smart Watches,APPLE,360.24
10001720,"Delta · Black, Grey, Red",Not specified,Not specified,Not specified,Not specified,LCD Display,7 days,Not specified,fitness notifications wearable Silicone,https://www.kaggle.com/datasets/devsubhash/fitness-trackers-products-ecommerce,Flipkart fitness trackers (CC BY-SA 4.0),2026-08-05T06:07:04.985220+00:00,Smart Watches,boAt,30.11
10001721,"O2 · Black, Green",Not specified,Not specified,Not specified,Not specified,LCD Display,10 days,Not specified,fitness notifications wearable Thermoplastic polyurethane,https://www.kaggle.com/datasets/devsubhash/fitness-trackers-products-ecommerce,Flipkart fitness trackers (CC BY-SA 4.0),2026-08-05T06:07:04.985220+00:00,Smart Watches,boAt,96.27
10001722,"Storm · Black, Teal Green, Grey",Not specified,Not specified,Not specified,Not specified,LCD Display,7 days,Not specified,fitness notifications wearable Thermoplastic polyurethane,https://www.kaggle.com/datasets/devsubhash/fitness-trackers-products-ecommerce,Flipkart fitness trackers (CC BY-SA 4.0),2026-08-05T06:07:04.985220+00:00,Smart Watches,boAt,36.13
10001723,"Vertex · Grey, Blue, Black, Red",Not specified,Not specified,Not specified,Not specified,AMOLED Display,7 days,Not specified,fitness notifications wearable Silicone,https://www.kaggle.com/datasets/devsubhash/fitness-trackers-products-ecommerce,Flipkart fitness trackers (CC BY-SA 4.0),2026-08-05T06:07:04.985220+00:00,Smart Watches,boAt,30.11
10001724,"Xplorer · Black, Red, Blue",Not specified,Not specified,Not specified,Not specified,LCD Display,10 days,Not specified,fitness notifications wearable Thermoplastic polyurethane,https://www.kaggle.com/datasets/devsubhash/fitness-trackers-products-ecommerce,Flipkart fitness trackers (CC BY-SA 4.0),2026-08-05T06:07:04.985220+00:00,Smart Watches,boAt,42.16
10001725,Ace · Grey,Not specified,Not specified,Not specified,Not specified,IPS Display,15 days,Not specified,fitness notifications wearable Silicone,https://www.kaggle.com/datasets/devsubhash/fitness-trackers-products-ecommerce,Flipkart fitness trackers (CC BY-SA 4.0),2026-08-05T06:07:04.985220+00:00,Smart Watches,Crossbeats,36.13
10001726,"Ignite Pro · Silver, Black",Not specified,Not specified,Not specified,Not specified,IPS Display,7 days,Not specified,fitness notifications wearable Silicone,https://www.kaggle.com/datasets/devsubhash/fitness-trackers-products-ecommerce,Flipkart fitness trackers (CC BY-SA 4.0),2026-08-05T06:07:04.985220+00:00,Smart Watches,Crossbeats,36.13
10001727,"Ignite S3 · Silver, Black, Green",Not specified,Not specified,Not specified,Not specified,IPS Display,7 days,Not specified,fitness notifications wearable Silicone,https://www.kaggle.com/datasets/devsubhash/fitness-trackers-products-ecommerce,Flipkart fitness trackers (CC BY-SA 4.0),2026-08-05T06:07:04.985220+00:00,Smart Watches,Crossbeats,48.18
10001728,Ignite · Green,Not specified,Not specified,Not specified,Not specified,IPS Display,10 days,Not specified,fitness notifications wearable Silicone,https://www.kaggle.com/datasets/devsubhash/fitness-trackers-products-ecommerce,Flipkart fitness trackers (CC BY-SA 4.0),2026-08-05T06:07:04.985220+00:00,Smart Watches,Crossbeats,33.72
10001729,Orbit - Special Edition · Brown,Not specified,Not specified,Not specified,Not specified,IPS Display,10 days,Not specified,fitness notifications wearable Leather,https://www.kaggle.com/datasets/devsubhash/fitness-trackers-products-ecommerce,Flipkart fitness trackers (CC BY-SA 4.0),2026-08-05T06:07:04.985220+00:00,Smart Watches,Crossbeats,50.48
10001730,Orbit Sport · Black,Not specified,Not specified,Not specified,Not specified,IPS Display,10 days,Not specified,fitness notifications wearable Silicone,https://www.kaggle.com/datasets/devsubhash/fitness-trackers-products-ecommerce,Flipkart fitness trackers (CC BY-SA 4.0),2026-08-05T06:07:04.985220+00:00,Smart Watches,Crossbeats,45.77
10001731,"Orbit · Black, Blue",Not specified,Not specified,Not specified,Not specified,IPS Display,10 days,Not specified,fitness notifications wearable Silicone,https://www.kaggle.com/datasets/devsubhash/fitness-trackers-products-ecommerce,Flipkart fitness trackers (CC BY-SA 4.0),2026-08-05T06:07:04.985220+00:00,Smart Watches,Crossbeats,45.77
10001732,Trak · Black,Not specified,Not specified,Not specified,Not specified,IPS Display,15 days,Not specified,fitness notifications wearable Silicone,https://www.kaggle.com/datasets/devsubhash/fitness-trackers-products-ecommerce,Flipkart fitness trackers (CC BY-SA 4.0),2026-08-05T06:07:04.985220+00:00,Smart Watches,Crossbeats,48.18
10001733,"Watch 2 · Black, Blue, Grey, Pink, White",Not specified,Not specified,Not specified,Not specified,LCD Display,10 days,Not specified,fitness notifications wearable Silicone,https://www.kaggle.com/datasets/devsubhash/fitness-trackers-products-ecommerce,Flipkart fitness trackers (CC BY-SA 4.0),2026-08-05T06:07:04.985220+00:00,Smart Watches,dizo by realme,32.52
10001734,"Watch Pro · Blue, Black",Not specified,Not specified,Not specified,Not specified,LCD Display,14 days,Not specified,fitness notifications wearable Silicone,https://www.kaggle.com/datasets/devsubhash/fitness-trackers-products-ecommerce,Flipkart fitness trackers (CC BY-SA 4.0),2026-08-05T06:07:04.985220+00:00,Smart Watches,dizo by realme,45.77
10001735,"Reflex 2.0 · Black, Green",Not specified,Not specified,Not specified,Not specified,TFT-LCD Display,10 days,Not specified,fitness notifications wearable Silicone,https://www.kaggle.com/datasets/devsubhash/fitness-trackers-products-ecommerce,Flipkart fitness trackers (CC BY-SA 4.0),2026-08-05T06:07:04.985220+00:00,Smart Watches,Fastrack,16.81
10001736,Reflex 3.0 · Black,Not specified,Not specified,Not specified,Not specified,TFT-LCD Display,4 days,Not specified,fitness notifications wearable Silicone,https://www.kaggle.com/datasets/devsubhash/fitness-trackers-products-ecommerce,Flipkart fitness trackers (CC BY-SA 4.0),2026-08-05T06:07:04.985220+00:00,Smart Watches,Fastrack,26.51
10001737,"Reflex 3.0 · Black, Pink",Not specified,Not specified,Not specified,Not specified,TFT-LCD Display,7 days,Not specified,fitness notifications wearable Silicone,https://www.kaggle.com/datasets/devsubhash/fitness-trackers-products-ecommerce,Flipkart fitness trackers (CC BY-SA 4.0),2026-08-05T06:07:04.985220+00:00,Smart Watches,Fastrack,30.06
10001738,"Reflex Beat · Purple, Black",Not specified,Not specified,Not specified,Not specified,TFT-LCD Display,4 days,Not specified,fitness notifications wearable Silicone,https://www.kaggle.com/datasets/devsubhash/fitness-trackers-products-ecommerce,Flipkart fitness trackers (CC BY-SA 4.0),2026-08-05T06:07:04.985220+00:00,Smart Watches,Fastrack,19.82
10001739,"AI-BT Calling · Black, Blue, Grey, Pink",Not specified,Not specified,Not specified,Not specified,HD Display,10 days,Not specified,fitness notifications wearable Silicone,https://www.kaggle.com/datasets/devsubhash/fitness-trackers-products-ecommerce,Flipkart fitness trackers (CC BY-SA 4.0),2026-08-05T06:07:04.985220+00:00,Smart Watches,Fire-Boltt,54.2
10001740,Almighty · Orange,Not specified,Not specified,Not specified,Not specified,AMOLED Display,10 days,Not specified,fitness notifications wearable Silicone,https://www.kaggle.com/datasets/devsubhash/fitness-trackers-products-ecommerce,Flipkart fitness trackers (CC BY-SA 4.0),2026-08-05T06:07:04.985220+00:00,Smart Watches,Fire-Boltt,60.23
10001741,BSW004 · Green,Not specified,Not specified,Not specified,Not specified,LCD Display,7 days,Not specified,fitness notifications wearable Silicone,https://www.kaggle.com/datasets/devsubhash/fitness-trackers-products-ecommerce,Flipkart fitness trackers (CC BY-SA 4.0),2026-08-05T06:07:04.985220+00:00,Smart Watches,Fire-Boltt,57.83
10001742,"Max · Black, Blue, Green",Not specified,Not specified,Not specified,Not specified,AMOLED Display,10 days,Not specified,fitness notifications wearable Silicone,https://www.kaggle.com/datasets/devsubhash/fitness-trackers-products-ecommerce,Flipkart fitness trackers (CC BY-SA 4.0),2026-08-05T06:07:04.985220+00:00,Smart Watches,Fire-Boltt,54.2
10001743,"Mercury · Black, Beige, Grey",Not specified,Not specified,Not specified,Not specified,HD Display,8 days,Not specified,fitness notifications wearable Silicone,https://www.kaggle.com/datasets/devsubhash/fitness-trackers-products-ecommerce,Flipkart fitness trackers (CC BY-SA 4.0),2026-08-05T06:07:04.985220+00:00,Smart Watches,Fire-Boltt,30.11
10001744,Mercury · Red,Not specified,Not specified,Not specified,Not specified,HD Display,8 days,Not specified,fitness notifications wearable Silicone,https://www.kaggle.com/datasets/devsubhash/fitness-trackers-products-ecommerce,Flipkart fitness trackers (CC BY-SA 4.0),2026-08-05T06:07:04.985220+00:00,Smart Watches,Fire-Boltt,36.13
10001745,"Ninja Pro · Black, Blue, Green, Red, Beige, Grey",Not specified,Not specified,Not specified,Not specified,HD Display,10 days,Not specified,fitness notifications wearable Silicone,https://www.kaggle.com/datasets/devsubhash/fitness-trackers-products-ecommerce,Flipkart fitness trackers (CC BY-SA 4.0),2026-08-05T06:07:04.985220+00:00,Smart Watches,Fire-Boltt,24.08
10001746,Ninja Pro · White,Not specified,Not specified,Not specified,Not specified,HD Display,10 days,Not specified,fitness notifications wearable Silicone,https://www.kaggle.com/datasets/devsubhash/fitness-trackers-products-ecommerce,Flipkart fitness trackers (CC BY-SA 4.0),2026-08-05T06:07:04.985220+00:00,Smart Watches,Fire-Boltt,24.08
10001747,"Ninja touch to Wake · Beige, Black, Grey",Not specified,Not specified,Not specified,Not specified,HD Display,5 days,Not specified,fitness notifications wearable Silicone,https://www.kaggle.com/datasets/devsubhash/fitness-trackers-products-ecommerce,Flipkart fitness trackers (CC BY-SA 4.0),2026-08-05T06:07:04.985220+00:00,Smart Watches,Fire-Boltt,22.88
10001748,"Spin · Blue, Grey, Pink",Not specified,Not specified,Not specified,Not specified,TFT-LCD Display,5 days,Not specified,fitness notifications wearable Silicone,https://www.kaggle.com/datasets/devsubhash/fitness-trackers-products-ecommerce,Flipkart fitness trackers (CC BY-SA 4.0),2026-08-05T06:07:04.985220+00:00,Smart Watches,Fire-Boltt,70.43
10001749,Spin · White,Not specified,Not specified,Not specified,Not specified,TFT-LCD Display,5 days,Not specified,fitness notifications wearable Silicone,https://www.kaggle.com/datasets/devsubhash/fitness-trackers-products-ecommerce,Flipkart fitness trackers (CC BY-SA 4.0),2026-08-05T06:07:04.985220+00:00,Smart Watches,Fire-Boltt,70.43
10001750,"SpO2 Full Touch · Black, Blue, Grey, Pink, Gold",Not specified,Not specified,Not specified,Not specified,HD Display,8 days,Not specified,fitness notifications wearable Silicone,https://www.kaggle.com/datasets/devsubhash/fitness-trackers-products-ecommerce,Flipkart fitness trackers (CC BY-SA 4.0),2026-08-05T06:07:04.985220+00:00,Smart Watches,Fire-Boltt,36.13
10001751,"Talk Bluetooth · Black, Grey, Green",Not specified,Not specified,Not specified,Not specified,HD Display,10 days,Not specified,fitness notifications wearable Silicone,https://www.kaggle.com/datasets/devsubhash/fitness-trackers-products-ecommerce,Flipkart fitness trackers (CC BY-SA 4.0),2026-08-05T06:07:04.985220+00:00,Smart Watches,Fire-Boltt,42.16
10001752,"Ultron · Black, Blue, Grey, Pink",Not specified,Not specified,Not specified,Not specified,AMOLED Display,5 days,Not specified,fitness notifications wearable Silicone,https://www.kaggle.com/datasets/devsubhash/fitness-trackers-products-ecommerce,Flipkart fitness trackers (CC BY-SA 4.0),2026-08-05T06:07:04.985220+00:00,Smart Watches,Fire-Boltt,48.18
10001753,Blaze · Black,Not specified,Not specified,Not specified,Not specified,LCD Display,7 days,Not specified,fitness notifications wearable Elastomer,https://www.kaggle.com/datasets/devsubhash/fitness-trackers-products-ecommerce,Flipkart fitness trackers (CC BY-SA 4.0),2026-08-05T06:07:04.985220+00:00,Smart Watches,FitBit,277.1
10001754,Blaze · Blue,Not specified,Not specified,Not specified,Not specified,LCD Display,7 days,Not specified,fitness notifications wearable Elastomer,https://www.kaggle.com/datasets/devsubhash/fitness-trackers-products-ecommerce,Flipkart fitness trackers (CC BY-SA 4.0),2026-08-05T06:07:04.985220+00:00,Smart Watches,FitBit,240.95
10001755,Blaze · Purple,Not specified,Not specified,Not specified,Not specified,LCD Display,7 days,Not specified,fitness notifications wearable Elastomer,https://www.kaggle.com/datasets/devsubhash/fitness-trackers-products-ecommerce,Flipkart fitness trackers (CC BY-SA 4.0),2026-08-05T06:07:04.985220+00:00,Smart Watches,FitBit,216.86
10001756,Ionic · Black,Not specified,Not specified,Not specified,Not specified,LCD Display,7 days,Not specified,fitness notifications wearable Elastomer,https://www.kaggle.com/datasets/devsubhash/fitness-trackers-products-ecommerce,Flipkart fitness trackers (CC BY-SA 4.0),2026-08-05T06:07:04.985220+00:00,Smart Watches,FitBit,228.9
10001757,Ionic · Blue,Not specified,Not specified,Not specified,Not specified,LCD Display,7 days,Not specified,fitness notifications wearable Elastomer,https://www.kaggle.com/datasets/devsubhash/fitness-trackers-products-ecommerce,Flipkart fitness trackers (CC BY-SA 4.0),2026-08-05T06:07:04.985220+00:00,Smart Watches,FitBit,271.07
10001758,Ionic · Grey,Not specified,Not specified,Not specified,Not specified,LCD Display,7 days,Not specified,fitness notifications wearable Elastomer,https://www.kaggle.com/datasets/devsubhash/fitness-trackers-products-ecommerce,Flipkart fitness trackers (CC BY-SA 4.0),2026-08-05T06:07:04.985220+00:00,Smart Watches,FitBit,319.27
10001759,"Sense · Black, Pink, Beige",Not specified,Not specified,Not specified,Not specified,AMOLED Display,7 days,Not specified,fitness notifications wearable Elastomer,https://www.kaggle.com/datasets/devsubhash/fitness-trackers-products-ecommerce,Flipkart fitness trackers (CC BY-SA 4.0),2026-08-05T06:07:04.985220+00:00,Smart Watches,FitBit,259.02
10001760,Surge · Black,Not specified,Not specified,Not specified,Not specified,LCD Display,7 days,Not specified,fitness notifications wearable Elastomer,https://www.kaggle.com/datasets/devsubhash/fitness-trackers-products-ecommerce,Flipkart fitness trackers (CC BY-SA 4.0),2026-08-05T06:07:04.985220+00:00,Smart Watches,FitBit,120.47
10001761,Surge · Black,Not specified,Not specified,Not specified,Not specified,LCD Display,7 days,Not specified,fitness notifications wearable Elastomer,https://www.kaggle.com/datasets/devsubhash/fitness-trackers-products-ecommerce,Flipkart fitness trackers (CC BY-SA 4.0),2026-08-05T06:07:04.985220+00:00,Smart Watches,FitBit,240.84
10001762,Surge · Blue,Not specified,Not specified,Not specified,Not specified,LCD Display,7 days,Not specified,fitness notifications wearable Elastomer,https://www.kaggle.com/datasets/devsubhash/fitness-trackers-products-ecommerce,Flipkart fitness trackers (CC BY-SA 4.0),2026-08-05T06:07:04.985220+00:00,Smart Watches,FitBit,301.08
10001763,Surge · Orange,Not specified,Not specified,Not specified,Not specified,LCD Display,7 days,Not specified,fitness notifications wearable Elastomer,https://www.kaggle.com/datasets/devsubhash/fitness-trackers-products-ecommerce,Flipkart fitness trackers (CC BY-SA 4.0),2026-08-05T06:07:04.985220+00:00,Smart Watches,FitBit,301.08
10001764,Versa 2 Special Edition · Multicolor,Not specified,Not specified,Not specified,Not specified,AMOLED Display,7 days,Not specified,fitness notifications wearable Silicone,https://www.kaggle.com/datasets/devsubhash/fitness-trackers-products-ecommerce,Flipkart fitness trackers (CC BY-SA 4.0),2026-08-05T06:07:04.985220+00:00,Smart Watches,FitBit,186.73
10001765,"Versa 2 · Grey, Pink, Black",Not specified,Not specified,Not specified,Not specified,AMOLED Display,7 days,Not specified,fitness notifications wearable Silicone,https://www.kaggle.com/datasets/devsubhash/fitness-trackers-products-ecommerce,Flipkart fitness trackers (CC BY-SA 4.0),2026-08-05T06:07:04.985220+00:00,Smart Watches,FitBit,144.57
10001766,Versa 2 · Purple,Not specified,Not specified,Not specified,Not specified,AMOLED Display,7 days,Not specified,fitness notifications wearable Silicone,https://www.kaggle.com/datasets/devsubhash/fitness-trackers-products-ecommerce,Flipkart fitness trackers (CC BY-SA 4.0),2026-08-05T06:07:04.985220+00:00,Smart Watches,FitBit,162.64
10001767,"Versa 3 · Black, Blue, Pink",Not specified,Not specified,Not specified,Not specified,AMOLED Display,7 days,Not specified,fitness notifications wearable Elastomer,https://www.kaggle.com/datasets/devsubhash/fitness-trackers-products-ecommerce,Flipkart fitness trackers (CC BY-SA 4.0),2026-08-05T06:07:04.985220+00:00,Smart Watches,FitBit,216.86
10001768,"Versa 3 · Black, Blue, Pink",Not specified,Not specified,Not specified,Not specified,AMOLED Display,7 days,Not specified,fitness notifications wearable Elastomer,https://www.kaggle.com/datasets/devsubhash/fitness-trackers-products-ecommerce,Flipkart fitness trackers (CC BY-SA 4.0),2026-08-05T06:07:04.985220+00:00,Smart Watches,FitBit,216.86
10001769,Versa Lite Edition · Blue,Not specified,Not specified,Not specified,Not specified,AMOLED Display,7 days,Not specified,fitness notifications wearable Elastomer,https://www.kaggle.com/datasets/devsubhash/fitness-trackers-products-ecommerce,Flipkart fitness trackers (CC BY-SA 4.0),2026-08-05T06:07:04.985220+00:00,Smart Watches,FitBit,173.48
10001770,Versa Lite Edition · Purple,Not specified,Not specified,Not specified,Not specified,AMOLED Display,7 days,Not specified,fitness notifications wearable Elastomer,https://www.kaggle.com/datasets/devsubhash/fitness-trackers-products-ecommerce,Flipkart fitness trackers (CC BY-SA 4.0),2026-08-05T06:07:04.985220+00:00,Smart Watches,FitBit,204.81
10001771,Versa Special Edition · Charcoal,Not specified,Not specified,Not specified,Not specified,AMOLED Display,7 days,Not specified,fitness notifications wearable Fabric,https://www.kaggle.com/datasets/devsubhash/fitness-trackers-products-ecommerce,Flipkart fitness trackers (CC BY-SA 4.0),2026-08-05T06:07:04.985220+00:00,Smart Watches,FitBit,124.88
10001772,Versa · Black,Not specified,Not specified,Not specified,Not specified,AMOLED Display,7 days,Not specified,fitness notifications wearable Silicone,https://www.kaggle.com/datasets/devsubhash/fitness-trackers-products-ecommerce,Flipkart fitness trackers (CC BY-SA 4.0),2026-08-05T06:07:04.985220+00:00,Smart Watches,FitBit,248.07
10001773,Versa · Grey,Not specified,Not specified,Not specified,Not specified,AMOLED Display,7 days,Not specified,fitness notifications wearable Silicone,https://www.kaggle.com/datasets/devsubhash/fitness-trackers-products-ecommerce,Flipkart fitness trackers (CC BY-SA 4.0),2026-08-05T06:07:04.985220+00:00,Smart Watches,FitBit,215.6
10001774,versa · Grey,Not specified,Not specified,Not specified,Not specified,AMOLED Display,7 days,Not specified,fitness notifications wearable Silicone,https://www.kaggle.com/datasets/devsubhash/fitness-trackers-products-ecommerce,Flipkart fitness trackers (CC BY-SA 4.0),2026-08-05T06:07:04.985220+00:00,Smart Watches,FitBit,259.02
10001775,Versa · Pink,Not specified,Not specified,Not specified,Not specified,AMOLED Display,7 days,Not specified,fitness notifications wearable Silicone,https://www.kaggle.com/datasets/devsubhash/fitness-trackers-products-ecommerce,Flipkart fitness trackers (CC BY-SA 4.0),2026-08-05T06:07:04.985220+00:00,Smart Watches,FitBit,194.27
10001776,Versa · Purple,Not specified,Not specified,Not specified,Not specified,AMOLED Display,7 days,Not specified,fitness notifications wearable Silicone,https://www.kaggle.com/datasets/devsubhash/fitness-trackers-products-ecommerce,Flipkart fitness trackers (CC BY-SA 4.0),2026-08-05T06:07:04.985220+00:00,Smart Watches,FitBit,204.7
10001777,4th Gen Explorist HR · Grey,Not specified,Not specified,Not specified,Not specified,AMOLED Display,2 days,Not specified,fitness notifications wearable Stainless Steel,https://www.kaggle.com/datasets/devsubhash/fitness-trackers-products-ecommerce,Flipkart fitness trackers (CC BY-SA 4.0),2026-08-05T06:07:04.985220+00:00,Smart Watches,FOSSIL,132.51
10001778,4th Gen Venture HR · Black,Not specified,Not specified,Not specified,Not specified,AMOLED Display,14 days,Not specified,fitness notifications wearable Stainless Steel,https://www.kaggle.com/datasets/devsubhash/fitness-trackers-products-ecommerce,Flipkart fitness trackers (CC BY-SA 4.0),2026-08-05T06:07:04.985220+00:00,Smart Watches,FOSSIL,158.98
10001779,4th Gen Venture HR · Black,Not specified,Not specified,Not specified,Not specified,AMOLED Display,14 days,Not specified,fitness notifications wearable Stainless Steel,https://www.kaggle.com/datasets/devsubhash/fitness-trackers-products-ecommerce,Flipkart fitness trackers (CC BY-SA 4.0),2026-08-05T06:07:04.985220+00:00,Smart Watches,FOSSIL,212.0
10001780,4th Gen Venture HR · Silver,Not specified,Not specified,Not specified,Not specified,AMOLED Display,14 days,Not specified,fitness notifications wearable Stainless Steel,https://www.kaggle.com/datasets/devsubhash/fitness-trackers-products-ecommerce,Flipkart fitness trackers (CC BY-SA 4.0),2026-08-05T06:07:04.985220+00:00,Smart Watches,FOSSIL,132.49
10001781,5th Gen Julianna · Black,Not specified,Not specified,Not specified,Not specified,AMOLED Display,1 days,Not specified,fitness notifications wearable Stainless Steel,https://www.kaggle.com/datasets/devsubhash/fitness-trackers-products-ecommerce,Flipkart fitness trackers (CC BY-SA 4.0),2026-08-05T06:07:04.985220+00:00,Smart Watches,FOSSIL,192.71
10001782,Barstow Hybrid · Brown,Not specified,Not specified,Not specified,Not specified,AMOLED Display,12 days,Not specified,fitness notifications wearable Leather,https://www.kaggle.com/datasets/devsubhash/fitness-trackers-products-ecommerce,Flipkart fitness trackers (CC BY-SA 4.0),2026-08-05T06:07:04.985220+00:00,Smart Watches,FOSSIL,108.37
10001783,Cameron Hybrid Smartwatch · Blue,Not specified,Not specified,Not specified,Not specified,AMOLED Display,12 days,Not specified,fitness notifications wearable Leather,https://www.kaggle.com/datasets/devsubhash/fitness-trackers-products-ecommerce,Flipkart fitness trackers (CC BY-SA 4.0),2026-08-05T06:07:04.985220+00:00,Smart Watches,FOSSIL,162.59
10001784,Cameron Hybrid · Black,Not specified,Not specified,Not specified,Not specified,AMOLED Display,12 days,Not specified,fitness notifications wearable Stainless Steel,https://www.kaggle.com/datasets/devsubhash/fitness-trackers-products-ecommerce,Flipkart fitness trackers (CC BY-SA 4.0),2026-08-05T06:07:04.985220+00:00,Smart Watches,FOSSIL,108.37
10001785,Carlie Hybrid · Black,Not specified,Not specified,Not specified,Not specified,AMOLED Display,12 days,Not specified,fitness notifications wearable Stainless Steel,https://www.kaggle.com/datasets/devsubhash/fitness-trackers-products-ecommerce,Flipkart fitness trackers (CC BY-SA 4.0),2026-08-05T06:07:04.985220+00:00,Smart Watches,FOSSIL,84.28
10001786,Carlie Hybrid · Gold,Not specified,Not specified,Not specified,Not specified,AMOLED Display,12 days,Not specified,fitness notifications wearable Stainless Steel,https://www.kaggle.com/datasets/devsubhash/fitness-trackers-products-ecommerce,Flipkart fitness trackers (CC BY-SA 4.0),2026-08-05T06:07:04.985220+00:00,Smart Watches,FOSSIL,162.59
10001787,Carlie Hybrid · Silver,Not specified,Not specified,Not specified,Not specified,AMOLED Display,12 days,Not specified,fitness notifications wearable Stainless Steel,https://www.kaggle.com/datasets/devsubhash/fitness-trackers-products-ecommerce,Flipkart fitness trackers (CC BY-SA 4.0),2026-08-05T06:07:04.985220+00:00,Smart Watches,FOSSIL,108.37
10001788,Carlie · Beige,Not specified,Not specified,Not specified,Not specified,AMOLED Display,10 days,Not specified,fitness notifications wearable Leather,https://www.kaggle.com/datasets/devsubhash/fitness-trackers-products-ecommerce,Flipkart fitness trackers (CC BY-SA 4.0),2026-08-05T06:07:04.985220+00:00,Smart Watches,FOSSIL,144.52
10001789,Charter Hybrid HR · Black,Not specified,Not specified,Not specified,Not specified,AMOLED Display,12 days,Not specified,fitness notifications wearable Leather,https://www.kaggle.com/datasets/devsubhash/fitness-trackers-products-ecommerce,Flipkart fitness trackers (CC BY-SA 4.0),2026-08-05T06:07:04.985220+00:00,Smart Watches,FOSSIL,168.93
10001790,Charter Hybrid HR · Gold,Not specified,Not specified,Not specified,Not specified,AMOLED Display,12 days,Not specified,fitness notifications wearable Leather,https://www.kaggle.com/datasets/devsubhash/fitness-trackers-products-ecommerce,Flipkart fitness trackers (CC BY-SA 4.0),2026-08-05T06:07:04.985220+00:00,Smart Watches,FOSSIL,158.99
10001791,Charter Hybrid HR · Silver,Not specified,Not specified,Not specified,Not specified,AMOLED Display,12 days,Not specified,fitness notifications wearable Leather,https://www.kaggle.com/datasets/devsubhash/fitness-trackers-products-ecommerce,Flipkart fitness trackers (CC BY-SA 4.0),2026-08-05T06:07:04.985220+00:00,Smart Watches,FOSSIL,149.35
10001792,Collider Hybrid · Black,Not specified,Not specified,Not specified,Not specified,AMOLED Display,14 days,Not specified,fitness notifications wearable Silicone,https://www.kaggle.com/datasets/devsubhash/fitness-trackers-products-ecommerce,Flipkart fitness trackers (CC BY-SA 4.0),2026-08-05T06:07:04.985220+00:00,Smart Watches,FOSSIL,198.73
10001793,"Collider Hybrid · Brown, Grey",Not specified,Not specified,Not specified,Not specified,AMOLED Display,14 days,Not specified,fitness notifications wearable Silicone,https://www.kaggle.com/datasets/devsubhash/fitness-trackers-products-ecommerce,Flipkart fitness trackers (CC BY-SA 4.0),2026-08-05T06:07:04.985220+00:00,Smart Watches,FOSSIL,180.66
10001794,Commuter Hybrid · Brown,Not specified,Not specified,Not specified,Not specified,AMOLED Display,12 days,Not specified,fitness notifications wearable Leather,https://www.kaggle.com/datasets/devsubhash/fitness-trackers-products-ecommerce,Flipkart fitness trackers (CC BY-SA 4.0),2026-08-05T06:07:04.985220+00:00,Smart Watches,FOSSIL,108.37
10001795,Commuter · Black,Not specified,Not specified,Not specified,Not specified,AMOLED Display,14 days,Not specified,fitness notifications wearable Leather,https://www.kaggle.com/datasets/devsubhash/fitness-trackers-products-ecommerce,Flipkart fitness trackers (CC BY-SA 4.0),2026-08-05T06:07:04.985220+00:00,Smart Watches,FOSSIL,144.52
10001796,"Eleanor Hybrid · Brown, Gold",Not specified,Not specified,Not specified,Not specified,AMOLED Display,12 days,Not specified,fitness notifications wearable Stainless Steel,https://www.kaggle.com/datasets/devsubhash/fitness-trackers-products-ecommerce,Flipkart fitness trackers (CC BY-SA 4.0),2026-08-05T06:07:04.985220+00:00,Smart Watches,FOSSIL,84.28
10001797,FB-01 Hybrid HR · Black,Not specified,Not specified,Not specified,Not specified,AMOLED Display,14 days,Not specified,fitness notifications wearable Silicone,https://www.kaggle.com/datasets/devsubhash/fitness-trackers-products-ecommerce,Flipkart fitness trackers (CC BY-SA 4.0),2026-08-05T06:07:04.985220+00:00,Smart Watches,FOSSIL,149.35
10001798,"FB-01 Hybrid HR · Silver, Black",Not specified,Not specified,Not specified,Not specified,AMOLED Display,14 days,Not specified,fitness notifications wearable Stainless Steel,https://www.kaggle.com/datasets/devsubhash/fitness-trackers-products-ecommerce,Flipkart fitness trackers (CC BY-SA 4.0),2026-08-05T06:07:04.985220+00:00,Smart Watches,FOSSIL,168.93
10001799,"FB-01 Hybrid · Blue, Silver",Not specified,Not specified,Not specified,Not specified,AMOLED Display,14 days,Not specified,fitness notifications wearable Silicone,https://www.kaggle.com/datasets/devsubhash/fitness-trackers-products-ecommerce,Flipkart fitness trackers (CC BY-SA 4.0),2026-08-05T06:07:04.985220+00:00,Smart Watches,FOSSIL,108.37
10001800,FTW1134 Q Hybrid · Gray,Not specified,Not specified,Not specified,Not specified,AMOLED Display,2 days,Not specified,fitness notifications wearable Stainless Steel,https://www.kaggle.com/datasets/devsubhash/fitness-trackers-products-ecommerce,Flipkart fitness trackers (CC BY-SA 4.0),2026-08-05T06:07:04.985220+00:00,Smart Watches,FOSSIL,144.52
10001801,FTW1136 Q Hybrid · Blue,Not specified,Not specified,Not specified,Not specified,AMOLED Display,2 days,Not specified,fitness notifications wearable Leather,https://www.kaggle.com/datasets/devsubhash/fitness-trackers-products-ecommerce,Flipkart fitness trackers (CC BY-SA 4.0),2026-08-05T06:07:04.985220+00:00,Smart Watches,FOSSIL,144.52
10001802,FTW1140 Q Hybrid · Blue,Not specified,Not specified,Not specified,Not specified,AMOLED Display,2 days,Not specified,fitness notifications wearable Stainless Steel,https://www.kaggle.com/datasets/devsubhash/fitness-trackers-products-ecommerce,Flipkart fitness trackers (CC BY-SA 4.0),2026-08-05T06:07:04.985220+00:00,Smart Watches,FOSSIL,84.28
10001803,FTW1141 Q Hybrid · Silver,Not specified,Not specified,Not specified,Not specified,AMOLED Display,2 days,Not specified,fitness notifications wearable Stainless Steel,https://www.kaggle.com/datasets/devsubhash/fitness-trackers-products-ecommerce,Flipkart fitness trackers (CC BY-SA 4.0),2026-08-05T06:07:04.985220+00:00,Smart Watches,FOSSIL,84.28
10001804,FTW1142 Q Hybrid · Silver,Not specified,Not specified,Not specified,Not specified,AMOLED Display,2 days,Not specified,fitness notifications wearable Stainless Steel,https://www.kaggle.com/datasets/devsubhash/fitness-trackers-products-ecommerce,Flipkart fitness trackers (CC BY-SA 4.0),2026-08-05T06:07:04.985220+00:00,Smart Watches,FOSSIL,118.02
10001805,FTW1144 Q Hybrid · Black,Not specified,Not specified,Not specified,Not specified,AMOLED Display,2 days,Not specified,fitness notifications wearable Leather,https://www.kaggle.com/datasets/devsubhash/fitness-trackers-products-ecommerce,Flipkart fitness trackers (CC BY-SA 4.0),2026-08-05T06:07:04.985220+00:00,Smart Watches,FOSSIL,108.37
10001806,FTW1145 Q Hybrid · Gray,Not specified,Not specified,Not specified,Not specified,AMOLED Display,2 days,Not specified,fitness notifications wearable Leather,https://www.kaggle.com/datasets/devsubhash/fitness-trackers-products-ecommerce,Flipkart fitness trackers (CC BY-SA 4.0),2026-08-05T06:07:04.985220+00:00,Smart Watches,FOSSIL,84.28
10001807,FTW1146 Q Hybrid · Gold,Not specified,Not specified,Not specified,Not specified,AMOLED Display,2 days,Not specified,fitness notifications wearable Leather,https://www.kaggle.com/datasets/devsubhash/fitness-trackers-products-ecommerce,Flipkart fitness trackers (CC BY-SA 4.0),2026-08-05T06:07:04.985220+00:00,Smart Watches,FOSSIL,144.52
10001808,FTW1151 Hybrid · Gold,Not specified,Not specified,Not specified,Not specified,AMOLED Display,2 days,Not specified,fitness notifications wearable Leather,https://www.kaggle.com/datasets/devsubhash/fitness-trackers-products-ecommerce,Flipkart fitness trackers (CC BY-SA 4.0),2026-08-05T06:07:04.985220+00:00,Smart Watches,FOSSIL,108.37
10001809,FTW1154 Hybrid · Black,Not specified,Not specified,Not specified,Not specified,AMOLED Display,2 days,Not specified,fitness notifications wearable Stainless Steel,https://www.kaggle.com/datasets/devsubhash/fitness-trackers-products-ecommerce,Flipkart fitness trackers (CC BY-SA 4.0),2026-08-05T06:07:04.985220+00:00,Smart Watches,FOSSIL,108.37
10001810,FTW1159 Hybrid · Gold,Not specified,Not specified,Not specified,Not specified,AMOLED Display,2 days,Not specified,fitness notifications wearable Stainless Steel,https://www.kaggle.com/datasets/devsubhash/fitness-trackers-products-ecommerce,Flipkart fitness trackers (CC BY-SA 4.0),2026-08-05T06:07:04.985220+00:00,Smart Watches,FOSSIL,108.37
10001811,FTW1161 Hybrid · Gold,Not specified,Not specified,Not specified,Not specified,AMOLED Display,2 days,Not specified,fitness notifications wearable Stainless Steel,https://www.kaggle.com/datasets/devsubhash/fitness-trackers-products-ecommerce,Flipkart fitness trackers (CC BY-SA 4.0),2026-08-05T06:07:04.985220+00:00,Smart Watches,FOSSIL,108.37
10001812,FTW20013 Q · Black,Not specified,Not specified,Not specified,Not specified,AMOLED Display,2 days,Not specified,fitness notifications wearable Leather,https://www.kaggle.com/datasets/devsubhash/fitness-trackers-products-ecommerce,Flipkart fitness trackers (CC BY-SA 4.0),2026-08-05T06:07:04.985220+00:00,Smart Watches,FOSSIL,258.98
10001813,FTW2114 Q · Black,Not specified,Not specified,Not specified,Not specified,AMOLED Display,2 days,Not specified,fitness notifications wearable Stainless Steel,https://www.kaggle.com/datasets/devsubhash/fitness-trackers-products-ecommerce,Flipkart fitness trackers (CC BY-SA 4.0),2026-08-05T06:07:04.985220+00:00,Smart Watches,FOSSIL,228.86
10001814,FTW2115 Q Watch · Red,Not specified,Not specified,Not specified,Not specified,AMOLED Display,2 days,Not specified,fitness notifications wearable Stainless Steel,https://www.kaggle.com/datasets/devsubhash/fitness-trackers-products-ecommerce,Flipkart fitness trackers (CC BY-SA 4.0),2026-08-05T06:07:04.985220+00:00,Smart Watches,FOSSIL,228.86
10001815,FTW2120SET Q · Gray,Not specified,Not specified,Not specified,Not specified,AMOLED Display,2 days,Not specified,fitness notifications wearable Leather,https://www.kaggle.com/datasets/devsubhash/fitness-trackers-products-ecommerce,Flipkart fitness trackers (CC BY-SA 4.0),2026-08-05T06:07:04.985220+00:00,Smart Watches,FOSSIL,289.1
10001816,FTW4003 · Brown,Not specified,Not specified,Not specified,Not specified,AMOLED Display,2 days,Not specified,fitness notifications wearable Leather,https://www.kaggle.com/datasets/devsubhash/fitness-trackers-products-ecommerce,Flipkart fitness trackers (CC BY-SA 4.0),2026-08-05T06:07:04.985220+00:00,Smart Watches,FOSSIL,240.9
10001817,FTW4010 Gold HR · Gold,Not specified,Not specified,Not specified,Not specified,AMOLED Display,6 days,Not specified,fitness notifications wearable Stainless Steel,https://www.kaggle.com/datasets/devsubhash/fitness-trackers-products-ecommerce,Flipkart fitness trackers (CC BY-SA 4.0),2026-08-05T06:07:04.985220+00:00,Smart Watches,FOSSIL,192.71
10001818,FTW5003 Hybrid · Gold,Not specified,Not specified,Not specified,Not specified,AMOLED Display,2 days,Not specified,fitness notifications wearable Stainless Steel,https://www.kaggle.com/datasets/devsubhash/fitness-trackers-products-ecommerce,Flipkart fitness trackers (CC BY-SA 4.0),2026-08-05T06:07:04.985220+00:00,Smart Watches,FOSSIL,156.57
10001819,FTW5011 Hybrid · Black,Not specified,Not specified,Not specified,Not specified,AMOLED Display,2 days,Not specified,fitness notifications wearable Leather,https://www.kaggle.com/datasets/devsubhash/fitness-trackers-products-ecommerce,Flipkart fitness trackers (CC BY-SA 4.0),2026-08-05T06:07:04.985220+00:00,Smart Watches,FOSSIL,108.37
10001820,FTW5012 Hybrid · Brown,Not specified,Not specified,Not specified,Not specified,AMOLED Display,2 days,Not specified,fitness notifications wearable Leather,https://www.kaggle.com/datasets/devsubhash/fitness-trackers-products-ecommerce,Flipkart fitness trackers (CC BY-SA 4.0),2026-08-05T06:07:04.985220+00:00,Smart Watches,FOSSIL,109.6
10001821,FTW5015 Hybrid · Blue,Not specified,Not specified,Not specified,Not specified,AMOLED Display,2 days,Not specified,fitness notifications wearable Stainless Steel,https://www.kaggle.com/datasets/devsubhash/fitness-trackers-products-ecommerce,Flipkart fitness trackers (CC BY-SA 4.0),2026-08-05T06:07:04.985220+00:00,Smart Watches,FOSSIL,84.28
10001822,FTW5016 Hybrid · Silver,Not specified,Not specified,Not specified,Not specified,AMOLED Display,2 days,Not specified,fitness notifications wearable Stainless Steel,https://www.kaggle.com/datasets/devsubhash/fitness-trackers-products-ecommerce,Flipkart fitness trackers (CC BY-SA 4.0),2026-08-05T06:07:04.985220+00:00,Smart Watches,FOSSIL,84.28
10001823,FTW5017 Hybrid · Gold,Not specified,Not specified,Not specified,Not specified,AMOLED Display,2 days,Not specified,fitness notifications wearable Stainless Steel,https://www.kaggle.com/datasets/devsubhash/fitness-trackers-products-ecommerce,Flipkart fitness trackers (CC BY-SA 4.0),2026-08-05T06:07:04.985220+00:00,Smart Watches,FOSSIL,174.64
10001824,FTW5018 Hybrid · Gold,Not specified,Not specified,Not specified,Not specified,AMOLED Display,2 days,Not specified,fitness notifications wearable Stainless Steel,https://www.kaggle.com/datasets/devsubhash/fitness-trackers-products-ecommerce,Flipkart fitness trackers (CC BY-SA 4.0),2026-08-05T06:07:04.985220+00:00,Smart Watches,FOSSIL,139.71
10001825,FTW6001 · Gold,Not specified,Not specified,Not specified,Not specified,AMOLED Display,2 days,Not specified,fitness notifications wearable Stainless Steel,https://www.kaggle.com/datasets/devsubhash/fitness-trackers-products-ecommerce,Flipkart fitness trackers (CC BY-SA 4.0),2026-08-05T06:07:04.985220+00:00,Smart Watches,FOSSIL,265.0
10001826,FTW6005 · Black,Not specified,Not specified,Not specified,Not specified,AMOLED Display,2 days,Not specified,fitness notifications wearable Stainless Steel,https://www.kaggle.com/datasets/devsubhash/fitness-trackers-products-ecommerce,Flipkart fitness trackers (CC BY-SA 4.0),2026-08-05T06:07:04.985220+00:00,Smart Watches,FOSSIL,240.9
10001827,FTW6006 Gold HR · Gold,Not specified,Not specified,Not specified,Not specified,AMOLED Display,6 days,Not specified,fitness notifications wearable Stainless Steel,https://www.kaggle.com/datasets/devsubhash/fitness-trackers-products-ecommerce,Flipkart fitness trackers (CC BY-SA 4.0),2026-08-05T06:07:04.985220+00:00,Smart Watches,FOSSIL,265.0
10001828,FTW6007 · Brown,Not specified,Not specified,Not specified,Not specified,AMOLED Display,2 days,Not specified,fitness notifications wearable Leather,https://www.kaggle.com/datasets/devsubhash/fitness-trackers-products-ecommerce,Flipkart fitness trackers (CC BY-SA 4.0),2026-08-05T06:07:04.985220+00:00,Smart Watches,FOSSIL,240.9
10001829,FTW6009 Black HR · Black,Not specified,Not specified,Not specified,Not specified,AMOLED Display,14 days,Not specified,fitness notifications wearable Leather,https://www.kaggle.com/datasets/devsubhash/fitness-trackers-products-ecommerce,Flipkart fitness trackers (CC BY-SA 4.0),2026-08-05T06:07:04.985220+00:00,Smart Watches,FOSSIL,168.61
10001830,FTW6010 Pink HR · Pink,Not specified,Not specified,Not specified,Not specified,AMOLED Display,14 days,Not specified,fitness notifications wearable Stainless Steel,https://www.kaggle.com/datasets/devsubhash/fitness-trackers-products-ecommerce,Flipkart fitness trackers (CC BY-SA 4.0),2026-08-05T06:07:04.985220+00:00,Smart Watches,FOSSIL,192.71
10001831,Garrett HR · Gold,Not specified,Not specified,Not specified,Not specified,AMOLED Display,14 days,Not specified,fitness notifications wearable Stainless Steel,https://www.kaggle.com/datasets/devsubhash/fitness-trackers-products-ecommerce,Flipkart fitness trackers (CC BY-SA 4.0),2026-08-05T06:07:04.985220+00:00,Smart Watches,FOSSIL,192.71
10001832,Garrett HR · Grey,Not specified,Not specified,Not specified,Not specified,AMOLED Display,14 days,Not specified,fitness notifications wearable Leather,https://www.kaggle.com/datasets/devsubhash/fitness-trackers-products-ecommerce,Flipkart fitness trackers (CC BY-SA 4.0),2026-08-05T06:07:04.985220+00:00,Smart Watches,FOSSIL,180.66
10001833,Garrett Hybrid · Black,Not specified,Not specified,Not specified,Not specified,AMOLED Display,12 days,Not specified,fitness notifications wearable Stainless Steel,https://www.kaggle.com/datasets/devsubhash/fitness-trackers-products-ecommerce,Flipkart fitness trackers (CC BY-SA 4.0),2026-08-05T06:07:04.985220+00:00,Smart Watches,FOSSIL,84.28
10001834,Garrett Hybrid · Brown,Not specified,Not specified,Not specified,Not specified,AMOLED Display,12 days,Not specified,fitness notifications wearable Leather,https://www.kaggle.com/datasets/devsubhash/fitness-trackers-products-ecommerce,Flipkart fitness trackers (CC BY-SA 4.0),2026-08-05T06:07:04.985220+00:00,Smart Watches,FOSSIL,144.52
10001835,Garrett Hybrid · Silver,Not specified,Not specified,Not specified,Not specified,AMOLED Display,12 days,Not specified,fitness notifications wearable Stainless Steel,https://www.kaggle.com/datasets/devsubhash/fitness-trackers-products-ecommerce,Flipkart fitness trackers (CC BY-SA 4.0),2026-08-05T06:07:04.985220+00:00,Smart Watches,FOSSIL,126.46
10001836,Garrett · Brown,Not specified,Not specified,Not specified,Not specified,AMOLED Display,1 days,Not specified,fitness notifications wearable Leather,https://www.kaggle.com/datasets/devsubhash/fitness-trackers-products-ecommerce,Flipkart fitness trackers (CC BY-SA 4.0),2026-08-05T06:07:04.985220+00:00,Smart Watches,FOSSIL,108.37
10001837,Gen 3 Q Explorist · Black,Not specified,Not specified,Not specified,Not specified,AMOLED Display,2 days,Not specified,fitness notifications wearable Stainless Steel,https://www.kaggle.com/datasets/devsubhash/fitness-trackers-products-ecommerce,Flipkart fitness trackers (CC BY-SA 4.0),2026-08-05T06:07:04.985220+00:00,Smart Watches,FOSSIL,189.75
10001838,Gen 3 Q Explorist · Blue,Not specified,Not specified,Not specified,Not specified,AMOLED Display,2 days,Not specified,fitness notifications wearable Stainless Steel,https://www.kaggle.com/datasets/devsubhash/fitness-trackers-products-ecommerce,Flipkart fitness trackers (CC BY-SA 4.0),2026-08-05T06:07:04.985220+00:00,Smart Watches,FOSSIL,181.13
10001839,Gen 3 Q Explorist · Grey,Not specified,Not specified,Not specified,Not specified,AMOLED Display,2 days,Not specified,fitness notifications wearable Stainless Steel,https://www.kaggle.com/datasets/devsubhash/fitness-trackers-products-ecommerce,Flipkart fitness trackers (CC BY-SA 4.0),2026-08-05T06:07:04.985220+00:00,Smart Watches,FOSSIL,265.0
10001840,Gen 3 Q Explorist · Silver,Not specified,Not specified,Not specified,Not specified,AMOLED Display,2 days,Not specified,fitness notifications wearable Stainless Steel,https://www.kaggle.com/datasets/devsubhash/fitness-trackers-products-ecommerce,Flipkart fitness trackers (CC BY-SA 4.0),2026-08-05T06:07:04.985220+00:00,Smart Watches,FOSSIL,48.18
10001841,"Gen 3 Q Venture · Black, Gold",Not specified,Not specified,Not specified,Not specified,AMOLED Display,1 days,Not specified,fitness notifications wearable Stainless Steel,https://www.kaggle.com/datasets/devsubhash/fitness-trackers-products-ecommerce,Flipkart fitness trackers (CC BY-SA 4.0),2026-08-05T06:07:04.985220+00:00,Smart Watches,FOSSIL,185.49
10001842,Gen 3 Q Venture · Silver,Not specified,Not specified,Not specified,Not specified,AMOLED Display,1 days,Not specified,fitness notifications wearable Stainless Steel,https://www.kaggle.com/datasets/devsubhash/fitness-trackers-products-ecommerce,Flipkart fitness trackers (CC BY-SA 4.0),2026-08-05T06:07:04.985220+00:00,Smart Watches,FOSSIL,240.9
10001843,Gen 5 Carlyle HR · Black,Not specified,Not specified,Not specified,Not specified,AMOLED Display,2 days,Not specified,fitness notifications wearable Leather,https://www.kaggle.com/datasets/devsubhash/fitness-trackers-products-ecommerce,Flipkart fitness trackers (CC BY-SA 4.0),2026-08-05T06:07:04.985220+00:00,Smart Watches,FOSSIL,192.71
10001844,"Gen 5 Carlyle HR · Brown, Grey",Not specified,Not specified,Not specified,Not specified,AMOLED Display,2 days,Not specified,fitness notifications wearable Leather,https://www.kaggle.com/datasets/devsubhash/fitness-trackers-products-ecommerce,Flipkart fitness trackers (CC BY-SA 4.0),2026-08-05T06:07:04.985220+00:00,Smart Watches,FOSSIL,180.66
10001845,Gen 5 Garrett HR · Black,Not specified,Not specified,Not specified,Not specified,AMOLED Display,2 days,Not specified,fitness notifications wearable Stainless Steel,https://www.kaggle.com/datasets/devsubhash/fitness-trackers-products-ecommerce,Flipkart fitness trackers (CC BY-SA 4.0),2026-08-05T06:07:04.985220+00:00,Smart Watches,FOSSIL,180.66
10001846,Gen 5 Garrett HR · Silver,Not specified,Not specified,Not specified,Not specified,AMOLED Display,2 days,Not specified,fitness notifications wearable Stainless Steel,https://www.kaggle.com/datasets/devsubhash/fitness-trackers-products-ecommerce,Flipkart fitness trackers (CC BY-SA 4.0),2026-08-05T06:07:04.985220+00:00,Smart Watches,FOSSIL,192.71
10001847,Gen 5 Julianna HR · Black,Not specified,Not specified,Not specified,Not specified,AMOLED Display,2 days,Not specified,fitness notifications wearable Stainless Steel,https://www.kaggle.com/datasets/devsubhash/fitness-trackers-products-ecommerce,Flipkart fitness trackers (CC BY-SA 4.0),2026-08-05T06:07:04.985220+00:00,Smart Watches,FOSSIL,228.86
10001848,Gen 5 Julianna HR · Blue,Not specified,Not specified,Not specified,Not specified,AMOLED Display,2 days,Not specified,fitness notifications wearable Stainless Steel,https://www.kaggle.com/datasets/devsubhash/fitness-trackers-products-ecommerce,Flipkart fitness trackers (CC BY-SA 4.0),2026-08-05T06:07:04.985220+00:00,Smart Watches,FOSSIL,192.71
10001849,Gen 5 Julianna HR · Gold,Not specified,Not specified,Not specified,Not specified,AMOLED Display,2 days,Not specified,fitness notifications wearable Stainless Steel,https://www.kaggle.com/datasets/devsubhash/fitness-trackers-products-ecommerce,Flipkart fitness trackers (CC BY-SA 4.0),2026-08-05T06:07:04.985220+00:00,Smart Watches,FOSSIL,222.83
10001850,Gen 5 Julianna HR · Grey,Not specified,Not specified,Not specified,Not specified,AMOLED Display,2 days,Not specified,fitness notifications wearable Stainless Steel,https://www.kaggle.com/datasets/devsubhash/fitness-trackers-products-ecommerce,Flipkart fitness trackers (CC BY-SA 4.0),2026-08-05T06:07:04.985220+00:00,Smart Watches,FOSSIL,192.71
10001851,Gen 5 Julianna HR · Silver,Not specified,Not specified,Not specified,Not specified,AMOLED Display,2 days,Not specified,fitness notifications wearable Stainless Steel,https://www.kaggle.com/datasets/devsubhash/fitness-trackers-products-ecommerce,Flipkart fitness trackers (CC BY-SA 4.0),2026-08-05T06:07:04.985220+00:00,Smart Watches,FOSSIL,222.83
10001852,Gen 5 Julianna HR · White,Not specified,Not specified,Not specified,Not specified,AMOLED Display,2 days,Not specified,fitness notifications wearable Stainless Steel,https://www.kaggle.com/datasets/devsubhash/fitness-trackers-products-ecommerce,Flipkart fitness trackers (CC BY-SA 4.0),2026-08-05T06:07:04.985220+00:00,Smart Watches,FOSSIL,180.66
10001853,"Gen 5E · Black, Silver",Not specified,Not specified,Not specified,Not specified,AMOLED Display,1 days,Not specified,fitness notifications wearable Stainless Steel,https://www.kaggle.com/datasets/devsubhash/fitness-trackers-products-ecommerce,Flipkart fitness trackers (CC BY-SA 4.0),2026-08-05T06:07:04.985220+00:00,Smart Watches,FOSSIL,222.83
10001854,"Gen 5E · Grey, Multicolor",Not specified,Not specified,Not specified,Not specified,AMOLED Display,1 days,Not specified,fitness notifications wearable Stainless Steel,https://www.kaggle.com/datasets/devsubhash/fitness-trackers-products-ecommerce,Flipkart fitness trackers (CC BY-SA 4.0),2026-08-05T06:07:04.985220+00:00,Smart Watches,FOSSIL,222.83
10001855,"Gen 5E · Grey, Multicolor",Not specified,Not specified,Not specified,Not specified,AMOLED Display,1 days,Not specified,fitness notifications wearable Stainless Steel,https://www.kaggle.com/datasets/devsubhash/fitness-trackers-products-ecommerce,Flipkart fitness trackers (CC BY-SA 4.0),2026-08-05T06:07:04.985220+00:00,Smart Watches,FOSSIL,222.83
10001856,Jacqueline Hybrid · Black,Not specified,Not specified,Not specified,Not specified,AMOLED Display,12 days,Not specified,fitness notifications wearable Leather,https://www.kaggle.com/datasets/devsubhash/fitness-trackers-products-ecommerce,Flipkart fitness trackers (CC BY-SA 4.0),2026-08-05T06:07:04.985220+00:00,Smart Watches,FOSSIL,144.52
10001857,Jacqueline Hybrid · Blue,Not specified,Not specified,Not specified,Not specified,AMOLED Display,12 days,Not specified,fitness notifications wearable Leather,https://www.kaggle.com/datasets/devsubhash/fitness-trackers-products-ecommerce,Flipkart fitness trackers (CC BY-SA 4.0),2026-08-05T06:07:04.985220+00:00,Smart Watches,FOSSIL,84.28
10001858,Jacqueline Hybrid · Navy,Not specified,Not specified,Not specified,Not specified,AMOLED Display,12 days,Not specified,fitness notifications wearable Leather,https://www.kaggle.com/datasets/devsubhash/fitness-trackers-products-ecommerce,Flipkart fitness trackers (CC BY-SA 4.0),2026-08-05T06:07:04.985220+00:00,Smart Watches,FOSSIL,108.37
10001859,Jacqueline Hybrid · Rose Gold,Not specified,Not specified,Not specified,Not specified,AMOLED Display,12 days,Not specified,fitness notifications wearable Leather,https://www.kaggle.com/datasets/devsubhash/fitness-trackers-products-ecommerce,Flipkart fitness trackers (CC BY-SA 4.0),2026-08-05T06:07:04.985220+00:00,Smart Watches,FOSSIL,130.07
10001860,Jacqueline Hybrid · Silver,Not specified,Not specified,Not specified,Not specified,AMOLED Display,12 days,Not specified,fitness notifications wearable Leather,https://www.kaggle.com/datasets/devsubhash/fitness-trackers-products-ecommerce,Flipkart fitness trackers (CC BY-SA 4.0),2026-08-05T06:07:04.985220+00:00,Smart Watches,FOSSIL,162.59
10001861,Jacqueline · Gold,Not specified,Not specified,Not specified,Not specified,AMOLED Display,1 days,Not specified,fitness notifications wearable Leather,https://www.kaggle.com/datasets/devsubhash/fitness-trackers-products-ecommerce,Flipkart fitness trackers (CC BY-SA 4.0),2026-08-05T06:07:04.985220+00:00,Smart Watches,FOSSIL,162.59
10001862,Latitude Hybrid HR · Black,Not specified,Not specified,Not specified,Not specified,AMOLED Display,14 days,Not specified,fitness notifications wearable Stainless Steel,https://www.kaggle.com/datasets/devsubhash/fitness-trackers-products-ecommerce,Flipkart fitness trackers (CC BY-SA 4.0),2026-08-05T06:07:04.985220+00:00,Smart Watches,FOSSIL,149.35
10001863,Latitude Hybrid HR · Grey,Not specified,Not specified,Not specified,Not specified,AMOLED Display,14 days,Not specified,fitness notifications wearable Stainless Steel,https://www.kaggle.com/datasets/devsubhash/fitness-trackers-products-ecommerce,Flipkart fitness trackers (CC BY-SA 4.0),2026-08-05T06:07:04.985220+00:00,Smart Watches,FOSSIL,158.99
10001864,"Machine Hybrid · Silver, Brown",Not specified,Not specified,Not specified,Not specified,AMOLED Display,12 days,Not specified,fitness notifications wearable Stainless Steel,https://www.kaggle.com/datasets/devsubhash/fitness-trackers-products-ecommerce,Flipkart fitness trackers (CC BY-SA 4.0),2026-08-05T06:07:04.985220+00:00,Smart Watches,FOSSIL,144.52
10001865,Marshall · Black,Not specified,Not specified,Not specified,Not specified,AMOLED Display,1 days,Not specified,fitness notifications wearable Stainless Steel,https://www.kaggle.com/datasets/devsubhash/fitness-trackers-products-ecommerce,Flipkart fitness trackers (CC BY-SA 4.0),2026-08-05T06:07:04.985220+00:00,Smart Watches,FOSSIL,240.9
10001866,Marshall · Blue,Not specified,Not specified,Not specified,Not specified,AMOLED Display,1 days,Not specified,fitness notifications wearable Stainless Steel,https://www.kaggle.com/datasets/devsubhash/fitness-trackers-products-ecommerce,Flipkart fitness trackers (CC BY-SA 4.0),2026-08-05T06:07:04.985220+00:00,Smart Watches,FOSSIL,240.9
10001867,Marshall · Grey,Not specified,Not specified,Not specified,Not specified,AMOLED Display,1 days,Not specified,fitness notifications wearable Stainless Steel,https://www.kaggle.com/datasets/devsubhash/fitness-trackers-products-ecommerce,Flipkart fitness trackers (CC BY-SA 4.0),2026-08-05T06:07:04.985220+00:00,Smart Watches,FOSSIL,228.86
10001868,Marshall · Silver,Not specified,Not specified,Not specified,Not specified,AMOLED Display,1 days,Not specified,fitness notifications wearable Stainless Steel,https://www.kaggle.com/datasets/devsubhash/fitness-trackers-products-ecommerce,Flipkart fitness trackers (CC BY-SA 4.0),2026-08-05T06:07:04.985220+00:00,Smart Watches,FOSSIL,228.86
10001869,Neely · White,Not specified,Not specified,Not specified,Not specified,AMOLED Display,1 days,Not specified,fitness notifications wearable Leather,https://www.kaggle.com/datasets/devsubhash/fitness-trackers-products-ecommerce,Flipkart fitness trackers (CC BY-SA 4.0),2026-08-05T06:07:04.985220+00:00,Smart Watches,FOSSIL,108.37
10001870,"Neutra Hybrid · Brown, Black",Not specified,Not specified,Not specified,Not specified,AMOLED Display,12 days,Not specified,fitness notifications wearable Leather,https://www.kaggle.com/datasets/devsubhash/fitness-trackers-products-ecommerce,Flipkart fitness trackers (CC BY-SA 4.0),2026-08-05T06:07:04.985220+00:00,Smart Watches,FOSSIL,144.52
10001871,Neutra Hybrid · Silver,Not specified,Not specified,Not specified,Not specified,AMOLED Display,12 days,Not specified,fitness notifications wearable Stainless Steel,https://www.kaggle.com/datasets/devsubhash/fitness-trackers-products-ecommerce,Flipkart fitness trackers (CC BY-SA 4.0),2026-08-05T06:07:04.985220+00:00,Smart Watches,FOSSIL,162.59
10001872,Q ACTIVIST · Brown,Not specified,Not specified,Not specified,Not specified,AMOLED Display,1 days,Not specified,fitness notifications wearable leather,https://www.kaggle.com/datasets/devsubhash/fitness-trackers-products-ecommerce,Flipkart fitness trackers (CC BY-SA 4.0),2026-08-05T06:07:04.985220+00:00,Smart Watches,FOSSIL,84.28
10001873,Q Annette · Gold,Not specified,Not specified,Not specified,Not specified,AMOLED Display,1 days,Not specified,fitness notifications wearable Leather,https://www.kaggle.com/datasets/devsubhash/fitness-trackers-products-ecommerce,Flipkart fitness trackers (CC BY-SA 4.0),2026-08-05T06:07:04.985220+00:00,Smart Watches,FOSSIL,84.28
10001874,Q Annette · Silver,Not specified,Not specified,Not specified,Not specified,AMOLED Display,1 days,Not specified,fitness notifications wearable Silicone,https://www.kaggle.com/datasets/devsubhash/fitness-trackers-products-ecommerce,Flipkart fitness trackers (CC BY-SA 4.0),2026-08-05T06:07:04.985220+00:00,Smart Watches,FOSSIL,84.28
10001875,Q Control · Brown,Not specified,Not specified,Not specified,Not specified,AMOLED Display,1 days,Not specified,fitness notifications wearable Silicone,https://www.kaggle.com/datasets/devsubhash/fitness-trackers-products-ecommerce,Flipkart fitness trackers (CC BY-SA 4.0),2026-08-05T06:07:04.985220+00:00,Smart Watches,FOSSIL,192.71
10001876,Q Control · multicolor,Not specified,Not specified,Not specified,Not specified,AMOLED Display,1 days,Not specified,fitness notifications wearable Silicone,https://www.kaggle.com/datasets/devsubhash/fitness-trackers-products-ecommerce,Flipkart fitness trackers (CC BY-SA 4.0),2026-08-05T06:07:04.985220+00:00,Smart Watches,FOSSIL,192.71
10001877,Q Explorist · Black,Not specified,Not specified,Not specified,Not specified,AMOLED Display,2 days,Not specified,fitness notifications wearable Leather,https://www.kaggle.com/datasets/devsubhash/fitness-trackers-products-ecommerce,Flipkart fitness trackers (CC BY-SA 4.0),2026-08-05T06:07:04.985220+00:00,Smart Watches,FOSSIL,240.9
10001878,Q Founder 2.0 · Black,Not specified,Not specified,Not specified,Not specified,AMOLED Display,1 days,Not specified,fitness notifications wearable Stainless Steel,https://www.kaggle.com/datasets/devsubhash/fitness-trackers-products-ecommerce,Flipkart fitness trackers (CC BY-SA 4.0),2026-08-05T06:07:04.985220+00:00,Smart Watches,FOSSIL,240.9
10001879,Q Founder 2.0 · Blue,Not specified,Not specified,Not specified,Not specified,AMOLED Display,1 days,Not specified,fitness notifications wearable Stainless Steel,https://www.kaggle.com/datasets/devsubhash/fitness-trackers-products-ecommerce,Flipkart fitness trackers (CC BY-SA 4.0),2026-08-05T06:07:04.985220+00:00,Smart Watches,FOSSIL,137.31
10001880,Q Founder · Silver,Not specified,Not specified,Not specified,Not specified,AMOLED Display,1 days,Not specified,fitness notifications wearable Stainless Steel,https://www.kaggle.com/datasets/devsubhash/fitness-trackers-products-ecommerce,Flipkart fitness trackers (CC BY-SA 4.0),2026-08-05T06:07:04.985220+00:00,Smart Watches,FOSSIL,240.9
10001881,Q GRANT · Black,Not specified,Not specified,Not specified,Not specified,AMOLED Display,7 days,Not specified,fitness notifications wearable Stainless Steel,https://www.kaggle.com/datasets/devsubhash/fitness-trackers-products-ecommerce,Flipkart fitness trackers (CC BY-SA 4.0),2026-08-05T06:07:04.985220+00:00,Smart Watches,FOSSIL,84.28
10001882,Q GRANT · Grey,Not specified,Not specified,Not specified,Not specified,AMOLED Display,7 days,Not specified,fitness notifications wearable Stainless Steel,https://www.kaggle.com/datasets/devsubhash/fitness-trackers-products-ecommerce,Flipkart fitness trackers (CC BY-SA 4.0),2026-08-05T06:07:04.985220+00:00,Smart Watches,FOSSIL,84.28
10001883,Q Jacqueline · Gold,Not specified,Not specified,Not specified,Not specified,AMOLED Display,1 days,Not specified,fitness notifications wearable Silicone,https://www.kaggle.com/datasets/devsubhash/fitness-trackers-products-ecommerce,Flipkart fitness trackers (CC BY-SA 4.0),2026-08-05T06:07:04.985220+00:00,Smart Watches,FOSSIL,162.59
10001884,Q Jacqueline · Silver,Not specified,Not specified,Not specified,Not specified,AMOLED Display,1 days,Not specified,fitness notifications wearable Silicone,https://www.kaggle.com/datasets/devsubhash/fitness-trackers-products-ecommerce,Flipkart fitness trackers (CC BY-SA 4.0),2026-08-05T06:07:04.985220+00:00,Smart Watches,FOSSIL,108.37
10001885,Q Machine · Black,Not specified,Not specified,Not specified,Not specified,AMOLED Display,1 days,Not specified,fitness notifications wearable Stainless Steel,https://www.kaggle.com/datasets/devsubhash/fitness-trackers-products-ecommerce,Flipkart fitness trackers (CC BY-SA 4.0),2026-08-05T06:07:04.985220+00:00,Smart Watches,FOSSIL,130.07
10001886,Q MACHINE · Grey,Not specified,Not specified,Not specified,Not specified,AMOLED Display,1 days,Not specified,fitness notifications wearable Stainless Steel,https://www.kaggle.com/datasets/devsubhash/fitness-trackers-products-ecommerce,Flipkart fitness trackers (CC BY-SA 4.0),2026-08-05T06:07:04.985220+00:00,Smart Watches,FOSSIL,84.28
10001887,Q Neely · Black,Not specified,Not specified,Not specified,Not specified,AMOLED Display,2 days,Not specified,fitness notifications wearable Leather,https://www.kaggle.com/datasets/devsubhash/fitness-trackers-products-ecommerce,Flipkart fitness trackers (CC BY-SA 4.0),2026-08-05T06:07:04.985220+00:00,Smart Watches,FOSSIL,84.28
10001888,Q Venture · Beige,Not specified,Not specified,Not specified,Not specified,AMOLED Display,1 days,Not specified,fitness notifications wearable Leather,https://www.kaggle.com/datasets/devsubhash/fitness-trackers-products-ecommerce,Flipkart fitness trackers (CC BY-SA 4.0),2026-08-05T06:07:04.985220+00:00,Smart Watches,FOSSIL,192.71
10001889,Q Venture · Blue,Not specified,Not specified,Not specified,Not specified,AMOLED Display,1 days,Not specified,fitness notifications wearable Leather,https://www.kaggle.com/datasets/devsubhash/fitness-trackers-products-ecommerce,Flipkart fitness trackers (CC BY-SA 4.0),2026-08-05T06:07:04.985220+00:00,Smart Watches,FOSSIL,240.95
10001890,Q Venture · White,Not specified,Not specified,Not specified,Not specified,AMOLED Display,1 days,Not specified,fitness notifications wearable Leather,https://www.kaggle.com/datasets/devsubhash/fitness-trackers-products-ecommerce,Flipkart fitness trackers (CC BY-SA 4.0),2026-08-05T06:07:04.985220+00:00,Smart Watches,FOSSIL,53.0
10001891,Q Wander · Gold,Not specified,Not specified,Not specified,Not specified,AMOLED Display,1 days,Not specified,fitness notifications wearable Stainless Steel,https://www.kaggle.com/datasets/devsubhash/fitness-trackers-products-ecommerce,Flipkart fitness trackers (CC BY-SA 4.0),2026-08-05T06:07:04.985220+00:00,Smart Watches,FOSSIL,240.9
10001892,Q Wander · Silver,Not specified,Not specified,Not specified,Not specified,AMOLED Display,1 days,Not specified,fitness notifications wearable Stainless Steel,https://www.kaggle.com/datasets/devsubhash/fitness-trackers-products-ecommerce,Flipkart fitness trackers (CC BY-SA 4.0),2026-08-05T06:07:04.985220+00:00,Smart Watches,FOSSIL,45.77
10001893,Q Wander · Silver,Not specified,Not specified,Not specified,Not specified,AMOLED Display,1 days,Not specified,fitness notifications wearable Stainless Steel,https://www.kaggle.com/datasets/devsubhash/fitness-trackers-products-ecommerce,Flipkart fitness trackers (CC BY-SA 4.0),2026-08-05T06:07:04.985220+00:00,Smart Watches,FOSSIL,144.54
10001894,Rose Gold HR · Rose Gold,Not specified,Not specified,Not specified,Not specified,AMOLED Display,3 days,Not specified,fitness notifications wearable Stainless Steel,https://www.kaggle.com/datasets/devsubhash/fitness-trackers-products-ecommerce,Flipkart fitness trackers (CC BY-SA 4.0),2026-08-05T06:07:04.985220+00:00,Smart Watches,FOSSIL,265.0
10001895,Rose Gold Smart · Rose Gold,Not specified,Not specified,Not specified,Not specified,AMOLED Display,3 days,Not specified,fitness notifications wearable Stainless Steel,https://www.kaggle.com/datasets/devsubhash/fitness-trackers-products-ecommerce,Flipkart fitness trackers (CC BY-SA 4.0),2026-08-05T06:07:04.985220+00:00,Smart Watches,FOSSIL,265.0
10001896,Sadie Hybrid · Silver,Not specified,Not specified,Not specified,Not specified,AMOLED Display,10 days,Not specified,fitness notifications wearable Stainless Steel,https://www.kaggle.com/datasets/devsubhash/fitness-trackers-products-ecommerce,Flipkart fitness trackers (CC BY-SA 4.0),2026-08-05T06:07:04.985220+00:00,Smart Watches,FOSSIL,108.37
10001897,Sloan HR · Black,Not specified,Not specified,Not specified,Not specified,AMOLED Display,14 days,Not specified,fitness notifications wearable Silicone,https://www.kaggle.com/datasets/devsubhash/fitness-trackers-products-ecommerce,Flipkart fitness trackers (CC BY-SA 4.0),2026-08-05T06:07:04.985220+00:00,Smart Watches,FOSSIL,295.12
10001898,Sloan HR · Blue,Not specified,Not specified,Not specified,Not specified,AMOLED Display,14 days,Not specified,fitness notifications wearable Silicone,https://www.kaggle.com/datasets/devsubhash/fitness-trackers-products-ecommerce,Flipkart fitness trackers (CC BY-SA 4.0),2026-08-05T06:07:04.985220+00:00,Smart Watches,FOSSIL,265.0
10001899,Sloan HR · Gold,Not specified,Not specified,Not specified,Not specified,AMOLED Display,14 days,Not specified,fitness notifications wearable Silicone,https://www.kaggle.com/datasets/devsubhash/fitness-trackers-products-ecommerce,Flipkart fitness trackers (CC BY-SA 4.0),2026-08-05T06:07:04.985220+00:00,Smart Watches,FOSSIL,265.0
10001900,"Sport 41 · Blue, Black, Gray",Not specified,Not specified,Not specified,Not specified,AMOLED Display,2 days,Not specified,fitness notifications wearable Silicone,https://www.kaggle.com/datasets/devsubhash/fitness-trackers-products-ecommerce,Flipkart fitness trackers (CC BY-SA 4.0),2026-08-05T06:07:04.985220+00:00,Smart Watches,FOSSIL,216.81
10001901,"Sport 41 · Red, Green",Not specified,Not specified,Not specified,Not specified,AMOLED Display,2 days,Not specified,fitness notifications wearable Silicone,https://www.kaggle.com/datasets/devsubhash/fitness-trackers-products-ecommerce,Flipkart fitness trackers (CC BY-SA 4.0),2026-08-05T06:07:04.985220+00:00,Smart Watches,FOSSIL,120.42
10001902,Sport 43 · Black,Not specified,Not specified,Not specified,Not specified,AMOLED Display,2 days,Not specified,fitness notifications wearable Silicone,https://www.kaggle.com/datasets/devsubhash/fitness-trackers-products-ecommerce,Flipkart fitness trackers (CC BY-SA 4.0),2026-08-05T06:07:04.985220+00:00,Smart Watches,FOSSIL,120.42
10001903,Sport 43 · Blue,Not specified,Not specified,Not specified,Not specified,AMOLED Display,2 days,Not specified,fitness notifications wearable Silicone,https://www.kaggle.com/datasets/devsubhash/fitness-trackers-products-ecommerce,Flipkart fitness trackers (CC BY-SA 4.0),2026-08-05T06:07:04.985220+00:00,Smart Watches,FOSSIL,120.42
10001904,Sport · Black,Not specified,Not specified,Not specified,Not specified,AMOLED Display,2 days,Not specified,fitness notifications wearable Silicone,https://www.kaggle.com/datasets/devsubhash/fitness-trackers-products-ecommerce,Flipkart fitness trackers (CC BY-SA 4.0),2026-08-05T06:07:04.985220+00:00,Smart Watches,FOSSIL,216.81
10001905,Sport · Grey,Not specified,Not specified,Not specified,Not specified,AMOLED Display,2 days,Not specified,fitness notifications wearable Silicone,https://www.kaggle.com/datasets/devsubhash/fitness-trackers-products-ecommerce,Flipkart fitness trackers (CC BY-SA 4.0),2026-08-05T06:07:04.985220+00:00,Smart Watches,FOSSIL,216.81
10001906,Sport · Multicolor,Not specified,Not specified,Not specified,Not specified,AMOLED Display,2 days,Not specified,fitness notifications wearable Silicone,https://www.kaggle.com/datasets/devsubhash/fitness-trackers-products-ecommerce,Flipkart fitness trackers (CC BY-SA 4.0),2026-08-05T06:07:04.985220+00:00,Smart Watches,FOSSIL,216.81
10001907,Sport · Red,Not specified,Not specified,Not specified,Not specified,AMOLED Display,2 days,Not specified,fitness notifications wearable Silicone,https://www.kaggle.com/datasets/devsubhash/fitness-trackers-products-ecommerce,Flipkart fitness trackers (CC BY-SA 4.0),2026-08-05T06:07:04.985220+00:00,Smart Watches,FOSSIL,216.81
10001908,The Carlyle HR · Black,Not specified,Not specified,Not specified,Not specified,AMOLED Display,14 days,Not specified,fitness notifications wearable Leather,https://www.kaggle.com/datasets/devsubhash/fitness-trackers-products-ecommerce,Flipkart fitness trackers (CC BY-SA 4.0),2026-08-05T06:07:04.985220+00:00,Smart Watches,FOSSIL,313.19
10001909,Wander RG · Black,Not specified,Not specified,Not specified,Not specified,AMOLED Display,5 days,Not specified,fitness notifications wearable Silicone,https://www.kaggle.com/datasets/devsubhash/fitness-trackers-products-ecommerce,Flipkart fitness trackers (CC BY-SA 4.0),2026-08-05T06:07:04.985220+00:00,Smart Watches,FOSSIL,228.86
10001910,"Approach S12 · Black, White",Not specified,Not specified,Not specified,Not specified,OLED Display,12 days,Not specified,fitness notifications wearable Silicone,https://www.kaggle.com/datasets/devsubhash/fitness-trackers-products-ecommerce,Flipkart fitness trackers (CC BY-SA 4.0),2026-08-05T06:07:04.985220+00:00,Smart Watches,GARMIN,228.8
10001911,"Approach S20 · Black, White",Not specified,Not specified,Not specified,Not specified,OLED Display,12 days,Not specified,fitness notifications wearable Silicone,https://www.kaggle.com/datasets/devsubhash/fitness-trackers-products-ecommerce,Flipkart fitness trackers (CC BY-SA 4.0),2026-08-05T06:07:04.985220+00:00,Smart Watches,GARMIN,192.65
10001912,"Approach S62 · White, Black",Not specified,Not specified,Not specified,Not specified,OLED Display,12 days,Not specified,fitness notifications wearable Silicone,https://www.kaggle.com/datasets/devsubhash/fitness-trackers-products-ecommerce,Flipkart fitness trackers (CC BY-SA 4.0),2026-08-05T06:07:04.985220+00:00,Smart Watches,GARMIN,566.14
10001913,Fenix 5 · Black,Not specified,Not specified,Not specified,Not specified,AMOLED Display,30 days,Not specified,fitness notifications wearable Silicone,https://www.kaggle.com/datasets/devsubhash/fitness-trackers-products-ecommerce,Flipkart fitness trackers (CC BY-SA 4.0),2026-08-05T06:07:04.985220+00:00,Smart Watches,GARMIN,578.19
10001914,Fenix 5S Frost Blue · Blue Sapphire,Not specified,Not specified,Not specified,Not specified,AMOLED Display,30 days,Not specified,fitness notifications wearable Silicone,https://www.kaggle.com/datasets/devsubhash/fitness-trackers-products-ecommerce,Flipkart fitness trackers (CC BY-SA 4.0),2026-08-05T06:07:04.985220+00:00,Smart Watches,GARMIN,481.81
10001915,Fenix 5S Plus · Blue Sapphire,Not specified,Not specified,Not specified,Not specified,AMOLED Display,30 days,Not specified,fitness notifications wearable Silicone,https://www.kaggle.com/datasets/devsubhash/fitness-trackers-products-ecommerce,Flipkart fitness trackers (CC BY-SA 4.0),2026-08-05T06:07:04.985220+00:00,Smart Watches,GARMIN,602.29
10001916,"Fenix 5s · Black, White",Not specified,Not specified,Not specified,Not specified,AMOLED Display,30 days,Not specified,fitness notifications wearable Silicone,https://www.kaggle.com/datasets/devsubhash/fitness-trackers-products-ecommerce,Flipkart fitness trackers (CC BY-SA 4.0),2026-08-05T06:07:04.985220+00:00,Smart Watches,GARMIN,421.57
10001917,Fenix 5s · Blue Sapphire,Not specified,Not specified,Not specified,Not specified,AMOLED Display,30 days,Not specified,fitness notifications wearable Silicone,https://www.kaggle.com/datasets/devsubhash/fitness-trackers-products-ecommerce,Flipkart fitness trackers (CC BY-SA 4.0),2026-08-05T06:07:04.985220+00:00,Smart Watches,GARMIN,662.53
10001918,"Fenix 5X Plus · White, Black",Not specified,Not specified,Not specified,Not specified,AMOLED Display,30 days,Not specified,fitness notifications wearable Silicone,https://www.kaggle.com/datasets/devsubhash/fitness-trackers-products-ecommerce,Flipkart fitness trackers (CC BY-SA 4.0),2026-08-05T06:07:04.985220+00:00,Smart Watches,GARMIN,722.77
10001919,Fenix 5X · Black,Not specified,Not specified,Not specified,Not specified,OLED Display,30 days,Not specified,fitness notifications wearable Silicone,https://www.kaggle.com/datasets/devsubhash/fitness-trackers-products-ecommerce,Flipkart fitness trackers (CC BY-SA 4.0),2026-08-05T06:07:04.985220+00:00,Smart Watches,GARMIN,704.7
10001920,"Fenix 6 Pro Solar · Grey, Black",Not specified,Not specified,Not specified,Not specified,AMOLED Display,45 days,Not specified,fitness notifications wearable Nylon,https://www.kaggle.com/datasets/devsubhash/fitness-trackers-products-ecommerce,Flipkart fitness trackers (CC BY-SA 4.0),2026-08-05T06:07:04.985220+00:00,Smart Watches,GARMIN,879.4
10001921,Fenix 6 Pro Solar · Yellow,Not specified,Not specified,Not specified,Not specified,AMOLED Display,45 days,Not specified,fitness notifications wearable Nylon,https://www.kaggle.com/datasets/devsubhash/fitness-trackers-products-ecommerce,Flipkart fitness trackers (CC BY-SA 4.0),2026-08-05T06:07:04.985220+00:00,Smart Watches,GARMIN,1017.95
10001922,Fenix 6 Sapphire Gray DLC · Black,Not specified,Not specified,Not specified,Not specified,AMOLED Display,30 days,Not specified,fitness notifications wearable Leather,https://www.kaggle.com/datasets/devsubhash/fitness-trackers-products-ecommerce,Flipkart fitness trackers (CC BY-SA 4.0),2026-08-05T06:07:04.985220+00:00,Smart Watches,GARMIN,903.49
10001923,Fenix 6 Sapphire Titanium · Blue Sapphire,Not specified,Not specified,Not specified,Not specified,AMOLED Display,45 days,Not specified,fitness notifications wearable Leather,https://www.kaggle.com/datasets/devsubhash/fitness-trackers-products-ecommerce,Flipkart fitness trackers (CC BY-SA 4.0),2026-08-05T06:07:04.985220+00:00,Smart Watches,GARMIN,987.83
10001924,"Fenix 6 · Black, Grey",Not specified,Not specified,Not specified,Not specified,OLED Display,30 days,Not specified,fitness notifications wearable Leather,https://www.kaggle.com/datasets/devsubhash/fitness-trackers-products-ecommerce,Flipkart fitness trackers (CC BY-SA 4.0),2026-08-05T06:07:04.985220+00:00,Smart Watches,GARMIN,903.49
10001925,"Fenix 6 · Black, Red, Orange",Not specified,Not specified,Not specified,Not specified,LED Display,30 days,Not specified,fitness notifications wearable Nylon,https://www.kaggle.com/datasets/devsubhash/fitness-trackers-products-ecommerce,Flipkart fitness trackers (CC BY-SA 4.0),2026-08-05T06:07:04.985220+00:00,Smart Watches,GARMIN,927.59
10001926,"Fenix 6 · Grey, Blue",Not specified,Not specified,Not specified,Not specified,OLED Display,45 days,Not specified,fitness notifications wearable Nylon,https://www.kaggle.com/datasets/devsubhash/fitness-trackers-products-ecommerce,Flipkart fitness trackers (CC BY-SA 4.0),2026-08-05T06:07:04.985220+00:00,Smart Watches,GARMIN,939.64
10001927,"Fenix 6S · Black, Grey",Not specified,Not specified,Not specified,Not specified,LED Display,30 days,Not specified,fitness notifications wearable Stainless Steel,https://www.kaggle.com/datasets/devsubhash/fitness-trackers-products-ecommerce,Flipkart fitness trackers (CC BY-SA 4.0),2026-08-05T06:07:04.985220+00:00,Smart Watches,GARMIN,855.3
10001928,"Fenix 6S · Black, White",Not specified,Not specified,Not specified,Not specified,AMOLED Display,45 days,Not specified,fitness notifications wearable Nylon,https://www.kaggle.com/datasets/devsubhash/fitness-trackers-products-ecommerce,Flipkart fitness trackers (CC BY-SA 4.0),2026-08-05T06:07:04.985220+00:00,Smart Watches,GARMIN,939.64
10001929,"Fenix 6X Solar · Black, Grey",Not specified,Not specified,Not specified,Not specified,AMOLED Display,45 days,Not specified,fitness notifications wearable Leather,https://www.kaggle.com/datasets/devsubhash/fitness-trackers-products-ecommerce,Flipkart fitness trackers (CC BY-SA 4.0),2026-08-05T06:07:04.985220+00:00,Smart Watches,GARMIN,1276.99
10001930,"Fenix 6X · Black, Orange, Red",Not specified,Not specified,Not specified,Not specified,AMOLED Display,45 days,Not specified,fitness notifications wearable Nylon,https://www.kaggle.com/datasets/devsubhash/fitness-trackers-products-ecommerce,Flipkart fitness trackers (CC BY-SA 4.0),2026-08-05T06:07:04.985220+00:00,Smart Watches,GARMIN,963.73
10001931,"Fenix 6X · Bluw, White",Not specified,Not specified,Not specified,Not specified,OLED Display,45 days,Not specified,fitness notifications wearable Leather,https://www.kaggle.com/datasets/devsubhash/fitness-trackers-products-ecommerce,Flipkart fitness trackers (CC BY-SA 4.0),2026-08-05T06:07:04.985220+00:00,Smart Watches,GARMIN,1048.07
10001932,Fenix · Black,Not specified,Not specified,Not specified,Not specified,AMOLED Display,30 days,Not specified,fitness notifications wearable Leather,https://www.kaggle.com/datasets/devsubhash/fitness-trackers-products-ecommerce,Flipkart fitness trackers (CC BY-SA 4.0),2026-08-05T06:07:04.985220+00:00,Smart Watches,GARMIN,662.53
10001933,Forerunner 235 Activity Tracker · Black,Not specified,Not specified,Not specified,Not specified,AMOLED Display,14 days,Not specified,fitness notifications wearable Silicone,https://www.kaggle.com/datasets/devsubhash/fitness-trackers-products-ecommerce,Flipkart fitness trackers (CC BY-SA 4.0),2026-08-05T06:07:04.985220+00:00,Smart Watches,GARMIN,276.99
10001934,AfterShokz - Sportz Titanium with Mic Behind-the-Neck Headphones - Onyx Black,Not applicable,Not applicable,Not applicable,Not applicable,Not applicable,Not specified,0.09 pounds,music audio travel office,https://reviews.bestbuy.com/3545/5803511/reviews.htm%25253Fformat%25253Dembedded%252526page%25253D3,Datafiniti electronics pricing (CC0),2026-08-05T06:07:04.985220+00:00,Headphones,AfterShokz,59.95
10001935,AfterShokz Sportz Titanium Open Ear Wired Bone Conduction Headphones,Not applicable,Not applicable,Not applicable,Not applicable,Not applicable,Not specified,7.8 ounces,music audio travel office,https://www.amazon.com/AfterShokz-Titanium-Conduction-Headphones-AS401XB/dp/B01N2OOJY8/,Datafiniti electronics pricing (CC0),2026-08-05T06:07:04.985220+00:00,Headphones,Aftershokz,49.95
10001936,AudioQuest - DragonFly Black USB DAC and Headphone Amp v1.5 - Black,Not applicable,Not applicable,Not applicable,Not applicable,Not applicable,Not specified,6.2 ounces,music audio travel office,https://reviews.bestbuy.com/3545/5312905/reviews.htm%2525253Fformat%2525253Dembedded%25252526page%2525253D2,Datafiniti electronics pricing (CC0),2026-08-05T06:07:04.985220+00:00,Headphones,AudioQuest,99.35
10001937,AudioQuest NightOwl Carbon Closed-Back Around-the-Ear Headphones,Not applicable,Not applicable,Not applicable,Not applicable,Not applicable,Not specified,0.66 lb 10.6 ounces,music audio travel office,https://www.bestbuy.com/site/audioquest-nightowl-over-the-ear-headphones-black/5751302.p%25253FskuId%25253D5751302,Datafiniti electronics pricing (CC0),2026-08-05T06:07:04.985220+00:00,Headphones,Audioquest,599.98
10001938,Beats Solo 2 Wireless On-Ear Headphone - White-(Certified Refurbished),Not applicable,Not applicable,Not applicable,Not applicable,Not applicable,Not specified,1.8 pounds,music audio travel office,http://reviews.bestbuy.com/3545/9931099/reviews.htm?format=embedded&page=401,Datafiniti electronics pricing (CC0),2026-08-05T06:07:04.985220+00:00,Headphones,Beats,227.99
10001939,Bose SoundTrue around-ear headphones II - Apple devices,Not applicable,Not applicable,Not applicable,Not applicable,Not applicable,Not specified,1.15 pounds,music audio travel office,http://www.walmart.com/ip/Bose-SoundTrue-Around-ear-Headphones-II-Apple-Devices-Stereo-Refurbished/50287983,Datafiniti electronics pricing (CC0),2026-08-05T06:07:04.985220+00:00,Headphones,Bose,114.49
10001940,Details About Bose Quietcomfort 35 Noise Cancelling Wireless Headphones Series Ii Qc35 Black,Not applicable,Not applicable,Not applicable,Not applicable,Not applicable,Not specified,10.9 oz,music audio travel office,https://reviews.bestbuy.com/3545/5876115/reviews.htm%2525253Fformat%2525253Dembedded%25252526page%2525253D12,Datafiniti electronics pricing (CC0),2026-08-05T06:07:04.985220+00:00,Headphones,Bose,349.0
10001941,Bose® - SoundSport® In-Ear Headphones (Android) - Charcoal,Not applicable,Not applicable,Not applicable,Not applicable,Not applicable,Not specified,0.04 pounds,music audio travel office,https://reviews.bestbuy.com/3545/4338604/reviews.htm%2525253Fformat%2525253Dembedded%25252526page%2525253D63,Datafiniti electronics pricing (CC0),2026-08-05T06:07:04.985220+00:00,Headphones,Bose®,99.5
10001942,Flyer Wireless Fitness Headphones (Nightfall Blue),Not applicable,Not applicable,Not applicable,Not applicable,Not applicable,Not specified,0.7 oz,music audio travel office,https://reviews.bestbuy.com/3545/6112525/reviews.htm%2525253Fformat%2525253Dembedded,Datafiniti electronics pricing (CC0),2026-08-05T06:07:04.985220+00:00,Headphones,Fitbit,114.97
10001943,House of Marley EM-DH003-PS TTR Noise-Cancelling Over-Ear Headphones (Black),Not applicable,Not applicable,Not applicable,Not applicable,Not applicable,Not specified,2 lbs 2 pounds,music audio travel office,http://reviews.bestbuy.com/3545/2866123/reviews.htm%3Fformat%3Dembedded,Datafiniti electronics pricing (CC0),2026-08-05T06:07:04.985220+00:00,Headphones,House Of Marley,299.99
10001944,The Rebel BT On-Ear Wireless Bluetooth Headphones (Black),Not applicable,Not applicable,Not applicable,Not applicable,Not applicable,Not specified,15.2 ounces,music audio travel office,https://reviews.bestbuy.com/3545/5688025/reviews.htm%2525253Fformat%2525253Dembedded,Datafiniti electronics pricing (CC0),2026-08-05T06:07:04.985220+00:00,Headphones,House of Marley,38.49
10001945,Refurbished Jaybird F5-S-B Freedom F5 In-Ear Wireless Headphones - Carbon,Not applicable,Not applicable,Not applicable,Not applicable,Not applicable,Not specified,9.9 ounces,music audio travel office,https://www.walmart.com/ip/Refurbished-Jaybird-F5-S-B-Freedom-F5-In-Ear-Wireless-Headphones-Carbon/641895561,Datafiniti electronics pricing (CC0),2026-08-05T06:07:04.985220+00:00,Headphones,Jaybird,134.99
10001946,Everest Elite 700 Around-Ear Wireless Headphones (White),Not applicable,Not applicable,Not applicable,Not applicable,Not applicable,Not specified,10.8 oz,music audio travel office,https://www.bhphotovideo.com/c/product/1240681-REG/jbl_v700nxtwht_everest_elite_700_around_ear.html,Datafiniti electronics pricing (CC0),2026-08-05T06:07:04.985220+00:00,Headphones,JBL,299.95
10001947,JBL - Free True Wireless In-Ear Headphones - Black,Not applicable,Not applicable,Not applicable,Not applicable,Not applicable,Not specified,0.22 pounds,music audio travel office,https://reviews.bestbuy.com/3545/6092622/reviews.htm%2525253Fformat%2525253Dembedded%25252526page%2525253D4,Datafiniti electronics pricing (CC0),2026-08-05T06:07:04.985220+00:00,Headphones,JBL,149.95
10001948,JBL - Reflect Contour 2 Wireless In-Ear Headphones - Black,Not applicable,Not applicable,Not applicable,Not applicable,Not applicable,Not specified,6.4 ounces,music audio travel office,https://reviews.bestbuy.com/3545/6197133/reviews.htm%253Fformat%253Dembedded%2526page%253D2,Datafiniti electronics pricing (CC0),2026-08-05T06:07:04.985220+00:00,Headphones,JBL,99.99
10001949,JBL Everest 310 On-Ear Wireless Bluetooth Headphones (Gun Metal),Not applicable,Not applicable,Not applicable,Not applicable,Not applicable,Not specified,1.98 lbs 1.98 pounds,music audio travel office,http://www.bestbuy.com/site/products/5840131.p,Datafiniti electronics pricing (CC0),2026-08-05T06:07:04.985220+00:00,Headphones,Jbl,199.95
10001950,JBL Everest 710 Silver Over-Ear Wireless Bluetooth Headphones (Silver),Not applicable,Not applicable,Not applicable,Not applicable,Not applicable,Not specified,1.98 lbs 1.98 pounds,music audio travel office,https://www.bestbuy.com/site/products/5840127.p,Datafiniti electronics pricing (CC0),2026-08-05T06:07:04.985220+00:00,Headphones,Jbl,234.97
10001951,JBL Everest 750 Over-Ear Wireless Bluetooth Headphones (Gun Metal),Not applicable,Not applicable,Not applicable,Not applicable,Not applicable,Not specified,2 lbs 2 pounds,music audio travel office,https://reviews.bestbuy.com/3545/5840136/reviews.htm%25253Fformat%25253Dembedded%252526page%25253D9,Datafiniti electronics pricing (CC0),2026-08-05T06:07:04.985220+00:00,Headphones,Jbl,299.95
10001952,JBL Everest Elite 100 NXTGen Noise-Cancelling Bluetooth In-Ear Headphones Black,Not applicable,Not applicable,Not applicable,Not applicable,Not applicable,Not specified,0.85 lb 13.6 ounces,music audio travel office,http://reviews.bestbuy.com/3545/4403500/reviews.htm%2525253Fformat%2525253Dembedded%25252526page%2525253D2,Datafiniti electronics pricing (CC0),2026-08-05T06:07:04.985220+00:00,Headphones,JBL,149.97
10001953,JBL Reflect Contour 2 Wireless Sport In-Ear Headphones with Three-Button Remote and Microphone (Blue),Not applicable,Not applicable,Not applicable,Not applicable,Not applicable,Not specified,8 ounces,music audio travel office,https://www.bestbuy.com/site/jbl-reflect-contour-2-wireless-in-ear-headphones-blue/6197134.p%25253FskuId%25253D6197134,Datafiniti electronics pricing (CC0),2026-08-05T06:07:04.985220+00:00,Headphones,JBL,99.97
10001954,JBL Under Armour Sport Wireless Heart Rate In-Ear Headphones Black,Not applicable,Not applicable,Not applicable,Not applicable,Not applicable,Not specified,10.4 ounces,music audio travel office,http://reviews.bestbuy.com/3545/5613510/reviews.htm%3Fformat%3Dembedded%26page%3D10,Datafiniti electronics pricing (CC0),2026-08-05T06:07:04.985220+00:00,Headphones,JBL,98.99
10001955,Under Armour Sport Wireless Flex Neckband In-Ear Headphones,Not applicable,Not applicable,Not applicable,Not applicable,Not applicable,Not specified,11.7 ounces,music audio travel office,https://reviews.bestbuy.com/3545/6180317/reviews.htm%252525253Fformat%252525253Dembedded%2525252526page%252525253D7,Datafiniti electronics pricing (CC0),2026-08-05T06:07:04.985220+00:00,Headphones,JBL,129.95
10001956,Klipsch AW-4i In-Ear Headphones,Not applicable,Not applicable,Not applicable,Not applicable,Not applicable,Not specified,0.48 ounces 0.48 ounces,music audio travel office,https://www.bhphotovideo.com/c/product/1162518-REG/klipsch_1062330_aw_4i_sports_earphones.html,Datafiniti electronics pricing (CC0),2026-08-05T06:07:04.985220+00:00,Headphones,Klipsch,59.0
10001957,R6i In-Ear Headphones (Black),Not applicable,Not applicable,Not applicable,Not applicable,Not applicable,Not specified,0.5 oz,music audio travel office,http://reviews.bestbuy.com/3545/4945011/reviews.htm?format=embedded&page=36,Datafiniti electronics pricing (CC0),2026-08-05T06:07:04.985220+00:00,Headphones,Klipsch,62.47
10001958,Klipsch X20i In-Ear Headphones,Not applicable,Not applicable,Not applicable,Not applicable,Not applicable,Not specified,0.64 ounces 0.64 ounces,music audio travel office,https://reviews.bestbuy.com/3545/4918500/reviews.htm%3Fformat%3Dembedded,Datafiniti electronics pricing (CC0),2026-08-05T06:07:04.985220+00:00,Headphones,Klipsch Xr8i In-Ear Headphones,494.0
10001959,Logitech G433 7.1 Wired Gaming Headset with DTS Headphone: X 7.1 Surround for PC,Not applicable,Not applicable,Not applicable,Not applicable,Not applicable,Not specified,3.68 ounces 3.68 ounces,music audio travel office,http://www.officedepot.com/a/products/705107/Logitech-G433-Wired-Gaming-Headset-Black/,Datafiniti electronics pricing (CC0),2026-08-05T06:07:04.985220+00:00,Headphones,Logitech,99.99
10001960,Logitech G933 Artemis Spectrum – Wireless RGB 7.1 Dolby and DST Headphone Surround Sound Gaming Headset – PC,Not applicable,Not applicable,Not applicable,Not applicable,Not applicable,Not specified,1.8 lbs 1.8 pounds,music audio travel office,https://reviews.bestbuy.com/3545/4384801/reviews.htm%2525253Fformat%2525253Dembedded%25252526page%2525253D141,Datafiniti electronics pricing (CC0),2026-08-05T06:07:04.985220+00:00,Headphones,Logitech,109.97
10001961,M-Audio - Over-the-Ear Headphones - Black,Not applicable,Not applicable,Not applicable,Not applicable,Not applicable,Not specified,0.56 pounds,music audio travel office,http://www.ebay.com/itm/M-Audio-HDH50-High-Definition-Professional-Studio-Monitor-Headphones/122408014624,Datafiniti electronics pricing (CC0),2026-08-05T06:07:04.985220+00:00,Headphones,M-Audio,160.0
10001962,Master and Dynamic - MW60 Over-the-Ear Wireless Headphones - Silver Metal/Brown Leather,Not applicable,Not applicable,Not applicable,Not applicable,Not applicable,Not specified,0.8 pounds,music audio travel office,http://reviews.bestbuy.com/3545/5881000/reviews.htm%25253Fformat%25253Dembedded%252526page%25253D3,Datafiniti electronics pricing (CC0),2026-08-05T06:07:04.985220+00:00,Headphones,Master & Dynamic,549.98
10001963,MH30 Foldable On-Ear Headphones (Brown/Silver),Not applicable,Not applicable,Not applicable,Not applicable,Not applicable,Not specified,9.2 oz,music audio travel office,https://www.amazon.com/Master-Dynamic-MH30-Ear-Headphone/dp/B00Q3JB4MK/,Datafiniti electronics pricing (CC0),2026-08-05T06:07:04.985220+00:00,Headphones,Master Dynamic,299.0
10001964,Air-Fi Runaway AF32 Stereo Bluetooth Wireless Headphones with Hidden Microphone (Black and Red),Not applicable,Not applicable,Not applicable,Not applicable,Not applicable,Not specified,3.88 oz,music audio travel office,http://www.bestbuy.com/site/meelectronics-air-fi-af32-wireless-headphones-red-black/6264167.p?id=1218725899293&skuId=6264167&st=874RB-32X32&cp=1&lp=24,Datafiniti electronics pricing (CC0),2026-08-05T06:07:04.985220+00:00,Headphones,MEE audio,49.99
10001965,Air-Fi Runaway AF32 Stereo Bluetooth Wireless Headphones with Hidden Microphone (Black),Not applicable,Not applicable,Not applicable,Not applicable,Not applicable,Not specified,3.88 oz,music audio travel office,http://reviews.bestbuy.com/3545/8826505/reviews.htm?format=embedded&page=3,Datafiniti electronics pricing (CC0),2026-08-05T06:07:04.985220+00:00,Headphones,MEE audio,35.99
10001966,Connect Dual-Headphone Bluetooth Audio Transmitter,Not applicable,Not applicable,Not applicable,Not applicable,Not applicable,Not specified,1.1 oz,music audio travel office,http://reviews.bestbuy.com/3545/5471900/reviews.htm%25253Fformat%25253Dembedded,Datafiniti electronics pricing (CC0),2026-08-05T06:07:04.985220+00:00,Headphones,MEE audio,54.99
10001967,MEE audio X7 Stereo Bluetooth Wireless Sports In-Ear Headphones Blue (EP-X7-BLBK-MEE),Not applicable,Not applicable,Not applicable,Not applicable,Not applicable,Not specified,0.8 ounces 0.8 ounces,music audio travel office,https://www.amazon.com/MEE-audio-Bluetooth-Headphones-EP-X7-BLBK-MEE/dp/B06XFW7R7W/,Datafiniti electronics pricing (CC0),2026-08-05T06:07:04.985220+00:00,Headphones,Mee Audio,43.69
10001968,Pinnacle P1 High Fidelity Audiophile In-Ear Headphones,Not applicable,Not applicable,Not applicable,Not applicable,Not applicable,Not specified,1 oz,music audio travel office,https://www.amazon.com/MEE-audio-Audiophile-Headphones-Detachable/dp/B01A60I4P6/,Datafiniti electronics pricing (CC0),2026-08-05T06:07:04.985220+00:00,Headphones,MEE audio,199.0
10001969,Monster - iSport Achieve In-Ear Wireless Headphones - Green,Not applicable,Not applicable,Not applicable,Not applicable,Not applicable,Not specified,0.99 ounces 0.96 ounces,music audio travel office,https://www.walmart.com/ip/Monster-iSport-Achieve-In-Ear-Bluetooth-Headphones-with-Microphone/344038693,Datafiniti electronics pricing (CC0),2026-08-05T06:07:04.985220+00:00,Headphones,Monster,59.95
10001970,House of Marley - TTR Over-the-Ear Headphones - Silver/Black,Not applicable,Not applicable,Not applicable,Not applicable,Not applicable,Not specified,2.9 pounds,music audio travel office,http://www.amazon.com/House-Marley-EM-DH003-IO-Collection-Headphones/dp/B005FO2CAW,Datafiniti electronics pricing (CC0),2026-08-05T06:07:04.985220+00:00,Headphones,ONLINE,132.82
10001971,Level Active Wireless In-Ear Headphones (Black),Not applicable,Not applicable,Not applicable,Not applicable,Not applicable,Not specified,0.8 ounces,music audio travel office,https://www.bhphotovideo.com/c/product/801616267-USE/samsung_eo_bg930cbegus_level_active_wireless_in_ear.html,Datafiniti electronics pricing (CC0),2026-08-05T06:07:04.985220+00:00,Headphones,Samsung,56.99
10001972,Details About *new~sennheiser Hd 4.50 Btnc Wireless Noise Cancelling Headphones~touch Controls,Not applicable,Not applicable,Not applicable,Not applicable,Not applicable,Not specified,8.4 oz,music audio travel office,https://www.bestbuy.com/site/sennheiser-hd-4-50-btnc-wireless-over-the-ear-noise-canceling-headphones-black/5826900.p%2525253FskuId%2525253D5826900,Datafiniti electronics pricing (CC0),2026-08-05T06:07:04.985220+00:00,Headphones,Sennheiser,199.95
10001973,HD 4.40 BT Wireless Bluetooth Headphones,Not applicable,Not applicable,Not applicable,Not applicable,Not applicable,Not specified,7.9 oz,music audio travel office,https://www.walmart.com/ip/Sennheiser-HD-4-40-Wireless-Over-Ear-Bluetooth-Headphones-Black/868856753,Datafiniti electronics pricing (CC0),2026-08-05T06:07:04.985220+00:00,Headphones,Sennheiser,149.95
10001974,RS 195 Digital Wireless Headphone System,Not applicable,Not applicable,Not applicable,Not applicable,Not applicable,Not specified,12 oz,music audio travel office,https://reviews.bestbuy.com/3545/3427017/reviews.htm%252525253Fformat%252525253Dembedded%2525252526page%252525253D3,Datafiniti electronics pricing (CC0),2026-08-05T06:07:04.985220+00:00,Headphones,Sennheiser,449.95
10001975,Sennheiser - CX 3.00 Earbud Headphones - Red,Not applicable,Not applicable,Not applicable,Not applicable,Not applicable,Not specified,1 pounds,music audio travel office,http://www.amazon.com/Sennheiser-CX-3-00-Red-Headphone/dp/B00NQ17SKU,Datafiniti electronics pricing (CC0),2026-08-05T06:07:04.985220+00:00,Headphones,Sennheiser,33.99
10001976,Sennheiser - Digital Headphone Amplifier - Silver,Not applicable,Not applicable,Not applicable,Not applicable,Not applicable,Not specified,4.9 pounds,music audio travel office,https://www.bestbuy.com/site/sennheiser-digital-headphone-amplifier-silver/8862206.p%253FskuId%253D8862206,Datafiniti electronics pricing (CC0),2026-08-05T06:07:04.985220+00:00,Headphones,Sennheiser,2199.98
10001977,Sennheiser - Earbud Headphones - Black,Not applicable,Not applicable,Not applicable,Not applicable,Not applicable,Not specified,0.02 pounds,music audio travel office,https://www.amazon.com/Sennheiser-800-Audiophile-Canal-Headphones/dp/B00A34TU7W/,Datafiniti electronics pricing (CC0),2026-08-05T06:07:04.985220+00:00,Headphones,Sennheiser,704.97
10001978,Sennheiser - HD 599 Over-the-Ear Headphones HD 5 - Brown/ivory/matte metallic,Not applicable,Not applicable,Not applicable,Not applicable,Not applicable,Not specified,1.59 pounds,music audio travel office,https://reviews.bestbuy.com/3545/5701600/reviews.htm%253Fformat%253Dembedded,Datafiniti electronics pricing (CC0),2026-08-05T06:07:04.985220+00:00,Headphones,Sennheiser,224.96
10001979,Sennheiser - HD 660 S Over-the-Ear Headphones - Matte Black and Anthracite,Not applicable,Not applicable,Not applicable,Not applicable,Not applicable,Not specified,0.6 pounds,music audio travel office,https://www.amazon.com/Sennheiser-HD-660-Audiophile-Headphone/dp/B076HP574T/,Datafiniti electronics pricing (CC0),2026-08-05T06:07:04.985220+00:00,Headphones,Sennheiser,499.97
10001980,Sennheiser - HD 800 Over-the-Ear Headphones - Silver/Black,Not applicable,Not applicable,Not applicable,Not applicable,Not applicable,Not specified,0.575 pounds,music audio travel office,https://www.bhphotovideo.com/c/product/609146-REG/Sennheiser_HD_800_HD_800_Dynamic_Open_Back.html,Datafiniti electronics pricing (CC0),2026-08-05T06:07:04.985220+00:00,Headphones,Sennheiser,1399.97
10001981,Sennheiser - RS 175 Over-the-Ear Wireless Headphone System - Black,Not applicable,Not applicable,Not applicable,Not applicable,Not applicable,Not specified,0.684 pounds,music audio travel office,http://reviews.bestbuy.com/3545/2822013/reviews.htm%25253Fformat%25253Dembedded%252526page%25253D27,Datafiniti electronics pricing (CC0),2026-08-05T06:07:04.985220+00:00,Headphones,Sennheiser,279.9
10001982,Sennheiser CX 7.00BT Wireless In-Ear Headphone,Not applicable,Not applicable,Not applicable,Not applicable,Not applicable,Not specified,0.5 lb 8 ounces,music audio travel office,https://www.bhphotovideo.com/c/product/1367734-REG/sennheiser_507357_cx_7_00_bt_in_ear.html,Datafiniti electronics pricing (CC0),2026-08-05T06:07:04.985220+00:00,Headphones,Sennheiser,149.95
10001983,SENNHEISER HD 558 Over Ear Headphones HD558 - AUTHORIZED DEALER,Not applicable,Not applicable,Not applicable,Not applicable,Not applicable,Not specified,1.6 pounds,music audio travel office,https://www.ebay.com/urw/product-reviews/132893314?_itm=132306095258,Datafiniti electronics pricing (CC0),2026-08-05T06:07:04.985220+00:00,Headphones,Sennheiser,99.98
10001984,Grind Headphones with Single-Button TapTech and Mic (Black),Not applicable,Not applicable,Not applicable,Not applicable,Not applicable,Not specified,13.4 ounces,music audio travel office,https://www.bhphotovideo.com/c/product/1172599-REG/skullcandy_s5grht_448_grind_headphones_with_mic.html,Datafiniti electronics pricing (CC0),2026-08-05T06:07:04.985220+00:00,Headphones,Skullcandy,62.45
10001985,Relays Sports Wireless In-Ear Headphones (Gray),Not applicable,Not applicable,Not applicable,Not applicable,Not applicable,Not specified,0.07 pounds,music audio travel office,https://www.amazon.com/SOL-REPUBLIC-SOL-EP1170-Bluetooth-Headphones/dp/B016O5H3HM/,Datafiniti electronics pricing (CC0),2026-08-05T06:07:04.985220+00:00,Headphones,SOL REPUBLIC,59.99
10001986,Sol Republic - Amps Air True Wireless In-Ear Headphones - Black,Not applicable,Not applicable,Not applicable,Not applicable,Not applicable,Not specified,0.27 pounds,music audio travel office,http://reviews.bestbuy.com/3545/5635600/reviews.htm%253Fformat%253Dembedded%2526page%253D24,Datafiniti electronics pricing (CC0),2026-08-05T06:07:04.985220+00:00,Headphones,Sol Republic,179.99
10001987,Details About Sony Wh1000xm2 Wireless Noisecanceling Headphones (black Or Gold),Not applicable,Not applicable,Not applicable,Not applicable,Not applicable,Not specified,0.61 pounds,music audio travel office,http://redsky.target.com/v1/plp/search%25253Fkwr%25253Dy%252526count%25253D90%252526offset%25253D90%252526category%25253D556x9,Datafiniti electronics pricing (CC0),2026-08-05T06:07:04.985220+00:00,Headphones,Sony,348.0
10001988,Sony - WF 1000X True Wireless In-Ear Noise Canceling Headphones - Black,Not applicable,Not applicable,Not applicable,Not applicable,Not applicable,Not specified,0.15 pounds,music audio travel office,https://reviews.bestbuy.com/3545/6115440/reviews.htm%2525253Fformat%2525253Dembedded%25252526page%2525253D19,Datafiniti electronics pricing (CC0),2026-08-05T06:07:04.985220+00:00,Headphones,Sony,199.0
10001989,Sony - WH-CH700N Wireless Noise Canceling Over-the-Ear Headphones - Black,Not applicable,Not applicable,Not applicable,Not applicable,Not applicable,Not specified,0.53 pounds,music audio travel office,https://reviews.bestbuy.com/3545/6196203/reviews.htm%2525253Fformat%2525253Dembedded%25252526page%2525253D12,Datafiniti electronics pricing (CC0),2026-08-05T06:07:04.985220+00:00,Headphones,Sony,199.0
10001990,Sony MDR-1000X/C Wireless Bluetooth Noise Cancelling Hi-Fi Headphones (Certified Refurbished),Not applicable,Not applicable,Not applicable,Not applicable,Not applicable,Not specified,9.7 oz,music audio travel office,http://reviews.bestbuy.com/3545/5581066/reviews.htm%253Fformat%253Dembedded,Datafiniti electronics pricing (CC0),2026-08-05T06:07:04.985220+00:00,Headphones,Sony,339.0
10001991,Sony MDR-1A Headphone - Black (International Version U.S. warranty may not apply),Not applicable,Not applicable,Not applicable,Not applicable,Not applicable,Not specified,0.5 lb 8 ounces,music audio travel office,https://www.bhphotovideo.com/c/product/801562910-USE/sony_mdr1a_b_mdr_1a_premium_hi_res_stereo.html,Datafiniti electronics pricing (CC0),2026-08-05T06:07:04.985220+00:00,Headphones,Sony,224.96
10001992,WI-SP500 Wireless In-Ear Sports Headphones (Black),Not applicable,Not applicable,Not applicable,Not applicable,Not applicable,Not specified,0.63 oz,music audio travel office,https://www.bhphotovideo.com/c/product/1389399-REG/sony_wisp500_b_sp500_wirelss_in_ear_sports.html,Datafiniti electronics pricing (CC0),2026-08-05T06:07:04.985220+00:00,Headphones,Sony,79.0
10001993,XB550AP EXTRA BASS Headphones (Black),Not applicable,Not applicable,Not applicable,Not applicable,Not applicable,Not specified,15.2 ounces,music audio travel office,http://www.bestbuy.com/site/sony-xb550ap-extra-bass-on-ear-headphones-black/5748828.p%3FskuId%3D5748828,Datafiniti electronics pricing (CC0),2026-08-05T06:07:04.985220+00:00,Headphones,Sony,58.0
10001994,V-MODA - Crossfade LP2 Vocal Limited Edition Over-the-Ear Headphones - Matte Black,Not applicable,Not applicable,Not applicable,Not applicable,Not applicable,Not specified,1.5 pounds,music audio travel office,http://reviews.bestbuy.com/3545/2961241/reviews.htm%25253Fformat%25253Dembedded,Datafiniti electronics pricing (CC0),2026-08-05T06:07:04.985220+00:00,Headphones,V-MODA,139.99
10001995,Apple - iPad Air 2 Wi-Fi + Cellular 128GB - Gold,Not specified,Not specified,Not specified,Not specified,Not specified,Not specified,1.8 pounds,study creative portable media,https://reviews.bestbuy.com/3545/3786087/reviews.htm%2525253Fformat%2525253Dembedded%25252526page%2525253D60,Datafiniti electronics pricing (CC0),2026-08-05T06:07:04.985220+00:00,Tablets,Apple,529.99
10001996,Apple - iPad mini 4 Wi-Fi + Cellular 128GB - Sprint - Silver,Not specified,Not specified,Not specified,Not specified,Not specified,Not specified,10.72 ounces,study creative portable media,http://www.bestbuy.com/site/apple-ipad-mini-4-wi-fi-cellular-128gb-sprint-silver/5577420.p%253FskuId%253D5577420,Datafiniti electronics pricing (CC0),2026-08-05T06:07:04.985220+00:00,Tablets,Apple,509.0
10001997,Apple - Pre-Owned iPad 3 - 32GB - White,Not specified,Not specified,Not specified,Not specified,Not specified,Not specified,16.48 ounces,study creative portable media,http://www.bestbuy.com/site/apple-refurbished-ipad-3-32gb-white/5656252.p%2525253FskuId%2525253D5656252,Datafiniti electronics pricing (CC0),2026-08-05T06:07:04.985220+00:00,Tablets,Apple,374.99
10001998,Apple - Pre-Owned iPad 3 - 64GB - Black,Not specified,Not specified,Not specified,Not specified,Not specified,Not specified,16.48 ounces,study creative portable media,https://reviews.bestbuy.com/3545/5656310/reviews.htm%252525253Fformat%252525253Dembedded,Datafiniti electronics pricing (CC0),2026-08-05T06:07:04.985220+00:00,Tablets,Apple,274.99
10001999,Apple - Pre-Owned iPad mini 4 - 16GB - Space gray,Not specified,Not specified,Not specified,Not specified,Not specified,Not specified,16.48 ounces,study creative portable media,http://reviews.bestbuy.com/3545/5823055/reviews.htm%253Fformat%253Dembedded,Datafiniti electronics pricing (CC0),2026-08-05T06:07:04.985220+00:00,Tablets,Apple,314.99
10002000,Rand McNally 7 Connected Car Tablet Overdryve 7c,Not specified,Not specified,Not specified,Not specified,Not specified,Not specified,1.8 pounds,study creative portable media,https://www.amazon.com/Rand-McNally-Connected-Tablet-Overdryve/dp/B073HC1BTP/,Datafiniti electronics pricing (CC0),2026-08-05T06:07:04.985220+00:00,Tablets,Rand McNally,79.99
